timestamp,value,anomaly_score,DTW_similarity,label,S(t)_standard
2014-07-06 20:10:00,0.064534524,0.0,0.0553194,0.0,0.0
2014-07-06 20:15:00,0.064295318,0.0,0.166196,0.0,0.0
2014-07-06 20:20:00,0.063879838,0.0,0.319274,0.0,0.0
2014-07-06 20:25:00,0.065691833,0.0,0.527861,0.0,0.0
2014-07-06 20:35:00,0.056301242,0.0,0.775778,0.0,0.0
2014-07-06 20:40:00,0.067750636,0.0,1.04577,0.0,0.0
2014-07-06 20:45:00,0.0,0.0,1.34015,0.0,0.0
2014-07-06 20:55:00,0.065287908,0.0,1.66364,0.0,0.0
2014-07-06 21:00:00,0.063178539,0.0,2.00549,0.0,0.0
2014-07-06 21:05:00,0.0,0.0,1.85793,0.0,0.0
2014-07-06 21:10:00,0.0,0.0,1.67432,0.0,0.0
2014-07-06 21:15:00,0.0,0.0,1.61368,0.0,0.0
2014-07-07 16:15:00,0.065932076,0.0,1.40397,0.0,0.0
2014-07-07 16:20:00,0.068277308,0.0,1.3211,0.0,0.0
2014-07-07 16:25:00,0.0,0.0,1.41856,0.0,0.0
2014-07-07 16:35:00,0.062787234,0.0,1.48654,0.0,0.0
2014-07-07 16:40:00,0.066577566,0.0,1.5033,0.0,0.0
2014-07-07 16:45:00,0.077044715,0.0,1.61941,0.0,0.0
2014-07-07 16:50:00,0.075116301,0.0,1.31511,0.0,0.0
2014-07-07 16:55:00,0.07199654,0.0,1.42902,0.0,0.0
2014-07-07 17:00:00,0.0,0.0,1.29774,0.0,0.0
2014-07-07 17:05:00,0.0,0.0,1.34876,0.0,0.0
2014-07-07 17:25:00,0.061142873,0.0,1.46992,0.0,0.0
2014-07-07 17:30:00,0.0,0.0,1.34426,0.0,0.0
2014-07-07 17:35:00,0.04943192,0.0,1.5253,0.0,0.0
2014-07-07 17:45:00,0.071269501,0.0,1.68298,0.0,0.0
2014-07-07 17:50:00,0.064887449,0.0,1.85547,0.0,0.0
2014-07-07 17:55:00,0.079126387,0.0,1.73283,0.0,0.0
2014-07-07 18:00:00,0.079692364,0.0,1.51525,0.0,0.0
2014-07-07 18:05:00,0.064561804,0.0,1.78312,0.0,0.0
2014-07-07 18:10:00,0.076985488,0.0,1.78312,0.0,0.0
2014-07-07 18:15:00,0.071985259,0.0,1.78312,0.0,0.0
2014-07-07 18:20:00,0.066090552,0.0,1.78312,0.0,0.0
2014-07-07 18:25:00,0.064693249,0.0,1.78312,0.0,0.0
2014-07-07 18:30:00,0.064608783,0.0,1.78312,0.0,0.0
2014-07-07 18:35:00,0.067478103,0.0,1.78312,0.0,0.0
2014-07-07 18:40:00,0.069862932,0.0,1.78312,0.0,0.0
2014-07-07 18:45:00,0.06589513,0.0,1.78312,0.0,0.0
2014-07-07 18:50:00,0.065224467,0.0,1.78312,0.0,0.0
2014-07-07 18:55:00,0.058982897,0.0,1.78312,0.0,0.0
2014-07-07 19:00:00,0.0,0.0,1.78312,0.0,0.0
2014-07-07 19:30:00,0.0,0.0,1.78312,0.0,0.0
2014-07-07 20:10:00,0.0,0.0,1.78312,0.0,0.0
2014-07-07 20:15:00,0.075375982,0.0,1.78312,0.0,0.0
2014-07-07 20:20:00,0.068337687,0.0,1.78312,0.0,0.0
2014-07-07 20:25:00,0.077055882,0.0,1.78312,0.0,0.0
2014-07-07 20:30:00,0.085102868,0.0,1.78312,0.0,0.0
2014-07-07 20:35:00,0.074617078,0.0,1.78312,0.0,0.0
2014-07-07 20:40:00,0.073783769,0.0,1.78312,0.0,0.0
2014-07-07 20:45:00,0.067219689,0.0,1.78312,0.0,0.0
2014-07-07 20:50:00,0.082650582,0.0,1.78312,0.0,0.0
2014-07-07 20:55:00,0.071369655,0.0,1.78312,0.0,0.0
2014-07-07 21:00:00,0.074396641,0.0,1.78312,0.0,0.0
2014-07-07 21:05:00,0.11970953,0.0,1.78312,0.0,0.0
2014-07-07 21:10:00,0.067314457,0.0,1.78312,0.0,0.0
2014-07-07 21:15:00,0.072558182,0.0,1.78312,0.0,0.0
2014-07-07 21:20:00,0.067285087,0.0,1.78312,0.0,0.0
2014-07-07 21:25:00,0.070712037,0.0,1.78312,0.0,0.0
2014-07-07 21:30:00,0.064641756,0.0,1.78312,0.0,0.0
2014-07-07 21:35:00,0.073068096,0.0,1.78312,0.0,0.0
2014-07-07 21:40:00,0.070574748,0.0,1.78312,0.0,0.0
2014-07-07 21:45:00,0.066541138,0.0,1.78312,0.0,0.0
2014-07-07 21:50:00,0.070966409,0.0,1.78312,0.0,0.0
2014-07-07 21:55:00,0.072068935,0.0,1.78312,0.0,0.0
2014-07-07 22:00:00,0.068014095,0.0,1.78312,0.0,0.0
2014-07-07 22:05:00,0.069069546,0.0,1.78312,0.0,0.0
2014-07-07 22:10:00,0.066306158,0.0,1.78312,0.0,0.0
2014-07-07 22:15:00,0.071656362,0.0,1.78312,0.0,0.0
2014-07-07 22:20:00,0.070537682,0.0,1.78312,0.0,0.0
2014-07-07 22:25:00,0.069981819,0.0,1.78312,0.0,0.0
2014-07-07 22:30:00,0.063712692,0.0,1.78312,0.0,0.0
2014-07-07 22:35:00,0.075929066,0.0,1.78312,0.0,0.0
2014-07-07 22:40:00,0.068992963,0.0,1.78312,0.0,0.0
2014-07-07 22:45:00,0.073445647,0.0,1.78312,0.0,0.0
2014-07-07 22:50:00,0.07052242,0.0,1.7786,0.0,0.0
2014-07-07 22:55:00,0.226947951,0.0,1.77035,0.0,0.0
2014-07-07 23:00:00,0.0770232,0.0,1.76755,0.0,0.0
2014-07-07 23:05:00,0.072146928,0.0,1.77735,0.0,0.0
2014-07-07 23:10:00,0.070184442,0.0,1.76181,0.0,0.0
2014-07-07 23:15:00,0.071785589,0.0,1.7232,0.0,0.0
2014-07-07 23:20:00,0.071434908,0.0,1.6892,0.0,0.0
2014-07-07 23:25:00,0.065622919,0.0,1.66404,0.0,0.0
2014-07-07 23:30:00,0.081242128,0.0,2.05681,0.0,0.0
2014-07-07 23:35:00,0.093692864,0.0,1.94706,0.0,0.0
2014-07-07 23:40:00,0.090847328,0.0,1.78007,0.0,0.0
2014-07-07 23:45:00,0.086801539,0.0,1.495,0.0,0.0
2014-07-07 23:50:00,0.072789827,0.0,1.10445,0.0,0.0
2014-07-07 23:55:00,0.075273923,0.0,1.16479,0.0,0.0
2014-07-08 00:00:00,0.0,0.0,1.2176,0.0,0.0
2014-07-08 00:05:00,0.074694667,0.0,1.1962,0.0,0.0
2014-07-08 00:10:00,0.070129173,0.0,0.981354,0.0,0.0
2014-07-08 00:20:00,0.080410458,0.0,1.21813,0.0,0.0
2014-07-08 00:25:00,0.067807492,0.0,1.39274,0.0,0.0
2014-07-08 00:30:00,0.081913164,0.0,1.69563,0.0,0.0
2014-07-08 00:35:00,0.0,0.0,1.83088,0.0,0.0
2014-07-08 00:40:00,0.112033203,0.0,1.95856,0.0,0.0
2014-07-08 00:45:00,0.089263947,0.0,1.84754,0.0,0.0
2014-07-08 00:50:00,0.071310352,0.0,1.88462,0.0,0.0
2014-07-08 00:55:00,0.073491377,0.0,1.5846,0.0,0.0
2014-07-08 01:00:00,0.062912334,0.0,1.54699,0.0,0.0
2014-07-08 01:05:00,0.060903851,0.0,1.40095,0.0,0.0
2014-07-08 01:10:00,0.055824222,0.0,1.64036,0.0,0.0
2014-07-08 01:15:00,0.062922219,0.0,1.90014,0.0,0.0
2014-07-08 01:20:00,0.077225626,0.0,1.73256,0.0,0.0
2014-07-08 01:25:00,0.083142297,0.0,1.63471,0.0,0.0
2014-07-08 01:30:00,0.078444249,0.0,1.85221,0.0,0.0
2014-07-08 01:35:00,0.070287943,0.0,1.47357,0.0,0.0
2014-07-08 01:40:00,0.067850363,0.0,0.785955,0.0,0.0
2014-07-08 16:20:00,0.066507083,0.0,0.991538,0.0,0.0
2014-07-08 16:25:00,0.072771192,0.0,1.21649,0.0,0.0
2014-07-08 16:30:00,0.058495297,0.0,1.2849,0.0,0.0
2014-07-08 16:35:00,0.057057806,0.0,1.42886,0.0,0.0
2014-07-08 16:40:00,0.058605791,0.0,1.49146,0.0,0.0
2014-07-08 16:45:00,0.058052596,0.0,1.40886,0.0,0.0
2014-07-08 16:50:00,0.051507674,0.0,1.24986,0.0,0.0
2014-07-08 17:00:00,0.0,0.0,1.33314,0.0,0.0
2014-07-08 17:05:00,0.0,0.0,1.59541,0.0,0.0
2014-07-08 17:20:00,0.069990465,0.0,1.70308,0.0,0.0
2014-07-08 17:25:00,0.081846427,0.0,1.8882,0.0,0.0
2014-07-08 17:30:00,0.068840886,0.0,1.90287,0.0,0.0
2014-07-08 17:35:00,0.065170985,0.0,1.91462,0.0,0.0
2014-07-08 17:40:00,0.0,0.0,2.05071,0.0,0.0
2014-07-08 17:50:00,0.074625214,0.0,2.24183,0.0,0.0
2014-07-08 17:55:00,0.068300284,0.0,2.29126,0.0,0.0
2014-07-08 18:00:00,0.065351057,0.0,2.32897,0.0,0.0
2014-07-08 18:05:00,0.068766445,0.0,2.79781,0.0,0.0
2014-07-08 18:10:00,0.065444042,0.0,2.2201,0.0,0.0
2014-07-08 18:15:00,0.073886382,0.0,2.46207,0.0,0.0
2014-07-08 18:20:00,0.072648136,0.0,2.62916,0.0,0.0
2014-07-08 18:25:00,0.070162658,0.0,4.33719,0.0,0.0
2014-07-08 18:30:00,0.078440291,0.0,4.38571,0.0,0.0
2014-07-08 18:35:00,0.080437172,0.0,3.89831,0.0,0.0
2014-07-08 18:40:00,0.074335158,0.0,3.54692,0.0,0.0
2014-07-08 18:45:00,0.070396356,0.0,2.69509,0.0,0.0
2014-07-08 18:50:00,0.068971142,0.0,2.84712,0.0,0.0
2014-07-08 18:55:00,0.06825881,0.0,2.36208,0.0,0.0
2014-07-08 19:00:00,0.072411754,0.0,1.87663,0.0,0.0
2014-07-08 19:05:00,0.0,0.0,1.61441,0.0,0.0
2014-07-08 19:10:00,0.083314965,0.0,2.53512,0.0,0.0
2014-07-08 19:15:00,0.0,0.0,2.68879,0.0,0.0
2014-07-08 19:25:00,0.0,0.0,2.33697,0.0,0.0
2014-07-08 19:35:00,0.072654561,0.0,3.58794,0.0,0.0
2014-07-08 19:40:00,0.070770578,0.0,2.48272,0.0,0.0
2014-07-08 19:45:00,0.06535992,0.0,2.32019,0.0,0.0
2014-07-08 19:50:00,0.065162167,0.0,2.14768,0.0,0.0
2014-07-08 19:55:00,0.072056066,0.0,1.88159,0.0,0.0
2014-07-08 20:00:00,0.085815709,0.0,1.54215,0.0,0.0
2014-07-08 20:05:00,0.101067175,0.0,1.23712,0.0,0.0
2014-07-08 20:10:00,0.102269133,0.0,1.01898,0.0,0.0
2014-07-08 20:20:00,0.07337235,0.0,0.873128,0.0,0.0
2014-07-08 20:25:00,0.086461415,0.0,1.01603,0.0,0.0
2014-07-08 20:40:00,0.122939428,0.0,1.23632,0.0,0.0
2014-07-08 21:05:00,0.648676709,0.0,1.51657,0.0,0.0
2014-07-08 21:10:00,0.085586475,0.0,2.31094,0.0,0.0
2014-07-08 21:15:00,0.070694787,0.0,2.16855,0.0,0.0
2014-07-08 21:20:00,0.095611246,0.0,2.28759,0.0,0.0
2014-07-08 21:55:00,0.0,0.0,2.23296,0.0,0.0
2014-07-08 22:00:00,0.069631781,0.0,2.41361,0.0,0.0
2014-07-08 22:05:00,0.0,0.0,2.81869,0.0,0.0
2014-07-08 22:15:00,0.065337805,0.0,2.14753,0.0,0.0
2014-07-08 22:20:00,0.069423449,0.0,1.76577,0.0,0.0
2014-07-08 22:25:00,0.089264929,0.0,1.49101,0.0,0.0
2014-07-08 22:30:00,0.066457554,0.0,1.53215,0.0,0.0
2014-07-08 22:35:00,0.0,0.0,1.29391,0.0,0.0
2014-07-08 22:40:00,0.0,0.0,0.964892,0.0,0.0
2014-07-08 22:50:00,0.072760044,0.0,0.873,0.0,0.0
2014-07-08 22:55:00,0.077930063,0.0,1.13745,0.0,0.0
2014-07-08 23:00:00,0.080898616,0.0,1.4441,0.0,0.0
2014-07-08 23:05:00,0.0901801,0.0,1.71997,0.0,0.0
2014-07-08 23:10:00,0.096584395,0.0,2.11338,0.0,0.0
2014-07-08 23:15:00,0.0,0.0,2.08303,0.0,0.0
2014-07-08 23:20:00,0.0,0.0,2.20589,0.0,0.0
2014-07-08 23:25:00,0.073069589,0.0,2.27849,0.0,0.0
2014-07-08 23:30:00,0.075268311,0.0,2.39547,0.0,0.0
2014-07-08 23:35:00,0.080200333,0.0,2.32425,0.0,0.0
2014-07-08 23:40:00,0.081870055,0.0,2.23111,0.0,0.0
2014-07-08 23:45:00,0.066538187,0.0,2.34157,0.0,0.0
2014-07-08 23:50:00,0.06486616,0.0,3.69577,0.0,0.0
2014-07-09 16:20:00,0.078202243,0.0,3.40935,0.0,0.0
2014-07-09 16:25:00,0.08467332,0.0,3.37234,0.0,0.0
2014-07-09 16:30:00,0.077211048,0.0,3.71658,0.0,0.0
2014-07-09 16:35:00,0.072798011,0.0,3.45075,0.0,0.0
2014-07-09 16:40:00,0.061893388,0.0,3.15907,0.0,0.0
2014-07-09 16:45:00,0.084999126,0.0,2.19282,0.0,0.0
2014-07-09 16:50:00,0.060609814,0.0,2.00116,0.0,0.0
2014-07-09 16:55:00,0.058301397,0.0,1.10692,0.0,0.0
2014-07-09 17:00:00,0.068059045,0.0,1.15874,0.0,0.0
2014-07-09 17:05:00,0.0,0.0,1.31545,0.0,0.0
2014-07-09 17:15:00,0.065335788,0.0,1.38254,0.0,0.0
2014-07-09 17:20:00,0.065223283,0.0,1.43084,0.0,0.0
2014-07-09 17:25:00,0.066603504,0.0,1.59088,0.0,0.0
2014-07-09 17:30:00,0.064493822,0.0,1.70905,0.0,0.0
2014-07-09 17:35:00,0.063759473,0.0,1.62446,0.0,0.0
2014-07-09 17:40:00,0.0,0.0,1.42035,0.0,0.0
2014-07-09 17:45:00,0.078130967,0.0,1.35649,0.0,0.0
2014-07-09 17:50:00,0.065035345,0.0,1.44096,0.0,0.0
2014-07-09 17:55:00,0.073287948,0.0,1.49725,0.0,0.0
2014-07-09 18:00:00,0.078835874,0.0,1.50283,0.0,0.0
2014-07-09 18:05:00,0.061821222,0.0,1.26864,0.0,0.0
2014-07-09 18:10:00,0.058587455,0.0,1.22031,0.0,0.0
2014-07-09 18:15:00,0.072103732,0.0,1.4422,0.0,0.0
2014-07-09 18:20:00,0.06053375,0.0,1.59916,0.0,0.0
2014-07-09 18:25:00,0.07560126,0.0,1.49631,0.0,0.0
2014-07-09 18:30:00,0.066407159,0.0,1.20603,0.0,0.0
2014-07-09 18:35:00,0.066940445,0.0,1.23526,0.0,0.0
2014-07-09 18:40:00,0.067622642,0.0,1.01538,0.0,0.0
2014-07-09 18:45:00,0.06494316,0.0,0.911292,0.0,0.0
2014-07-09 18:50:00,0.07410472,0.0,0.713882,0.0,0.0
2014-07-09 18:55:00,0.0,0.0,0.633038,0.0,0.0
2014-07-09 19:25:00,0.0,0.0,0.630213,0.0,0.0
2014-07-09 19:45:00,0.076853483,0.0,0.756526,0.0,0.0
2014-07-09 19:50:00,0.075200748,0.0,0.787492,0.0,0.0
2014-07-09 19:55:00,0.072262396,0.0,0.729216,0.0,0.0
2014-07-09 20:00:00,0.072677156,0.0,0.587034,0.0,0.0
2014-07-09 20:05:00,0.0,0.0,0.591219,0.0,0.0
2014-07-09 20:10:00,0.074125749,0.0,0.523503,0.0,0.0
2014-07-09 20:15:00,0.071203032,0.0,0.513444,0.0,0.0
2014-07-09 20:20:00,0.076607068,0.0,0.489529,0.0,0.0
2014-07-09 20:25:00,0.0,0.0,0.608104,0.0,0.0
2014-07-09 20:30:00,0.0,0.0,0.80882,0.0,0.0
2014-07-09 20:40:00,0.072540702,0.0,1.03525,0.0,0.0
2014-07-09 20:45:00,0.0,0.0,1.39679,0.0,0.0
2014-07-09 20:50:00,0.0,0.0,1.43359,0.0,0.0
2014-07-09 21:00:00,0.072589764,0.0,1.49436,0.0,0.0
2014-07-09 21:05:00,0.073043263,0.0,1.62499,0.0,0.0
2014-07-09 21:10:00,0.071478658,0.0,1.73544,0.0,0.0
2014-07-09 21:15:00,0.06925759,0.0,1.73656,0.0,0.0
2014-07-09 21:20:00,0.074117643,0.0,1.55678,0.0,0.0
2014-07-09 21:25:00,0.083657749,0.0,1.51495,0.0,0.0
2014-07-09 21:30:00,0.100010991,0.0,1.45028,0.0,0.0
2014-07-09 21:35:00,0.081676399,0.0,1.40925,0.0,0.0
2014-07-09 21:40:00,0.06905876,0.0,1.58535,0.0,0.0
2014-07-09 21:45:00,0.076641826,0.0,1.71546,0.0,0.0
2014-07-09 21:50:00,0.065264078,0.0,1.7568,0.0,0.0
2014-07-09 21:55:00,0.061516019,0.0,1.60431,0.0,0.0
2014-07-09 22:00:00,0.064245564,0.0,1.73445,0.0,0.0
2014-07-09 22:05:00,0.067416084,0.0,1.64688,0.0,0.0
2014-07-09 22:10:00,0.065174883,0.0,1.49449,0.0,0.0
2014-07-09 22:15:00,0.063981892,0.0,1.24218,0.0,0.0
2014-07-09 22:20:00,0.070781631,0.0,1.1119,0.0,0.0
2014-07-09 22:25:00,0.07091886,0.0,1.03118,0.0,0.0
2014-07-09 22:30:00,0.072767741,0.0,1.08911,0.0,0.0
2014-07-09 22:35:00,0.066281284,0.0,1.36937,0.0,0.0
2014-07-09 22:40:00,0.068282272,0.0,1.40968,0.0,0.0
2014-07-09 22:45:00,0.072731916,0.0,1.59348,0.0,0.0
2014-07-09 22:50:00,0.531583598,0.0,1.69498,0.0,0.0
2014-07-09 22:55:00,0.0,0.0,1.83337,0.0,0.0
2014-07-10 20:05:00,0.0675856,0.0,1.52661,0.0,0.0
2014-07-10 20:10:00,0.069346799,0.0,1.07093,0.0,0.0
2014-07-10 20:15:00,0.069808377,0.0,1.2263,0.0,0.0
2014-07-10 20:20:00,0.064024417,0.0,1.14512,0.0,0.0
2014-07-10 20:25:00,0.059894006,0.0,1.4363,0.0,0.0
2014-07-10 20:30:00,0.0,0.0,1.7601,0.0,0.0
2014-07-10 20:35:00,0.052889268,0.0,1.71396,0.0,0.0
2014-07-10 20:40:00,0.069996505,0.0,1.92926,0.0,0.0
2014-07-10 20:45:00,0.090819702,0.0,1.95147,0.0,0.0
2014-07-10 20:50:00,0.092357278,0.0,1.9496,0.0,0.0
2014-07-10 20:55:00,0.073224392,0.0,1.86041,0.0,0.0
2014-07-10 21:00:00,0.074288471,0.0,1.75302,0.0,0.0
2014-07-10 21:05:00,0.080144506,0.0,1.81702,0.0,0.0
2014-07-10 21:10:00,0.096451795,0.0,2.03833,0.0,0.0
2014-07-10 21:15:00,0.082496673,0.0,2.34117,0.0,0.0
2014-07-10 21:20:00,0.06315431,0.0,2.88243,0.0,0.0
2014-07-10 21:25:00,0.062846261,0.0,2.67423,0.0,0.0
2014-07-10 21:30:00,0.067098234,0.0,2.43168,0.0,0.0
2014-07-10 21:35:00,0.070040669,0.0,2.86657,0.0,0.0
2014-07-10 21:40:00,0.151596686,0.0,2.98599,0.0,0.0
2014-07-10 21:45:00,0.075223056,0.0,2.83466,0.0,0.0
2014-07-10 21:50:00,0.07014687,0.0,2.43413,0.0,0.0
2014-07-10 21:55:00,0.06984607,0.0,2.0279,0.0,0.0
2014-07-10 22:00:00,0.0,0.0,1.6483,0.0,0.0
2014-07-10 22:05:00,0.067074281,0.0,1.53951,0.0,0.0
2014-07-10 22:10:00,0.069360377,0.0,1.62354,0.0,0.0
2014-07-10 22:15:00,0.06914248,0.0,1.67417,0.0,0.0
2014-07-10 22:20:00,0.070213866,0.0,1.74119,0.0,0.0
2014-07-10 22:25:00,0.076050628,0.0,1.86616,0.0,0.0
2014-07-10 22:30:00,0.086771271,0.0,1.70009,0.0,0.0
2014-07-10 22:35:00,0.072209089,0.0,1.60569,0.0,0.0
2014-07-10 22:45:00,0.063050624,0.0,1.12884,0.0,0.0
2014-07-10 22:50:00,0.073276401,0.0,1.18479,0.0,0.0
2014-07-10 22:55:00,0.07553544,0.0,1.0708,0.0,0.0
2014-07-10 23:00:00,0.071689969,0.0,1.3308,0.0,0.0
2014-07-10 23:05:00,0.070439837,0.0,1.57545,0.0,0.0
2014-07-10 23:10:00,0.063566086,0.0,1.65527,0.0,0.0
2014-07-10 23:15:00,0.059849366,0.0,1.83319,0.0,0.0
2014-07-10 23:20:00,0.061594495,0.0,1.68298,0.0,0.0
2014-07-10 23:25:00,0.066851831,0.0,1.85547,0.0,0.0
2014-07-10 23:30:00,0.062975055,0.0,1.73283,0.0,0.0
2014-07-10 23:35:00,0.064608037,0.0,1.51525,0.0,0.0
2014-07-10 23:40:00,0.061033292,0.0,1.78312,0.0,0.0
2014-07-10 23:45:00,0.063397739,0.0,1.78312,0.0,0.0
2014-07-10 23:50:00,0.059772211,0.0,1.78312,0.0,0.0
2014-07-10 23:55:00,0.068874465,0.0,1.78312,0.0,0.0
2014-07-11 00:00:00,0.082920038,0.0,1.78312,0.0,0.0
2014-07-11 00:05:00,0.085849524,0.0,1.78312,0.0,0.0
2014-07-11 00:10:00,0.0,0.0,1.78312,0.0,0.0
2014-07-11 00:15:00,0.0,0.0,1.78312,0.0,0.0
2014-07-11 00:35:00,0.117173433,0.0,1.78312,0.0,0.0
2014-07-11 00:40:00,0.05802717,0.0,1.78312,0.0,0.0
2014-07-11 00:45:00,0.0,0.0,1.78312,0.0,0.0
2014-07-11 01:20:00,0.0,0.0,1.78312,0.0,0.0
2014-07-11 01:30:00,0.110067689,0.0,1.78312,0.0,0.0
2014-07-11 01:35:00,0.113982558,0.0,1.78312,0.0,0.0
2014-07-11 01:40:00,0.0,0.0,1.78312,0.0,0.0
2014-07-11 01:45:00,0.0,0.0,1.78312,0.0,0.0
2014-07-11 01:50:00,0.0,0.0,1.78312,0.0,0.0
2014-07-11 01:55:00,0.0,0.0,1.78312,0.0,0.0
2014-07-11 02:00:00,0.0,0.0,1.78312,0.0,0.0
2014-07-11 02:05:00,0.0,0.0,1.78312,0.0,0.0
2014-07-11 02:10:00,0.0,0.0,1.78312,0.0,0.0
2014-07-11 02:15:00,0.0,0.0,1.78312,0.0,0.0
2014-07-11 02:20:00,0.0,0.0,1.78312,0.0,0.0
2014-07-11 02:25:00,0.0,0.0,1.78312,0.0,0.0
2014-07-11 02:30:00,0.0,0.0,1.78312,0.0,0.0
2014-07-11 02:35:00,0.0,0.0,1.78312,0.0,0.0
2014-07-11 02:40:00,0.0,0.0,1.78312,0.0,0.0
2014-07-11 02:45:00,0.0,0.0,1.78312,0.0,0.0
2014-07-11 02:50:00,0.0,0.0,1.78312,0.0,0.0
2014-07-11 02:55:00,0.0,0.0,1.78312,0.0,0.0
2014-07-11 03:00:00,0.0,0.0,1.78312,0.0,0.0
2014-07-11 03:05:00,0.0,0.0,1.78312,0.0,0.0
2014-07-11 03:10:00,0.0,0.0,1.78312,0.0,0.0
2014-07-11 03:15:00,0.0,0.0,1.78312,0.0,0.0
2014-07-11 03:20:00,0.0,0.0,1.78312,0.0,0.0
2014-07-11 03:25:00,0.0,0.0,1.78312,0.0,0.0
2014-07-11 03:35:00,0.0,0.0,1.78312,0.0,0.0
2014-07-11 03:40:00,0.0,0.0,1.78312,0.0,0.0
2014-07-11 03:45:00,0.0,0.0,1.78312,0.0,0.0
2014-07-11 03:50:00,0.0,0.0,1.78312,0.0,0.0
2014-07-11 07:30:00,0.03192997,0.0,1.78312,0.0,0.0
2014-07-11 07:35:00,0.0,0.0,1.78312,0.0,0.0
2014-07-11 07:40:00,0.0,0.0,1.78312,0.0,0.0
2014-07-11 07:45:00,0.0,0.0,1.78312,0.0,0.0
2014-07-11 07:50:00,0.0,0.0,1.78312,0.0,0.0
2014-07-11 07:55:00,0.0,0.0,1.78312,0.0,0.0
2014-07-11 08:00:00,0.0,0.0,1.78312,0.0,0.0
2014-07-11 08:05:00,0.0,0.0,1.78312,0.0,0.0
2014-07-11 08:10:00,0.0,0.0,1.78312,0.0,0.0
2014-07-11 08:15:00,0.0,0.0,1.78312,0.0,0.0
2014-07-11 08:20:00,0.0,0.0,1.78312,0.0,0.0
2014-07-11 08:25:00,0.0,0.0,1.78312,0.0,0.0
2014-07-11 08:35:00,0.0,0.0,1.78312,0.0,0.0
2014-07-11 08:40:00,0.0,0.0,1.78312,0.0,0.0
2014-07-11 08:45:00,0.0,0.0,1.78312,0.0,0.0
2014-07-11 08:50:00,0.0,0.0,1.78312,0.0,0.0
2014-07-11 08:55:00,0.0,0.0,1.78312,0.0,0.0
2014-07-11 09:00:00,0.0,0.0,1.78312,0.0,0.0
2014-07-11 09:05:00,0.0,0.0,1.78312,0.0,0.0
2014-07-11 09:10:00,0.0,0.0,1.78312,0.0,0.0
2014-07-11 09:15:00,0.0,0.0,1.78312,0.0,0.0
2014-07-11 09:20:00,0.0,0.0,1.78051,0.0,0.0
2014-07-11 09:25:00,0.0,0.0,1.78338,0.0,0.0
2014-07-11 09:30:00,0.0,0.0,1.76314,0.0,0.0
2014-07-11 09:35:00,0.0,0.0,1.72052,0.0,0.0
2014-07-11 09:40:00,0.0,0.0,1.71276,0.0,0.0
2014-07-11 09:45:00,0.0,0.0,1.76283,0.0,0.0
2014-07-11 09:50:00,0.0,0.0,2.70698,0.0,0.0
2014-07-11 09:55:00,0.0,0.0,2.42213,0.0,0.0
2014-07-11 10:00:00,0.0,0.0,2.19141,0.0,0.0
2014-07-11 10:05:00,0.0,0.0,2.89558,0.0,0.0
2014-07-11 10:10:00,0.0,0.0,2.16277,0.0,0.0
2014-07-11 10:15:00,0.0,0.0,2.63538,0.0,0.0
2014-07-11 10:20:00,0.0,0.0,3.13301,0.0,0.0
2014-07-11 10:30:00,0.0,0.0,3.06044,0.0,0.0
2014-07-11 10:35:00,0.0,0.0,2.72076,0.0,0.0
2014-07-11 10:40:00,0.0,0.0,3.17954,0.0,0.0
2014-07-11 10:45:00,0.0,0.0,3.3875,0.0,0.0
2014-07-11 10:50:00,0.0,0.0,3.01727,0.0,0.0
2014-07-11 10:55:00,0.0,0.0,2.63642,0.0,0.0
2014-07-11 11:00:00,0.0,0.0,2.00815,0.0,0.0
2014-07-11 11:05:00,0.0,0.0,1.58191,0.0,0.0
2014-07-11 11:10:00,0.0,0.0,1.48752,0.0,0.0
2014-07-11 11:15:00,0.0,0.0,1.6402,0.0,0.0
2014-07-11 11:20:00,0.0,0.0,1.60248,0.0,0.0
2014-07-11 11:25:00,0.0,0.0,1.85522,0.0,0.0
2014-07-11 11:30:00,0.0,0.0,1.81433,0.0,0.0
2014-07-11 11:35:00,0.0,0.0,1.87923,0.0,0.0
2014-07-11 11:40:00,0.0,0.0,1.60854,0.0,0.0
2014-07-11 11:45:00,0.0,0.0,1.21917,0.0,0.0
2014-07-11 11:50:00,0.0,0.0,1.2263,0.0,0.0
2014-07-11 11:55:00,0.0,0.0,1.14512,0.0,0.0
2014-07-11 12:00:00,0.0,0.0,1.4363,0.0,0.0
2014-07-11 12:05:00,0.0,0.0,1.7601,0.0,0.0
2014-07-11 12:10:00,0.0,0.0,1.71396,0.0,0.0
2014-07-11 12:15:00,0.0,0.0,1.92926,0.0,0.0
2014-07-11 12:20:00,0.0,0.0,1.95147,0.0,0.0
2014-07-11 12:25:00,0.0,0.0,1.9496,0.0,0.0
2014-07-11 12:30:00,0.0,0.0,1.86041,0.0,0.0
2014-07-11 12:35:00,0.0,0.0,1.75302,0.0,0.0
2014-07-11 12:45:00,0.0,0.0,1.81702,0.0,0.0
2014-07-11 12:50:00,0.0,0.0,2.03833,0.0,0.0
2014-07-11 12:55:00,0.0,0.0,2.34117,0.0,0.0
2014-07-11 13:00:00,0.0,0.0,2.88243,0.0,0.0
2014-07-11 13:05:00,0.0,0.0,2.67423,0.0,0.0
2014-07-11 13:10:00,0.0,0.0,2.43168,0.0,0.0
2014-07-11 13:15:00,0.0,0.0,2.86657,0.0,0.0
2014-07-11 13:20:00,0.0,0.0,2.98599,0.0,0.0
2014-07-11 13:25:00,0.0,0.0,2.83466,0.0,0.0
2014-07-11 13:30:00,0.0,0.0,2.43413,0.0,0.0
2014-07-11 13:35:00,0.0,0.0,2.0279,0.0,0.0
2014-07-11 13:40:00,0.0,0.0,1.6483,0.0,0.0
2014-07-11 13:45:00,0.0,0.0,1.53951,0.0,0.0
2014-07-11 13:50:00,0.0,0.0,1.62354,0.0,0.0
2014-07-11 13:55:00,0.0,0.0,1.67417,0.0,0.0
2014-07-11 14:00:00,0.0,0.0,1.74119,0.0,0.0
2014-07-11 14:05:00,0.0,0.0,1.86616,0.0,0.0
2014-07-11 14:10:00,0.0,0.0,1.70009,0.0,0.0
2014-07-11 14:15:00,0.0,0.0,1.60569,0.0,0.0
2014-07-11 14:20:00,0.0,0.0,1.12884,0.0,0.0
2014-07-11 14:25:00,0.0,0.0,1.18479,0.0,0.0
2014-07-11 14:30:00,0.0,0.0,1.0708,0.0,0.0
2014-07-11 14:35:00,0.0,0.0,1.3308,0.0,0.0
2014-07-11 14:45:00,0.0,0.0,1.57545,0.0,0.0
2014-07-11 14:50:00,0.0,0.0,1.65527,0.0,0.0
2014-07-11 14:55:00,0.0,0.0,1.83319,0.0,0.0
2014-07-11 15:00:00,0.0,0.0,1.68298,0.0,0.0
2014-07-11 15:05:00,0.0,0.0,1.85547,0.0,0.0
2014-07-11 15:10:00,0.0,0.0,1.73283,0.0,0.0
2014-07-11 15:15:00,0.0,0.0,1.51525,0.0,0.0
2014-07-11 15:20:00,0.0,0.0,1.78312,0.0,0.0
2014-07-11 16:10:00,0.09863162,0.0,1.78312,0.0,0.0
2014-07-11 16:15:00,0.08272386,0.0,1.78312,0.0,0.0
2014-07-11 16:20:00,0.085230736,0.0,1.78312,0.0,0.0
2014-07-11 16:25:00,0.06826363,0.0,1.78312,0.0,0.0
2014-07-11 16:30:00,0.082736923,0.0,1.78312,0.0,0.0
2014-07-11 16:35:00,0.073087134,0.0,1.78312,0.0,0.0
2014-07-11 16:40:00,0.06398754,0.0,1.78312,0.0,0.0
2014-07-11 16:45:00,0.075739592,0.0,1.78312,0.0,0.0
2014-07-11 16:50:00,0.06987537,0.0,1.78312,0.0,0.0
2014-07-11 16:55:00,0.069682799,0.0,1.78312,0.0,0.0
2014-07-11 17:00:00,0.073080403,0.0,1.78312,0.0,0.0
2014-07-11 17:05:00,0.0,0.0,1.78312,0.0,0.0
2014-07-11 17:15:00,0.894877604,0.0,1.78312,0.0,0.0
2014-07-11 17:20:00,0.089343013,0.0,1.78312,0.0,0.0
2014-07-11 17:25:00,0.065345519,0.0,1.78312,0.0,0.0
2014-07-11 17:30:00,0.067827237,0.0,1.78312,0.0,0.0
2014-07-11 17:35:00,0.0,0.0,1.78312,0.0,0.0
2014-07-11 18:10:00,0.075923366,0.0,1.78312,0.0,0.0
2014-07-11 18:15:00,0.063932613,0.0,1.78312,0.0,0.0
2014-07-11 18:20:00,0.089588782,0.0,1.78312,0.0,0.0
2014-07-11 18:25:00,0.085891063,0.0,1.78312,0.0,0.0
2014-07-11 18:30:00,0.067534644,0.0,1.78312,0.0,0.0
2014-07-11 18:35:00,0.070183776,0.0,1.78312,0.0,0.0
2014-07-11 18:40:00,0.069429169,0.0,1.78312,0.0,0.0
2014-07-11 18:45:00,0.073223894,0.0,1.78312,0.0,0.0
2014-07-11 18:50:00,0.066217605,0.0,1.78312,0.0,0.0
2014-07-11 18:55:00,0.062421981,0.0,1.78312,0.0,0.0
2014-07-11 19:00:00,0.07063684,0.0,1.78312,0.0,0.0
2014-07-11 19:05:00,0.068916717,0.0,1.78312,0.0,0.0
2014-07-11 19:10:00,0.064045422,0.0,1.78312,0.0,0.0
2014-07-11 19:15:00,0.06963963,0.0,1.82184,0.0,0.0
2014-07-11 19:20:00,0.070939419,0.0,1.86603,0.0,0.0
2014-07-11 19:25:00,0.069709579,0.0,1.95712,0.0,0.0
2014-07-11 19:30:00,0.068598365,0.0,2.31647,0.0,0.0
2014-07-11 19:35:00,0.0,0.0,2.32409,0.0,0.0
2014-07-11 20:10:00,0.0,0.0,2.38632,0.0,0.0
2014-07-11 20:20:00,0.063635359,0.0,2.62993,0.0,0.0
2014-07-11 20:25:00,0.06422909,0.0,2.67192,0.0,0.0
2014-07-11 20:30:00,0.070774645,0.0,3.21921,0.0,0.0
2014-07-11 20:35:00,0.068035847,0.0,2.85959,0.0,0.0
2014-07-11 20:40:00,0.071887277,0.0,2.85451,0.0,0.0
2014-07-11 20:45:00,0.066371174,0.0,3.01834,0.0,0.0
2014-07-11 20:50:00,0.073693152,0.0,3.19147,0.0,0.0
2014-07-11 20:55:00,0.074337182,0.0,3.26475,0.0,0.0
2014-07-11 21:00:00,0.081452785,0.0,3.28845,0.0,0.0
2014-07-11 21:05:00,0.080226873,0.0,3.41505,0.0,0.0
2014-07-11 21:10:00,0.075866301,0.0,3.33689,0.0,0.0
2014-07-11 21:15:00,0.082649088,0.0,3.39803,0.0,0.0
2014-07-11 21:20:00,0.067151591,0.0,3.28248,0.0,0.0
2014-07-11 21:25:00,0.071230778,0.0,2.47636,0.0,0.0
2014-07-11 21:30:00,0.064547304,0.0,1.91565,0.0,0.0
2014-07-11 21:35:00,0.058622577,0.0,1.62218,0.0,0.0
2014-07-11 21:40:00,0.061547311,0.0,1.37671,0.0,0.0
2014-07-11 21:45:00,0.062709794,0.0,1.49626,0.0,0.0
2014-07-11 21:50:00,0.076483583,0.0,1.72089,0.0,0.0
2014-07-11 21:55:00,0.066729108,0.0,1.72718,0.0,0.0
2014-07-11 22:00:00,0.070420094,0.0,1.87807,0.0,0.0
2014-07-11 22:05:00,0.087912241,0.0,1.66631,0.0,0.0
2014-07-11 22:10:00,0.0,0.0,1.40922,0.0,0.0
2014-07-11 22:15:00,0.065736168,0.0,1.22979,0.0,0.0
2014-07-11 22:20:00,0.070528229,0.0,0.964198,0.0,0.0
2014-07-11 22:25:00,0.071410126,0.0,1.26634,0.0,0.0
2014-07-11 22:30:00,0.0,0.0,1.46964,0.0,0.0
2014-07-11 22:35:00,0.071144378,0.0,1.59962,0.0,0.0
2014-07-11 22:40:00,0.071581309,0.0,1.969,0.0,0.0
2014-07-11 22:45:00,0.081845461,0.0,1.88239,0.0,0.0
2014-07-11 22:50:00,0.077930015,0.0,1.9987,0.0,0.0
2014-07-11 22:55:00,0.077977317,0.0,1.98636,0.0,0.0
2014-07-11 23:00:00,0.086169364,0.0,1.89012,0.0,0.0
2014-07-11 23:05:00,0.083144763,0.0,1.85663,0.0,0.0
2014-07-11 23:10:00,0.058807518,0.0,1.96055,0.0,0.0
2014-07-11 23:15:00,0.082003931,0.0,2.25103,0.0,0.0
2014-07-11 23:20:00,0.078386908,0.0,2.72101,0.0,0.0
2014-07-11 23:25:00,0.072364739,0.0,2.76154,0.0,0.0
2014-07-11 23:30:00,0.075285607,0.0,2.80743,0.0,0.0
2014-07-11 23:35:00,0.076338906,0.0,2.70651,0.0,0.0
2014-07-11 23:40:00,0.069559493,0.0,2.53166,0.0,0.0
2014-07-11 23:45:00,0.079055729,0.0,2.90964,0.0,0.0
2014-07-11 23:50:00,0.064776535,0.0,2.72092,0.0,0.0
2014-07-11 23:55:00,0.0,0.0,2.07779,0.0,0.0
2014-07-12 00:00:00,0.065120301,0.0,1.59327,0.0,0.0
2014-07-12 00:05:00,0.081144121,0.0,1.63195,0.0,0.0
2014-07-12 00:10:00,0.069493738,0.0,1.4563,0.0,0.0
2014-07-12 00:15:00,0.07132172,0.0,1.68896,0.0,0.0
2014-07-12 00:20:00,0.081749101,0.0,1.76362,0.0,0.0
2014-07-12 00:25:00,0.080946782,0.0,1.92951,0.0,0.0
2014-07-12 00:30:00,0.043550134,0.0,1.88564,0.0,0.0
2014-07-12 00:35:00,0.071189478,0.0,1.78895,0.0,0.0
2014-07-12 00:40:00,0.076516333,0.0,1.43367,0.0,0.0
2014-07-12 00:45:00,0.072232337,0.0,1.30476,0.0,0.0
2014-07-12 00:50:00,0.075773713,0.0,1.05187,0.0,0.0
2014-07-12 00:55:00,0.072497933,0.0,1.23402,0.0,0.0
2014-07-12 01:00:00,0.078945033,0.0,1.38924,0.0,0.0
2014-07-12 01:05:00,0.066033045,0.0,1.5536,0.0,0.0
2014-07-12 01:10:00,0.071879928,0.0,1.83628,0.0,0.0
2014-07-12 01:15:00,0.064920046,0.0,1.51931,0.0,0.0
2014-07-12 01:20:00,0.072398779,0.0,1.71632,0.0,0.0
2014-07-12 01:25:00,0.061562998,0.0,1.46669,0.0,0.0
2014-07-12 01:30:00,0.075128839,0.0,1.32142,0.0,0.0
2014-07-12 18:10:00,0.072355048,0.0,1.45617,0.0,0.0
2014-07-12 18:15:00,0.07390092,0.0,1.22937,0.0,0.0
2014-07-12 18:20:00,0.064606555,0.0,1.51525,0.0,0.0
2014-07-12 18:25:00,0.063249826,0.0,1.78312,0.0,0.0
2014-07-12 18:30:00,0.079823196,0.0,1.78312,0.0,0.0
2014-07-12 18:35:00,0.0,0.0,1.78312,0.0,0.0
2014-07-14 16:10:00,0.066142584,0.0,1.78312,0.0,0.0
2014-07-14 16:15:00,0.082683495,0.0,1.78312,0.0,0.0
2014-07-14 16:20:00,0.121088107,0.0,1.78312,0.0,0.0
2014-07-14 16:25:00,0.078241639,0.0,1.78312,0.0,0.0
2014-07-14 16:30:00,0.11917909,0.0,1.78312,0.0,0.0
2014-07-14 16:35:00,0.082868306,0.0,1.78312,0.0,0.0
2014-07-14 16:40:00,0.077474031,0.0,1.78312,0.0,0.0
2014-07-14 16:45:00,0.076853245,0.0,1.78312,0.0,0.0
2014-07-14 16:50:00,0.067214002,0.0,1.78312,0.0,0.0
2014-07-14 16:55:00,0.0,0.0,1.78312,0.0,0.0
2014-07-14 17:00:00,0.0,0.0,1.78312,0.0,0.0
2014-07-14 17:05:00,0.066244671,0.0,1.78312,0.0,0.0
2014-07-14 17:10:00,0.076446056,0.0,1.78312,0.0,0.0
2014-07-14 17:15:00,0.0832685,0.0,1.78312,0.0,0.0
2014-07-14 17:20:00,0.084635518,0.0,1.78312,0.0,0.0
2014-07-14 17:25:00,0.070059102,0.0,1.78312,0.0,0.0
2014-07-14 17:30:00,0.0,0.0,1.78312,0.0,0.0
2014-07-14 17:35:00,0.0843253,0.0,1.78312,0.0,0.0
2014-07-14 17:40:00,0.090023782,0.0,1.78312,0.0,0.0
2014-07-14 17:45:00,0.086879535,0.0,1.78312,0.0,0.0
2014-07-14 17:50:00,0.096119506,0.0,1.78312,0.0,0.0
2014-07-14 17:55:00,0.087577124,0.0,1.78312,0.0,0.0
2014-07-14 18:15:00,0.0,0.0,1.78312,0.0,0.0
2014-07-14 18:20:00,0.0,0.0,1.78312,0.0,0.0
2014-07-14 18:25:00,0.0,0.0,1.78312,0.0,0.0
2014-07-14 18:30:00,0.0,0.0,1.78312,0.0,0.0
2014-07-14 18:35:00,0.0,0.0,1.78312,0.0,0.0
2014-07-14 18:40:00,0.0,0.0,1.78312,0.0,0.0
2014-07-14 18:45:00,0.0,0.0,1.78312,0.0,0.0
2014-07-14 18:50:00,0.0,0.0,1.78312,0.0,0.0
2014-07-14 18:55:00,0.0,0.0,1.78312,0.0,0.0
2014-07-14 19:00:00,0.0,0.0,1.78312,0.0,0.0
2014-07-14 19:05:00,0.0,0.0,1.78312,0.0,0.0
2014-07-14 19:10:00,0.0,0.0,1.78312,0.0,0.0
2014-07-14 19:15:00,0.0,0.0,1.78312,0.0,0.0
2014-07-14 19:20:00,0.0,0.0,1.78312,0.0,0.0
2014-07-14 19:25:00,0.0,0.0,1.78312,0.0,0.0
2014-07-14 19:30:00,0.0,0.0,1.78312,0.0,0.0
2014-07-14 19:40:00,0.0,0.0,1.78312,0.0,0.0
2014-07-14 19:45:00,0.099778858,0.0,1.78312,0.0,0.0
2014-07-14 19:50:00,0.0,0.0,1.78312,0.0,0.0
2014-07-14 19:55:00,0.0,0.0,1.78312,0.0,0.0
2014-07-14 20:00:00,0.0,0.0,1.78312,0.0,0.0
2014-07-14 20:05:00,0.0,0.0,1.78312,0.0,0.0
2014-07-14 20:10:00,0.109809041,0.0,1.78312,0.0,0.0
2014-07-14 20:15:00,0.0,0.0,1.78312,0.0,0.0
2014-07-14 20:20:00,0.0,0.0,1.78312,0.0,0.0
2014-07-14 20:30:00,0.088004306,0.0,1.78312,0.0,0.0
2014-07-14 20:35:00,0.0,0.0,1.78312,0.0,0.0
2014-07-14 20:40:00,0.0,0.0,1.78312,0.0,0.0
2014-07-14 20:45:00,0.0,0.0,1.78312,0.0,0.0
2014-07-14 20:50:00,0.0,0.0,1.78312,0.0,0.0
2014-07-14 20:55:00,0.0,0.0,1.78312,0.0,0.0
2014-07-14 21:00:00,0.0,0.0,1.78312,0.0,0.0
2014-07-14 21:05:00,0.085474809,0.0,1.78312,0.0,0.0
2014-07-14 21:10:00,0.0,0.0,1.78312,0.0,0.0
2014-07-14 21:15:00,0.0,0.0,1.78312,0.0,0.0
2014-07-14 21:20:00,0.0,0.0,1.78312,0.0,0.0
2014-07-14 21:25:00,0.0,0.0,1.78312,0.0,0.0
2014-07-14 21:30:00,0.0,0.0,1.78312,0.0,0.0
2014-07-14 21:35:00,0.0,0.0,1.78312,0.0,0.0
2014-07-14 21:40:00,0.0,0.0,1.78312,0.0,0.0
2014-07-14 21:45:00,0.0,0.0,1.78312,0.0,0.0
2014-07-14 21:50:00,0.0,0.0,1.78312,0.0,0.0
2014-07-14 21:55:00,0.0,0.0,1.78312,0.0,0.0
2014-07-14 22:00:00,0.0,0.0,1.78312,0.0,0.0
2014-07-14 22:05:00,0.0,0.0,1.78312,0.0,0.0
2014-07-14 22:10:00,0.0,0.0,1.78312,0.0,0.0
2014-07-14 22:15:00,0.0,0.0,1.78312,0.0,0.0
2014-07-14 22:20:00,0.0,0.0,1.78312,0.0,0.0
2014-07-14 22:25:00,0.0,0.0,1.78312,0.0,0.0
2014-07-14 22:30:00,0.0,0.0,1.78312,0.0,0.0
2014-07-14 22:35:00,0.0,0.0,1.78312,0.0,0.0
2014-07-14 22:40:00,0.0,0.0,1.78312,0.0,0.0
2014-07-14 22:45:00,0.0,0.0,1.78312,0.0,0.0
2014-07-14 22:50:00,0.0,0.0,1.78312,0.0,0.0
2014-07-14 22:55:00,0.0,0.0,1.78312,0.0,0.0
2014-07-14 23:00:00,0.0,0.0,1.78312,0.0,0.0
2014-07-14 23:05:00,0.0,0.0,1.78312,0.0,0.0
2014-07-14 23:10:00,0.0,0.0,1.78312,0.0,0.0
2014-07-14 23:15:00,0.0,0.0,1.78312,0.0,0.0
2014-07-14 23:20:00,0.0,0.0,1.78312,0.0,0.0
2014-07-14 23:25:00,0.0,0.0,1.78312,0.0,0.0
2014-07-14 23:30:00,0.0,0.0,1.78312,0.0,0.0
2014-07-14 23:35:00,0.0,0.0,1.78312,0.0,0.0
2014-07-14 23:40:00,0.0,0.0,1.78312,0.0,0.0
2014-07-14 23:45:00,0.0,0.0,1.78312,0.0,0.0
2014-07-14 23:50:00,0.0,0.0,1.7813,0.0,0.0
2014-07-14 23:55:00,0.0,0.0,1.79373,0.0,0.0
2014-07-15 00:00:00,0.0,0.0,1.79617,0.0,0.0
2014-07-15 00:05:00,0.113392589,0.0,1.79005,0.0,0.0
2014-07-15 00:10:00,0.153085695,0.0,1.80987,0.0,0.0
2014-07-15 00:15:00,0.0,0.0,1.86148,0.0,0.0
2014-07-15 00:20:00,0.0,0.0,1.91007,0.0,0.0
2014-07-15 00:25:00,0.0,0.0,1.94781,0.0,0.0
2014-07-15 00:30:00,0.081910849,0.0,2.03106,0.0,0.0
2014-07-15 00:35:00,0.0,0.0,2.16634,0.0,0.0
2014-07-15 00:40:00,0.0,0.0,2.1913,0.0,0.0
2014-07-15 00:45:00,0.0,0.0,2.48822,0.0,0.0
2014-07-15 00:50:00,0.0,0.0,2.78183,0.0,0.0
2014-07-15 00:55:00,0.0,0.0,2.73483,0.0,0.0
2014-07-15 01:00:00,0.0,0.0,2.58719,0.0,0.0
2014-07-15 01:05:00,0.0,0.0,2.74773,0.0,0.0
2014-07-15 01:10:00,0.0,0.0,2.97666,0.0,0.0
2014-07-15 01:15:00,0.0,0.0,2.65225,0.0,0.0
2014-07-15 01:20:00,0.0,0.0,2.41212,0.0,0.0
2014-07-15 01:25:00,0.0,0.0,2.00505,0.0,0.0
2014-07-15 01:30:00,0.0,0.0,1.5981,0.0,0.0
2014-07-15 01:35:00,0.0,0.0,1.57534,0.0,0.0
2014-07-15 01:40:00,0.0,0.0,1.58084,0.0,0.0
2014-07-15 01:45:00,0.0,0.0,1.68752,0.0,0.0
2014-07-15 01:50:00,0.0,0.0,1.72378,0.0,0.0
2014-07-15 01:55:00,0.0,0.0,1.80947,0.0,0.0
2014-07-15 02:00:00,0.0,0.0,1.78088,0.0,0.0
2014-07-15 02:05:00,0.0,0.0,1.62521,0.0,0.0
2014-07-15 02:10:00,0.0,0.0,1.43219,0.0,0.0
2014-07-15 02:15:00,0.0,0.0,1.39039,0.0,0.0
2014-07-15 02:20:00,0.0,0.0,1.37385,0.0,0.0
2014-07-15 02:25:00,0.0,0.0,1.89542,0.0,0.0
2014-07-15 02:30:00,0.0,0.0,2.05462,0.0,0.0
2014-07-15 02:35:00,0.0,0.0,1.8071,0.0,0.0
2014-07-15 02:40:00,0.0,0.0,1.88047,0.0,0.0
2014-07-15 02:45:00,0.0,0.0,2.00237,0.0,0.0
2014-07-15 02:50:00,0.0,0.0,2.00496,0.0,0.0
2014-07-15 02:55:00,0.0,0.0,2.91333,0.0,0.0
2014-07-15 03:00:00,0.0,0.0,2.69394,0.0,0.0
2014-07-15 03:05:00,0.0,0.0,2.55157,0.0,0.0
2014-07-15 03:10:00,0.0,0.0,2.04649,0.0,0.0
2014-07-15 03:15:00,0.0,0.0,3.00797,0.0,0.0
2014-07-15 03:20:00,0.0,0.0,3.08728,0.0,0.0
2014-07-15 03:25:00,0.0,0.0,2.83359,0.0,0.0
2014-07-15 03:30:00,0.0,0.0,2.47819,0.0,0.0
2014-07-15 03:35:00,0.0,0.0,2.46812,0.0,0.0
2014-07-15 03:40:00,0.0,0.0,2.6137,0.0,0.0
2014-07-15 03:45:00,0.0,0.0,2.63767,0.0,0.0
2014-07-15 03:50:00,0.0,0.0,2.58571,0.0,0.0
2014-07-15 03:55:00,0.0,0.0,2.67688,0.0,0.0
2014-07-15 04:00:00,0.0,0.0,2.85706,0.0,0.0
2014-07-15 04:05:00,0.0,0.0,2.07926,0.0,0.0
2014-07-15 04:10:00,0.0,0.0,2.17027,0.0,0.0
2014-07-15 04:15:00,0.0,0.0,2.53513,0.0,0.0
2014-07-15 04:20:00,0.0,0.0,2.73569,0.0,0.0
2014-07-15 04:25:00,0.0,0.0,3.01451,0.0,0.0
2014-07-15 04:30:00,0.0,0.0,3.36935,0.0,0.0
2014-07-15 04:35:00,0.0,0.0,3.17419,1.0,-1.0
2014-07-15 04:40:00,0.0,0.0,4.17369,1.0,0.0
2014-07-15 04:45:00,0.0,0.0,4.78474,1.0,0.0
2014-07-15 04:50:00,0.0,0.0,5.51484,1.0,0.0
2014-07-15 04:55:00,0.0,0.0,5.41212,1.0,0.0
2014-07-15 05:00:00,0.0,0.0,5.28408,1.0,0.0
2014-07-15 05:05:00,0.0,0.0,5.07411,1.0,0.0
2014-07-15 05:10:00,0.0,0.0,4.64811,1.0,0.0
2014-07-15 05:15:00,0.0,0.0,4.52809,1.0,0.0
2014-07-15 05:20:00,0.0,0.0,3.72116,1.0,0.0
2014-07-15 05:25:00,0.0,0.0,2.30819,1.0,0.0
2014-07-15 05:30:00,0.0,0.0,2.21923,1.0,0.0
2014-07-15 05:35:00,0.0,0.0,2.09318,1.0,0.0
2014-07-15 05:40:00,0.0,0.0,2.02324,1.0,0.0
2014-07-15 05:45:00,0.0,0.0,1.93544,1.0,0.0
2014-07-15 05:50:00,0.0,0.0,1.86505,1.0,0.0
2014-07-15 05:55:00,0.0,0.0,1.88128,1.0,0.0
2014-07-15 06:00:00,0.0,0.0,1.9022,1.0,0.0
2014-07-15 06:05:00,0.0,0.0,1.93519,1.0,0.0
2014-07-15 06:10:00,0.0,0.0,2.12119,1.0,0.0
2014-07-15 06:15:00,0.0,0.0,2.97308,1.0,0.0
2014-07-15 06:20:00,0.0,0.0,2.7766,1.0,0.0
2014-07-15 06:25:00,0.0,0.0,2.69851,1.0,0.0
2014-07-15 06:30:00,0.0,0.0,2.68301,1.0,0.0
2014-07-15 06:35:00,0.0,0.0,2.84241,1.0,0.0
2014-07-15 06:40:00,0.0,0.0,2.02987,1.0,0.0
2014-07-15 06:45:00,0.0,0.0,2.06906,1.0,0.0
2014-07-15 06:50:00,0.0,0.0,1.982,1.0,0.0
2014-07-15 06:55:00,0.0,0.0,1.81309,1.0,0.0
2014-07-15 07:00:00,0.0,0.0,2.00558,1.0,0.0
2014-07-15 07:05:00,0.0,0.0,2.20234,1.0,0.0
2014-07-15 07:10:00,0.0,0.0,1.95156,1.0,0.0
2014-07-15 07:15:00,0.0,0.0,1.65782,1.0,0.0
2014-07-15 07:20:00,0.0,0.0,1.63045,1.0,0.0
2014-07-15 07:25:00,0.0,0.0,1.52104,1.0,0.0
2014-07-15 07:30:00,0.0,0.0,1.42572,1.0,0.0
2014-07-15 07:35:00,0.0,0.0,1.42362,1.0,0.0
2014-07-15 07:40:00,0.0,0.0,1.3398,1.0,0.0
2014-07-15 07:45:00,0.0,0.0,1.18133,1.0,0.0
2014-07-15 07:50:00,0.0,0.0,1.02043,1.0,0.0
2014-07-15 07:55:00,0.0,0.0,0.976237,1.0,0.0
2014-07-15 08:00:00,0.0,0.0,0.78737,1.0,0.0
2014-07-15 08:05:00,0.0,0.0,0.533634,1.0,0.0
2014-07-15 08:10:00,0.0,0.0,0.426739,1.0,0.0
2014-07-15 08:15:00,0.0,0.0,0.485157,1.0,0.0
2014-07-15 08:20:00,0.0,0.0,0.628091,1.0,0.0
2014-07-15 08:25:00,0.0,0.0,0.839831,1.0,0.0
2014-07-15 08:30:00,0.0,0.0,0.95561,1.0,0.0
2014-07-15 08:35:00,0.0,0.0,1.19573,1.0,0.0
2014-07-15 08:40:00,0.0,0.0,1.44025,1.0,0.0
2014-07-15 08:45:00,0.0,0.0,1.49711,1.0,0.0
2014-07-15 08:50:00,0.0,0.0,1.5052,1.0,0.0
2014-07-15 08:55:00,0.0,0.0,1.46207,1.0,0.0
2014-07-15 09:00:00,0.0,0.0,1.44532,1.0,0.0
2014-07-15 09:05:00,0.0,0.0,1.48385,1.0,0.0
2014-07-15 09:10:00,0.0,0.0,1.48107,1.0,0.0
2014-07-15 09:15:00,0.0,0.0,1.53708,1.0,0.0
2014-07-15 09:20:00,0.0,0.0,1.52412,1.0,0.0
2014-07-15 09:25:00,0.0,0.0,1.65864,1.0,0.0
2014-07-15 09:30:00,0.0,0.0,1.85525,1.0,0.0
2014-07-15 09:35:00,0.0,0.0,2.05232,1.0,0.0
2014-07-15 09:40:00,0.0,0.0,2.77654,1.0,0.0
2014-07-15 09:45:00,0.0,0.0,2.31764,1.0,0.0
2014-07-15 09:50:00,0.0,0.0,2.09638,1.0,0.0
2014-07-15 09:55:00,0.0,0.0,2.09201,1.0,0.0
2014-07-15 10:05:00,0.074724019,0.0,2.15671,1.0,0.0
2014-07-15 10:40:00,0.081010018,0.0,2.52994,1.0,0.0
2014-07-15 10:45:00,0.072983488,0.0,2.36078,1.0,0.0
2014-07-15 10:50:00,0.086187639,0.0,2.103,1.0,0.0
2014-07-15 10:55:00,0.081845165,0.0,1.75127,1.0,0.0
2014-07-15 11:20:00,0.087103692,0.0,1.65175,1.0,0.0
2014-07-15 11:25:00,0.084364615,0.0,1.75507,1.0,0.0
2014-07-15 11:30:00,0.095506993,0.0,1.40036,1.0,0.0
2014-07-15 11:35:00,0.065466642,0.0,1.13037,1.0,0.0
2014-07-15 11:40:00,0.089246559,0.0,1.31824,1.0,0.0
2014-07-15 11:45:00,0.067008018,0.0,1.31785,1.0,0.0
2014-07-15 11:55:00,0.091611182,0.0,1.38485,1.0,0.0
2014-07-15 12:00:00,0.078721786,0.0,1.50906,1.0,0.0
2014-07-15 12:05:00,0.0,0.0,1.33976,1.0,0.0
2014-07-15 12:10:00,0.082381546,0.0,1.3566,1.0,0.0
2014-07-15 12:15:00,0.116034985,0.0,1.32636,1.0,0.0
2014-07-15 12:20:00,0.0,0.0,1.38689,1.0,0.0
2014-07-15 12:25:00,0.084316413,0.0,1.42626,1.0,0.0
2014-07-15 12:30:00,0.086454409,0.0,1.53979,1.0,0.0
2014-07-15 12:35:00,0.085921212,0.0,1.48713,1.0,0.0
2014-07-15 12:40:00,0.0,0.0,1.41758,1.0,0.0
2014-07-15 12:45:00,0.078981244,0.0,1.28218,1.0,0.0
2014-07-15 12:50:00,0.071727986,0.0,1.33615,1.0,0.0
2014-07-15 12:55:00,0.08374694,0.0,1.40062,1.0,0.0
2014-07-15 13:00:00,0.127655029,0.0,1.49815,1.0,0.0
2014-07-15 13:05:00,0.072111138,0.0,1.71556,1.0,0.0
2014-07-15 13:10:00,0.070604499,0.0,1.73261,1.0,0.0
2014-07-15 13:15:00,0.070273212,0.0,1.74256,1.0,0.0
2014-07-15 13:20:00,0.068471751,0.0,1.76713,1.0,0.0
2014-07-15 13:25:00,0.086299364,0.0,1.71029,1.0,0.0
2014-07-15 13:30:00,0.0,0.0,1.75814,0.0,0.0
2014-07-15 13:35:00,0.0,0.0,1.76592,0.0,0.0
2014-07-15 13:40:00,0.077449515,0.0,1.76327,0.0,0.0
2014-07-15 13:45:00,0.067616585,0.0,1.56156,0.0,0.0
2014-07-15 13:50:00,0.078807843,0.0,1.45539,0.0,0.0
2014-07-15 13:55:00,0.072743363,0.0,1.58717,0.0,0.0
2014-07-15 14:00:00,0.0,0.0,1.76209,0.0,0.0
2014-07-15 14:05:00,0.0,0.0,2.42498,0.0,0.0
2014-07-15 14:10:00,0.0,0.0,2.46732,0.0,0.0
2014-07-15 14:15:00,0.0,0.0,2.39987,0.0,0.0
2014-07-15 14:25:00,0.080492813,0.0,2.57307,0.0,0.0
2014-07-15 14:30:00,0.079255867,0.0,2.73017,0.0,0.0
2014-07-15 14:35:00,0.099784017,0.0,2.93376,0.0,0.0
2014-07-15 14:40:00,0.094524997,0.0,2.54006,0.0,0.0
2014-07-15 14:45:00,0.0,0.0,2.25798,0.0,0.0
2014-07-15 14:50:00,0.0,0.0,2.21389,0.0,0.0
2014-07-15 14:55:00,0.0,0.0,2.48379,0.0,0.0
2014-07-15 15:00:00,0.148122787,0.0,2.32431,0.0,0.0
2014-07-15 15:05:00,0.089310208,0.0,2.37413,0.0,0.0
2014-07-15 15:10:00,0.072272571,0.0,2.13371,0.0,0.0
2014-07-15 15:15:00,0.076298205,0.0,1.95455,0.0,0.0
2014-07-15 15:20:00,0.072686692,0.0,1.58166,0.0,0.0
2014-07-15 15:25:00,0.087627718,0.0,1.79847,0.0,0.0
2014-07-15 15:30:00,0.09528804,0.0,2.01732,0.0,0.0
2014-07-15 15:35:00,0.081453664,0.0,2.24869,0.0,0.0
2014-07-15 15:40:00,0.079814911,0.0,2.2007,0.0,0.0
2014-07-15 15:45:00,0.094125643,0.0,1.56268,0.0,0.0
2014-07-15 15:50:00,0.083192171,0.0,1.5543,0.0,0.0
2014-07-15 15:55:00,0.085912533,0.0,1.55436,0.0,0.0
2014-07-15 16:00:00,0.084625536,0.0,1.37304,0.0,0.0
2014-07-15 16:05:00,0.082236197,0.0,1.43617,0.0,0.0
2014-07-15 16:10:00,0.088903112,0.0,1.70464,0.0,0.0
2014-07-15 16:15:00,0.085081768,0.0,2.14264,0.0,0.0
2014-07-15 16:20:00,0.079566366,0.0,2.37588,0.0,0.0
2014-07-15 16:25:00,0.073478292,0.0,3.4053,0.0,0.0
2014-07-15 16:30:00,0.072119777,0.0,3.39307,0.0,0.0
2014-07-15 16:35:00,0.08529961,0.0,3.01509,0.0,0.0
2014-07-15 16:45:00,0.0,0.0,2.52875,0.0,0.0
2014-07-15 16:50:00,0.0,0.0,2.47411,0.0,0.0
2014-07-15 16:55:00,0.0,0.0,2.50023,0.0,0.0
2014-07-15 17:00:00,0.0,0.0,2.37837,0.0,0.0
2014-07-15 17:05:00,0.0,0.0,2.35507,0.0,0.0
2014-07-15 17:10:00,0.0,0.0,1.95148,0.0,0.0
2014-07-15 17:15:00,0.0,0.0,2.80363,0.0,0.0
2014-07-15 17:20:00,0.0,0.0,2.70432,0.0,0.0
2014-07-15 17:25:00,0.078008972,0.0,2.47877,0.0,0.0
2014-07-15 17:30:00,0.111104952,0.0,2.22807,0.0,0.0
2014-07-15 17:35:00,0.087882042,0.0,2.43095,0.0,0.0
2014-07-15 17:40:00,0.068434081,0.0,2.66359,0.0,0.0
2014-07-15 17:45:00,0.0,0.0,2.54443,0.0,0.0
2014-07-15 17:50:00,0.0,0.0,2.4073,0.0,0.0
2014-07-15 17:55:00,0.114406149,0.0,2.3322,0.0,0.0
2014-07-15 18:00:00,0.063544533,0.0,2.20987,0.0,0.0
2014-07-15 18:05:00,0.0,0.0,2.37474,0.0,0.0
2014-07-15 18:10:00,0.0,0.0,2.45026,0.0,0.0
2014-07-15 18:15:00,0.06955913,0.0,2.59249,0.0,0.0
2014-07-15 18:20:00,0.069773555,0.0,2.52092,0.0,0.0
2014-07-15 18:25:00,0.068620113,0.0,2.3997,0.0,0.0
2014-07-15 18:30:00,0.076710861,0.0,2.47361,0.0,0.0
2014-07-15 18:35:00,0.074751744,0.0,2.36486,0.0,0.0
2014-07-15 18:40:00,0.074691659,0.0,2.35051,0.0,0.0
2014-07-15 18:45:00,0.080636783,0.0,2.11823,0.0,0.0
2014-07-15 18:50:00,0.073058015,0.0,1.9321,0.0,0.0
2014-07-15 18:55:00,0.069489793,0.0,2.08328,0.0,0.0
2014-07-15 19:00:00,0.072557135,0.0,2.12255,0.0,0.0
2014-07-15 19:05:00,0.073479031,0.0,2.25724,0.0,0.0
2014-07-15 19:10:00,0.071080778,0.0,2.25556,0.0,0.0
2014-07-15 19:15:00,0.071638993,0.0,2.06505,0.0,0.0
2014-07-15 19:20:00,0.07121422,0.0,1.89255,0.0,0.0
2014-07-15 19:25:00,0.075122619,0.0,1.70347,0.0,0.0
2014-07-15 19:30:00,0.08179059,0.0,1.65596,0.0,0.0
2014-07-15 19:35:00,0.071841574,0.0,1.76079,0.0,0.0
2014-07-15 19:40:00,0.137128337,0.0,1.85537,0.0,0.0
2014-07-15 19:45:00,0.0,0.0,2.1334,0.0,0.0
2014-07-15 19:50:00,0.0,0.0,2.22527,0.0,0.0
2014-07-15 19:55:00,0.0,0.0,2.2984,0.0,0.0
2014-07-15 20:05:00,0.062971173,0.0,2.44912,0.0,0.0
2014-07-15 20:10:00,0.0,0.0,2.43918,0.0,0.0
2014-07-15 20:15:00,0.0,0.0,2.28494,0.0,0.0
2014-07-15 20:25:00,0.0,0.0,2.38746,0.0,0.0
2014-07-15 20:30:00,0.0,0.0,2.04265,0.0,0.0
2014-07-15 20:35:00,0.0,0.0,1.85233,0.0,0.0
2014-07-15 20:40:00,0.0,0.0,1.87489,0.0,0.0
2014-07-15 20:45:00,0.0,0.0,2.22076,0.0,0.0
2014-07-15 20:50:00,0.0,0.0,2.3094,0.0,0.0
2014-07-15 20:55:00,0.0,0.0,2.30708,0.0,0.0
2014-07-15 21:00:00,0.0,0.0,2.36003,0.0,0.0
2014-07-15 21:05:00,0.0,0.0,2.29323,0.0,0.0
2014-07-15 21:10:00,0.0,0.0,2.35195,0.0,0.0
2014-07-15 21:15:00,0.0,0.0,2.35791,0.0,0.0
2014-07-15 21:20:00,0.0,0.0,2.25358,0.0,0.0
2014-07-15 21:25:00,0.0,0.0,2.93929,0.0,0.0
2014-07-15 21:30:00,0.0,0.0,2.99487,0.0,0.0
2014-07-15 21:35:00,0.0,0.0,3.0229,0.0,0.0
2014-07-15 21:40:00,0.0,0.0,3.22259,0.0,0.0
2014-07-15 21:45:00,0.0,0.0,2.91331,0.0,0.0
2014-07-15 21:50:00,0.0,0.0,2.55738,0.0,0.0
2014-07-15 21:55:00,0.0,0.0,2.17398,0.0,0.0
2014-07-15 22:00:00,0.0,0.0,1.97502,0.0,0.0
2014-07-15 22:05:00,0.0,0.0,1.81629,0.0,0.0
2014-07-15 22:10:00,0.0,0.0,1.99139,0.0,0.0
2014-07-15 22:15:00,0.0,0.0,2.25177,0.0,0.0
2014-07-15 22:20:00,0.0,0.0,2.38838,0.0,0.0
2014-07-15 22:25:00,0.0,0.0,2.34806,0.0,0.0
2014-07-15 22:30:00,0.0,0.0,2.24319,0.0,0.0
2014-07-15 22:35:00,0.0,0.0,2.32656,0.0,0.0
2014-07-15 22:40:00,0.0,0.0,2.47556,0.0,0.0
2014-07-15 22:45:00,0.0,0.0,2.7862,0.0,0.0
2014-07-15 22:50:00,0.0,0.0,2.73592,0.0,0.0
2014-07-15 22:55:00,0.0,0.0,2.69346,0.0,0.0
2014-07-15 23:00:00,0.0,0.0,2.65441,0.0,0.0
2014-07-15 23:05:00,0.0,0.0,2.63012,0.0,0.0
2014-07-15 23:10:00,0.0,0.0,2.63198,0.0,0.0
2014-07-15 23:15:00,0.0,0.0,2.73868,0.0,0.0
2014-07-15 23:20:00,0.0,0.0,2.7643,0.0,0.0
2014-07-15 23:25:00,0.0,0.0,2.74926,0.0,0.0
2014-07-15 23:30:00,0.08347703,0.0,2.58524,0.0,0.0
2014-07-15 23:35:00,0.0,0.0,2.35408,0.0,0.0
2014-07-15 23:40:00,0.0,0.0,2.04237,0.0,0.0
2014-07-15 23:45:00,0.0,0.0,1.75859,0.0,0.0
2014-07-15 23:50:00,0.0,0.0,1.58457,0.0,0.0
2014-07-15 23:55:00,0.0,0.0,1.53143,0.0,0.0
2014-07-16 00:00:00,0.0,0.0,1.55972,0.0,0.0
2014-07-16 00:05:00,0.0,0.0,1.64458,0.0,0.0
2014-07-16 00:10:00,0.0,0.0,1.68482,0.0,0.0
2014-07-16 00:15:00,0.0,0.0,1.772,0.0,0.0
2014-07-16 00:20:00,0.0,0.0,1.43327,0.0,0.0
2014-07-16 00:25:00,0.0,0.0,1.40577,0.0,0.0
2014-07-16 00:30:00,0.0,0.0,0.825826,0.0,0.0
2014-07-16 00:35:00,0.0,0.0,0.956233,0.0,0.0
2014-07-16 00:40:00,0.0,0.0,1.15552,0.0,0.0
2014-07-16 00:45:00,0.0,0.0,1.28492,0.0,0.0
2014-07-16 00:50:00,0.0,0.0,1.58103,0.0,0.0
2014-07-16 00:55:00,0.0,0.0,2.13362,0.0,0.0
2014-07-16 01:00:00,0.0,0.0,2.37235,0.0,0.0
2014-07-16 01:05:00,0.0,0.0,2.46745,0.0,0.0
2014-07-16 01:10:00,0.0,0.0,2.43338,0.0,0.0
2014-07-16 01:15:00,0.0,0.0,2.59995,0.0,0.0
2014-07-16 01:20:00,0.0,0.0,2.76422,0.0,0.0
2014-07-16 01:25:00,0.0,0.0,2.57995,0.0,0.0
2014-07-16 01:30:00,0.0,0.0,2.41805,0.0,0.0
2014-07-16 01:35:00,0.0,0.0,2.34724,0.0,0.0
2014-07-16 01:40:00,0.0,0.0,2.42441,0.0,0.0
2014-07-16 01:45:00,0.0,0.0,2.70909,0.0,0.0
2014-07-16 01:50:00,0.0,0.0,2.60207,0.0,0.0
2014-07-16 01:55:00,0.0,0.0,2.76254,0.0,0.0
2014-07-16 02:00:00,0.0,0.0,3.15736,0.0,0.0
2014-07-16 02:05:00,0.0,0.0,5.45906,0.0,0.0
2014-07-16 02:10:00,0.0,0.0,5.63268,0.0,0.0
2014-07-16 02:15:00,0.0,0.0,6.43071,0.0,0.0
2014-07-16 02:20:00,0.0,0.0,4.90175,0.0,0.0
2014-07-16 02:25:00,0.0,0.0,4.90713,0.0,0.0
2014-07-16 02:30:00,0.0,0.0,4.87593,0.0,0.0
2014-07-16 02:35:00,0.0,0.0,7.19375,0.0,0.0
2014-07-16 02:40:00,0.0,0.0,2.81825,0.0,0.0
2014-07-16 02:45:00,0.0,0.0,2.07349,0.0,0.0
2014-07-16 02:50:00,0.0,0.0,2.24052,0.0,0.0
2014-07-16 02:55:00,0.0,0.0,1.61758,0.0,0.0
2014-07-16 03:00:00,0.0,0.0,1.46711,0.0,0.0
2014-07-16 03:05:00,0.0,0.0,1.43371,0.0,0.0
2014-07-16 03:10:00,0.0,0.0,0.97178,0.0,0.0
2014-07-16 03:15:00,0.0,0.0,0.812468,0.0,0.0
2014-07-16 03:20:00,0.0,0.0,1.15193,0.0,0.0
2014-07-16 03:25:00,0.0,0.0,1.20043,0.0,0.0
2014-07-16 03:30:00,0.0,0.0,1.40584,0.0,0.0
2014-07-16 03:35:00,0.0,0.0,1.75851,0.0,0.0
2014-07-16 03:40:00,0.0,0.0,1.64996,0.0,0.0
2014-07-16 03:45:00,0.0,0.0,1.46277,0.0,0.0
2014-07-16 03:50:00,0.0,0.0,1.47999,0.0,0.0
2014-07-16 03:55:00,0.0,0.0,1.76505,0.0,0.0
2014-07-16 04:00:00,0.0,0.0,1.58474,0.0,0.0
2014-07-16 04:05:00,0.0,0.0,1.29034,0.0,0.0
2014-07-16 04:10:00,0.0,0.0,1.4014,0.0,0.0
2014-07-16 04:15:00,0.0,0.0,1.59687,0.0,0.0
2014-07-16 04:20:00,0.0,0.0,1.86631,0.0,0.0
2014-07-16 04:25:00,0.0,0.0,1.66672,0.0,0.0
2014-07-16 04:30:00,0.0,0.0,1.50561,0.0,0.0
2014-07-16 04:35:00,0.0,0.0,1.00807,0.0,0.0
2014-07-16 04:40:00,0.0,0.0,0.928791,0.0,0.0
2014-07-16 04:45:00,0.0,0.0,1.10977,0.0,0.0
2014-07-16 04:50:00,0.0,0.0,1.2339,0.0,0.0
2014-07-16 04:55:00,0.0,0.0,1.34185,0.0,0.0
2014-07-16 05:00:00,0.0,0.0,1.30298,0.0,0.0
2014-07-16 05:05:00,0.0,0.0,1.22863,0.0,0.0
2014-07-16 05:10:00,0.0,0.0,1.20761,0.0,0.0
2014-07-16 05:15:00,0.0,0.0,1.2634,0.0,0.0
2014-07-16 05:20:00,0.0,0.0,1.36574,0.0,0.0
2014-07-16 05:25:00,0.0,0.0,1.48602,0.0,0.0
2014-07-16 05:30:00,0.0,0.0,1.30165,0.0,0.0
2014-07-16 05:35:00,0.0,0.0,1.49166,0.0,0.0
2014-07-16 05:40:00,0.0,0.0,1.31355,0.0,0.0
2014-07-16 05:45:00,0.0,0.0,1.20344,0.0,0.0
2014-07-16 05:50:00,0.0,0.0,1.47032,0.0,0.0
2014-07-16 05:55:00,0.0,0.0,1.39531,0.0,0.0
2014-07-16 06:00:00,0.0,0.0,1.62231,0.0,0.0
2014-07-16 06:05:00,0.0,0.0,1.87615,0.0,0.0
2014-07-16 06:10:00,0.0,0.0,1.98492,0.0,0.0
2014-07-16 06:15:00,0.0,0.0,1.9768,0.0,0.0
2014-07-16 06:20:00,0.0,0.0,3.06521,0.0,0.0
2014-07-16 06:25:00,0.0,0.0,3.8692,0.0,0.0
2014-07-16 06:30:00,0.0,0.0,4.66997,0.0,0.0
2014-07-16 06:35:00,0.0,0.0,5.50085,0.0,0.0
2014-07-16 06:40:00,0.0,0.0,6.31517,0.0,0.0
2014-07-16 06:45:00,0.0,0.0,9.54048,0.0,0.0
2014-07-16 06:50:00,0.0,0.0,9.94834,0.0,0.0
2014-07-16 06:55:00,0.0,0.0,10.7684,0.0,0.0
2014-07-16 07:00:00,0.0,0.0,15.6715,0.0,0.0
2014-07-16 07:05:00,0.0,0.0,3.5383,0.0,0.0
2014-07-16 07:10:00,0.0,0.0,3.18501,0.0,0.0
2014-07-16 07:15:00,0.0,0.0,2.41772,0.0,0.0
2014-07-16 07:20:00,0.0,0.0,2.0735,0.0,0.0
2014-07-16 07:25:00,0.0,0.0,1.46479,0.0,0.0
2014-07-16 07:30:00,0.0,0.0,1.36927,0.0,0.0
2014-07-16 07:35:00,0.0,0.0,1.30314,0.0,0.0
2014-07-16 07:40:00,0.0,0.0,0.870301,0.0,0.0
2014-07-16 07:45:00,0.0,0.0,1.08425,0.0,0.0
2014-07-16 07:50:00,0.0,0.0,2.33767,0.0,0.0
2014-07-16 07:55:00,0.0,0.0,2.34307,0.0,0.0
2014-07-16 08:00:00,0.0,0.0,2.53942,0.0,0.0
2014-07-16 08:05:00,0.0,0.0,1.91551,0.0,0.0
2014-07-16 08:10:00,0.0,0.0,1.59602,0.0,0.0
2014-07-16 08:15:00,0.0,0.0,1.60233,0.0,0.0
2014-07-16 08:20:00,0.0,0.0,1.45703,0.0,0.0
2014-07-16 08:25:00,0.0,0.0,1.58014,0.0,0.0
2014-07-16 08:30:00,0.0,0.0,1.76386,0.0,0.0
2014-07-16 08:35:00,0.0,0.0,2.32554,0.0,0.0
2014-07-16 08:40:00,0.0,0.0,2.88905,0.0,0.0
2014-07-16 08:45:00,0.0,0.0,3.03499,0.0,0.0
2014-07-16 08:50:00,0.0,0.0,3.4118,0.0,0.0
2014-07-16 08:55:00,0.0,0.0,3.89888,0.0,0.0
2014-07-16 09:00:00,0.0,0.0,4.00126,0.0,0.0
2014-07-16 09:05:00,0.0,0.0,4.3936,0.0,0.0
2014-07-16 09:10:00,0.0,0.0,1.54156,0.0,0.0
2014-07-16 09:15:00,0.0,0.0,2.00601,0.0,0.0
2014-07-16 09:20:00,0.0,0.0,3.20364,0.0,0.0
2014-07-16 09:25:00,0.0,0.0,3.686,0.0,0.0
2014-07-16 09:30:00,0.0,0.0,4.33098,0.0,0.0
2014-07-16 09:35:00,0.0,0.0,4.80474,0.0,0.0
2014-07-16 09:40:00,0.0,0.0,5.08306,0.0,0.0
2014-07-16 09:45:00,0.0,0.0,5.3295,0.0,0.0
2014-07-16 09:50:00,0.0,0.0,6.21112,0.0,0.0
2014-07-16 09:55:00,0.0,0.0,6.7174,0.0,0.0
2014-07-16 10:00:00,0.0,0.0,1.0753,0.0,0.0
2014-07-16 10:05:00,0.0,0.0,0.964017,0.0,0.0
2014-07-16 10:10:00,0.0,0.0,0.850372,0.0,0.0
2014-07-16 10:15:00,0.0,0.0,0.690112,0.0,0.0
2014-07-16 10:20:00,0.076638222,0.0,0.829553,0.0,0.0
2014-07-16 10:25:00,0.0,0.0,1.01589,0.0,0.0
2014-07-16 10:30:00,0.0,0.0,1.13069,0.0,0.0
2014-07-16 10:35:00,0.0,0.0,1.19553,0.0,0.0
2014-07-16 10:40:00,0.0,0.0,1.46066,0.0,0.0
2014-07-16 10:45:00,0.0,0.0,1.79062,0.0,0.0
2014-07-16 10:50:00,0.0,0.0,2.05492,0.0,0.0
2014-07-16 10:55:00,0.0,0.0,2.22095,0.0,0.0
2014-07-16 11:00:00,0.0,0.0,2.323,0.0,0.0
2014-07-16 11:05:00,0.0,0.0,2.27495,0.0,0.0
2014-07-16 11:10:00,0.0,0.0,2.46637,0.0,0.0
2014-07-16 11:15:00,0.0,0.0,2.17622,0.0,0.0
2014-07-16 11:20:00,0.0,0.0,2.23611,0.0,0.0
2014-07-16 11:25:00,0.0,0.0,2.20242,0.0,0.0
2014-07-16 11:30:00,0.0,0.0,2.10563,0.0,0.0
2014-07-16 11:35:00,0.0,0.0,2.11354,0.0,0.0
2014-07-16 11:40:00,0.0,0.0,1.75783,0.0,0.0
2014-07-16 11:45:00,0.0,0.0,1.79224,0.0,0.0
2014-07-16 11:50:00,0.0,0.0,1.52817,0.0,0.0
2014-07-16 11:55:00,0.0,0.0,1.42994,0.0,0.0
2014-07-16 12:00:00,0.0,0.0,1.59958,0.0,0.0
2014-07-16 12:05:00,0.0,0.0,1.75536,0.0,0.0
2014-07-16 12:10:00,0.0,0.0,2.73084,0.0,0.0
2014-07-16 12:15:00,0.0,0.0,2.68566,0.0,0.0
2014-07-16 12:20:00,0.0,0.0,2.82843,0.0,0.0
2014-07-16 12:25:00,0.0,0.0,2.8177,0.0,0.0
2014-07-16 12:30:00,0.0,0.0,2.77171,0.0,0.0
2014-07-16 12:35:00,0.0,0.0,2.53589,0.0,0.0
2014-07-16 12:40:00,0.0,0.0,2.19016,0.0,0.0
2014-07-16 12:45:00,0.0,0.0,1.61347,0.0,0.0
2014-07-16 12:50:00,0.0,0.0,1.36862,0.0,0.0
2014-07-16 12:55:00,0.0,0.0,1.20827,0.0,0.0
2014-07-16 13:00:00,0.0,0.0,1.23892,0.0,0.0
2014-07-16 13:05:00,0.0,0.0,1.34308,0.0,0.0
2014-07-16 13:10:00,0.0,0.0,1.17471,0.0,0.0
2014-07-16 13:15:00,0.0,0.0,1.37532,0.0,0.0
2014-07-16 13:20:00,0.0,0.0,1.28174,0.0,0.0
2014-07-16 13:25:00,0.0,0.0,1.68733,0.0,0.0
2014-07-16 13:30:00,0.0,0.0,1.6446,0.0,0.0
2014-07-16 13:35:00,0.0,0.0,1.74011,0.0,0.0
2014-07-16 13:40:00,0.0,0.0,1.79325,0.0,0.0
2014-07-16 13:45:00,0.0,0.0,1.73128,0.0,0.0
2014-07-16 13:50:00,0.0,0.0,2.42598,0.0,0.0
2014-07-16 13:55:00,0.0,0.0,2.25045,0.0,0.0
2014-07-16 14:00:00,0.0,0.0,2.15368,0.0,0.0
2014-07-16 14:05:00,0.0,0.0,2.44152,0.0,0.0
2014-07-16 14:10:00,0.0,0.0,2.50987,0.0,0.0
2014-07-16 14:15:00,0.0,0.0,2.54162,0.0,0.0
2014-07-16 14:20:00,0.0,0.0,2.52333,0.0,0.0
2014-07-16 14:25:00,0.0,0.0,2.49196,0.0,0.0
2014-07-16 14:30:00,0.0,0.0,2.25401,0.0,0.0
2014-07-16 14:35:00,0.0,0.0,2.65226,0.0,0.0
2014-07-16 14:40:00,0.0,0.0,2.86332,0.0,0.0
2014-07-16 14:45:00,0.0,0.0,2.61174,0.0,0.0
2014-07-16 14:50:00,0.0,0.0,2.7182,0.0,0.0
2014-07-16 14:55:00,0.0,0.0,2.71276,0.0,0.0
2014-07-16 15:00:00,0.0,0.0,2.18278,0.0,0.0
2014-07-16 15:05:00,0.0,0.0,1.76158,0.0,0.0
2014-07-16 15:10:00,0.0,0.0,1.74156,0.0,0.0
2014-07-16 15:15:00,0.0,0.0,1.30193,0.0,0.0
2014-07-16 15:20:00,0.0,0.0,1.23851,0.0,0.0
2014-07-16 15:25:00,0.0,0.0,1.18017,0.0,0.0
2014-07-16 15:30:00,0.0,0.0,0.923475,0.0,0.0
2014-07-16 15:35:00,0.0,0.0,0.855211,0.0,0.0
2014-07-16 15:40:00,0.0,0.0,0.882757,0.0,0.0
2014-07-16 15:45:00,0.0,0.0,1.03132,0.0,0.0
2014-07-16 15:50:00,0.0,0.0,0.91408,0.0,0.0
2014-07-16 15:55:00,0.0,0.0,0.712624,0.0,0.0
2014-07-16 16:00:00,0.0,0.0,0.92395,0.0,0.0
2014-07-16 16:05:00,0.0,0.0,1.30683,0.0,0.0
2014-07-16 16:10:00,0.0,0.0,1.579,0.0,0.0
2014-07-16 16:15:00,0.0,0.0,2.30674,0.0,0.0
2014-07-16 16:20:00,0.0,0.0,1.7931,0.0,0.0
2014-07-16 16:25:00,0.0,0.0,1.47183,0.0,0.0
2014-07-16 16:30:00,0.0,0.0,1.41811,0.0,0.0
2014-07-16 16:35:00,0.0,0.0,1.11479,0.0,0.0
2014-07-16 16:40:00,0.0,0.0,1.84887,0.0,0.0
2014-07-16 16:45:00,0.0,0.0,1.39875,0.0,0.0
2014-07-16 16:50:00,0.0,0.0,0.975953,0.0,0.0
2014-07-16 16:55:00,0.0,0.0,0.73895,0.0,0.0
2014-07-16 17:00:00,0.0,0.0,0.927841,0.0,0.0
2014-07-16 17:05:00,0.0,0.0,1.16815,0.0,0.0
2014-07-16 17:10:00,0.0,0.0,1.45963,0.0,0.0
2014-07-16 17:15:00,0.0,0.0,1.53805,0.0,0.0
2014-07-16 17:20:00,0.0,0.0,1.45433,0.0,0.0
2014-07-16 17:25:00,0.0,0.0,1.48598,0.0,0.0
2014-07-16 17:30:00,0.0,0.0,1.81784,0.0,0.0
2014-07-16 17:35:00,0.0,0.0,1.96269,0.0,0.0
2014-07-16 17:40:00,0.0,0.0,1.9701,0.0,0.0
2014-07-16 17:45:00,0.0,0.0,1.82376,0.0,0.0
2014-07-16 17:50:00,0.0,0.0,2.02015,0.0,0.0
2014-07-16 17:55:00,0.0,0.0,2.71928,0.0,0.0
2014-07-16 18:00:00,0.0,0.0,2.63244,0.0,0.0
2014-07-16 18:05:00,0.0,0.0,2.60989,0.0,0.0
2014-07-16 18:10:00,0.0,0.0,2.30844,0.0,0.0
2014-07-16 18:15:00,0.0,0.0,2.29836,0.0,0.0
2014-07-16 18:20:00,0.0,0.0,2.38907,0.0,0.0
2014-07-16 18:25:00,0.0,0.0,2.57502,0.0,0.0
2014-07-16 18:30:00,0.0,0.0,2.25551,0.0,0.0
2014-07-16 18:35:00,0.0,0.0,1.61726,0.0,0.0
2014-07-16 18:40:00,0.117964904,0.0,1.6069,0.0,0.0
2014-07-16 18:45:00,0.0,0.0,2.63102,0.0,0.0
2014-07-16 18:55:00,0.103039529,0.0,2.16645,0.0,0.0
2014-07-16 19:05:00,0.065186977,0.0,2.12854,0.0,0.0
2014-07-16 19:10:00,0.0,0.0,2.19184,0.0,0.0
2014-07-16 19:20:00,0.0,0.0,1.63945,0.0,0.0
2014-07-16 19:25:00,0.0,0.0,1.68312,0.0,0.0
2014-07-16 19:30:00,0.0,0.0,1.40293,0.0,0.0
2014-07-16 19:35:00,0.0,0.0,1.29217,0.0,0.0
2014-07-16 19:40:00,0.0,0.0,1.44025,0.0,0.0
2014-07-16 19:45:00,0.0,0.0,1.66429,0.0,0.0
2014-07-16 19:50:00,0.0,0.0,2.5219,0.0,0.0
2014-07-16 19:55:00,0.0,0.0,2.79287,0.0,0.0
2014-07-16 20:00:00,0.0,0.0,3.48288,0.0,0.0
2014-07-16 20:05:00,0.0,0.0,4.01703,0.0,0.0
2014-07-16 20:10:00,0.0,0.0,4.52029,0.0,0.0
2014-07-16 20:15:00,0.0,0.0,6.6421,0.0,0.0
2014-07-16 20:20:00,0.0,0.0,6.63931,0.0,0.0
2014-07-16 20:25:00,0.0,0.0,7.53493,0.0,0.0
2014-07-16 20:30:00,0.0,0.0,7.35691,0.0,0.0
2014-07-16 20:35:00,0.0,0.0,2.29827,0.0,0.0
2014-07-16 20:40:00,0.0,0.0,2.58979,0.0,0.0
2014-07-16 20:45:00,0.0,0.0,2.0708,0.0,0.0
2014-07-16 20:50:00,0.0,0.0,1.79465,0.0,0.0
2014-07-16 20:55:00,0.0,0.0,1.8423,0.0,0.0
2014-07-16 21:00:00,0.0,0.0,2.12478,0.0,0.0
2014-07-16 21:05:00,0.0,0.0,1.70608,0.0,0.0
2014-07-16 21:10:00,0.0,0.0,1.46786,0.0,0.0
2014-07-16 21:15:00,0.0,0.0,1.54921,0.0,0.0
2014-07-16 21:20:00,0.0,0.0,1.46009,0.0,0.0
2014-07-16 21:25:00,0.0,0.0,1.74359,0.0,0.0
2014-07-16 21:30:00,0.0,0.0,2.5244,0.0,0.0
2014-07-16 21:35:00,0.0,0.0,1.93509,0.0,0.0
2014-07-16 21:40:00,0.0,0.0,1.83685,0.0,0.0
2014-07-16 21:45:00,0.0,0.0,1.8382,0.0,0.0
2014-07-16 21:50:00,0.0,0.0,1.83247,0.0,0.0
2014-07-16 21:55:00,0.0,0.0,1.92034,0.0,0.0
2014-07-16 22:00:00,0.0,0.0,1.69571,0.0,0.0
2014-07-16 22:05:00,0.0,0.0,1.913,0.0,0.0
2014-07-16 22:10:00,0.0,0.0,2.33813,0.0,0.0
2014-07-16 22:15:00,0.0,0.0,2.71171,0.0,0.0
2014-07-16 22:20:00,0.0,0.0,3.00406,0.0,0.0
2014-07-16 22:25:00,0.0,0.0,2.77542,0.0,0.0
2014-07-16 22:30:00,0.0,0.0,2.68069,0.0,0.0
2014-07-16 22:35:00,0.0,0.0,2.59604,0.0,0.0
2014-07-16 22:40:00,0.0,0.0,2.48854,0.0,0.0
2014-07-16 22:45:00,0.0,0.0,2.17992,0.0,0.0
2014-07-16 22:50:00,0.0,0.0,2.34606,0.0,0.0
2014-07-16 22:55:00,0.0,0.0,1.89721,0.0,0.0
2014-07-16 23:00:00,0.0,0.0,1.09673,0.0,0.0
2014-07-16 23:05:00,0.0,0.0,1.06415,0.0,0.0
2014-07-16 23:10:00,0.0,0.0,1.07785,0.0,0.0
2014-07-16 23:15:00,0.0,0.0,0.941251,0.0,0.0
2014-07-16 23:20:00,0.0,0.0,1.05854,0.0,0.0
2014-07-16 23:25:00,0.0,0.0,1.64529,0.0,0.0
2014-07-16 23:30:00,0.0,0.0,1.4075,0.0,0.0
2014-07-16 23:35:00,0.0,0.0,1.85626,0.0,0.0
2014-07-16 23:40:00,0.0,0.0,1.73578,0.0,0.0
2014-07-16 23:45:00,0.0,0.0,1.80748,0.0,0.0
2014-07-16 23:50:00,0.0,0.0,1.86233,0.0,0.0
2014-07-16 23:55:00,0.0,0.0,1.67561,0.0,0.0
2014-07-17 00:00:00,0.0,0.0,1.90786,0.0,0.0
2014-07-17 00:05:00,0.0,0.0,1.85939,0.0,0.0
2014-07-17 00:10:00,0.0,0.0,1.79666,0.0,0.0
2014-07-17 00:15:00,0.0,0.0,1.81456,0.0,0.0
2014-07-17 00:20:00,0.0,0.0,1.9217,0.0,0.0
2014-07-17 00:25:00,0.0,0.0,2.0021,0.0,0.0
2014-07-17 00:30:00,0.0,0.0,2.11182,0.0,0.0
2014-07-17 00:35:00,0.0,0.0,2.12607,0.0,0.0
2014-07-17 00:40:00,0.0,0.0,2.42317,0.0,0.0
2014-07-17 00:45:00,0.0,0.0,2.49431,0.0,0.0
2014-07-17 00:50:00,0.0,0.0,2.45925,0.0,0.0
2014-07-17 00:55:00,0.0,0.0,2.42045,0.0,0.0
2014-07-17 01:00:00,0.0,0.0,2.33622,0.0,0.0
2014-07-17 01:05:00,0.0,0.0,2.40149,0.0,0.0
2014-07-17 01:15:00,0.0,0.0,2.39828,0.0,0.0
2014-07-17 01:20:00,0.0,0.0,2.45351,0.0,0.0
2014-07-17 01:25:00,0.0,0.0,2.39325,0.0,0.0
2014-07-17 01:30:00,0.0,0.0,2.40513,0.0,0.0
2014-07-17 01:35:00,0.0,0.0,2.5589,0.0,0.0
2014-07-17 01:40:00,0.0,0.0,2.52509,0.0,0.0
2014-07-17 01:45:00,0.0,0.0,2.55818,0.0,0.0
2014-07-17 01:50:00,0.0,0.0,2.5688,0.0,0.0
2014-07-17 01:55:00,0.0,0.0,2.47218,0.0,0.0
2014-07-17 02:00:00,0.0,0.0,2.71074,0.0,0.0
2014-07-17 02:05:00,0.0,0.0,2.89977,0.0,0.0
2014-07-17 02:10:00,0.0,0.0,3.05482,0.0,0.0
2014-07-17 02:15:00,0.0,0.0,3.21861,0.0,0.0
2014-07-17 02:20:00,0.0,0.0,3.28428,0.0,0.0
2014-07-17 02:25:00,0.0,0.0,3.38302,0.0,0.0
2014-07-17 02:30:00,0.0,0.0,,0.0,0.0
2014-07-17 02:35:00,0.0,0.0,,0.0,0.0
2014-07-17 02:40:00,0.0,0.0,,0.0,0.0
2014-07-17 02:45:00,0.0,0.0,,0.0,0.0
2014-07-17 02:50:00,0.0,0.0,,0.0,0.0
2014-07-17 02:55:00,0.0,0.0,,0.0,0.0
2014-07-17 03:00:00,0.0,0.0,,0.0,0.0
2014-07-17 03:05:00,0.0,0.0,,0.0,0.0
2014-07-17 03:10:00,0.0,0.0,,0.0,0.0
2014-07-17 03:15:00,0.0,0.0,,0.0,0.0
2014-07-17 03:20:00,0.0,0.0,,0.0,0.0
2014-07-17 03:25:00,0.0,0.0,,0.0,0.0
2014-07-17 03:30:00,0.0,0.0,,0.0,0.0
2014-07-17 03:35:00,0.0,0.0,,0.0,0.0
2014-07-17 03:40:00,0.0,0.0,,0.0,0.0
2014-07-17 03:45:00,0.0,0.0,,0.0,0.0
2014-07-17 03:50:00,0.0,0.0,,0.0,0.0
2014-07-17 03:55:00,0.0,0.0,,0.0,0.0
2014-07-17 04:00:00,0.0,0.0,,0.0,0.0
2014-07-17 04:05:00,0.0,0.0,,0.0,0.0
2014-07-17 04:10:00,0.0,0.0,,0.0,0.0
2014-07-17 04:15:00,0.0,0.0,,0.0,0.0
2014-07-17 04:20:00,0.0,0.0,,0.0,0.0
2014-07-17 04:25:00,0.0,0.0,,0.0,0.0
2014-07-17 04:30:00,0.0,0.0,,0.0,0.0
2014-07-17 04:35:00,0.0,0.0,,0.0,0.0
2014-07-17 04:40:00,0.0,0.0,,0.0,0.0
2014-07-17 04:45:00,0.0,0.0,,0.0,0.0
2014-07-17 04:50:00,0.0,0.0,,0.0,0.0
2014-07-17 04:55:00,0.0,0.0,,0.0,0.0
2014-07-17 05:00:00,0.0,0.0,,0.0,0.0
2014-07-17 05:05:00,0.0,0.0,,0.0,0.0
2014-07-17 05:10:00,0.0,0.0,,0.0,0.0
2014-07-17 05:15:00,0.0,0.0,,0.0,0.0
2014-07-17 05:20:00,0.0,0.0,,0.0,0.0
2014-07-17 05:25:00,0.0,0.0,,0.0,0.0
2014-07-17 05:30:00,0.0,0.0,,0.0,0.0
2014-07-17 05:35:00,0.0,0.0,,0.0,0.0
2014-07-17 05:40:00,0.0,0.0,,0.0,0.0
2014-07-17 05:45:00,0.0,0.0,,0.0,0.0
2014-07-17 05:50:00,0.0,0.0,,1.0,-1.0
2014-07-17 05:55:00,0.0,0.0,,1.0,0.0
2014-07-17 06:00:00,0.0,0.0,,1.0,0.0
2014-07-17 06:05:00,0.0,0.0,,1.0,0.0
2014-07-17 06:10:00,0.0,0.0,,1.0,0.0
2014-07-17 06:15:00,0.0,0.0,,1.0,0.0
2014-07-17 06:20:00,0.0,0.0,,1.0,0.0
2014-07-17 06:25:00,0.0,0.0,,1.0,0.0
2014-07-17 06:30:00,0.0,0.0,,1.0,0.0
2014-07-17 06:35:00,0.0,0.0,,1.0,0.0
2014-07-17 06:40:00,0.0,0.0,,1.0,0.0
2014-07-17 06:45:00,0.0,0.0,,1.0,0.0
2014-07-17 06:50:00,0.0,0.0,,1.0,0.0
2014-07-17 06:55:00,0.0,0.0,,1.0,0.0
2014-07-17 07:00:00,0.0,0.0,,1.0,0.0
2014-07-17 07:05:00,0.0,0.0,,1.0,0.0
2014-07-17 07:10:00,0.0,0.0,,1.0,0.0
2014-07-17 07:15:00,0.0,0.0,,1.0,0.0
2014-07-17 07:20:00,0.0,0.0,,1.0,0.0
2014-07-17 07:25:00,0.0,0.0,,1.0,0.0
2014-07-17 07:30:00,0.0,0.0,,1.0,0.0
2014-07-17 07:35:00,0.0,0.0,,1.0,0.0
2014-07-17 07:40:00,0.0,0.0,,1.0,0.0
2014-07-17 07:45:00,0.0,0.0,,1.0,0.0
2014-07-17 07:50:00,0.0,0.0,,1.0,0.0
2014-07-17 07:55:00,0.0,0.0,,1.0,0.0
2014-07-17 08:00:00,0.0,0.0,,1.0,0.0
2014-07-17 08:05:00,0.0,0.0,,1.0,0.0
2014-07-17 08:10:00,0.0,0.0,,1.0,0.0
2014-07-17 08:15:00,0.0,0.0,,1.0,0.0
2014-07-17 08:20:00,0.0,0.0,,1.0,0.0
2014-07-17 08:25:00,0.0,0.0,,1.0,0.0
2014-07-17 08:30:00,0.077423356,0.0,,1.0,0.0
2014-07-17 08:35:00,0.098985658,0.0,,1.0,0.0
2014-07-17 08:40:00,0.0,0.0,,1.0,0.0
2014-07-17 08:50:00,0.0,0.0,,1.0,0.0
2014-07-17 08:55:00,0.0,0.0,,1.0,0.0
2014-07-17 09:00:00,0.0,0.0,,1.0,0.0
2014-07-17 09:05:00,0.0,0.0,,1.0,0.0
2014-07-17 09:10:00,0.0,0.0,,1.0,0.0
2014-07-17 09:15:00,0.0,0.0,,1.0,0.0
2014-07-17 09:20:00,0.0,0.0,,1.0,0.0
2014-07-17 09:25:00,0.0,0.0,,1.0,0.0
2014-07-17 09:30:00,0.0,0.0,,1.0,0.0
2014-07-17 09:35:00,0.0,0.0,,1.0,0.0
2014-07-17 09:40:00,0.0,0.0,,1.0,0.0
2014-07-17 09:45:00,0.0,0.0,,1.0,0.0
2014-07-17 09:50:00,0.0,0.0,,1.0,0.0
2014-07-17 09:55:00,0.0,0.0,,1.0,0.0
2014-07-17 10:00:00,0.0,0.0,,1.0,0.0
2014-07-17 10:05:00,0.0,0.0,,1.0,0.0
2014-07-17 10:10:00,0.0,0.0,,1.0,0.0
2014-07-17 10:15:00,0.0,0.0,,1.0,0.0
2014-07-17 10:20:00,0.0,0.0,,1.0,0.0
2014-07-17 10:25:00,0.0,0.0,,1.0,0.0
2014-07-17 10:30:00,0.0,0.0,,1.0,0.0
2014-07-17 10:35:00,0.0,0.0,,1.0,0.0
2014-07-17 10:40:00,0.0,0.0,,1.0,0.0
2014-07-17 10:45:00,0.0,0.0,,1.0,0.0
2014-07-17 10:50:00,0.0,0.0,,1.0,0.0
2014-07-17 10:55:00,0.0,0.0,,1.0,0.0
2014-07-17 11:00:00,0.0,0.0,,1.0,0.0
2014-07-17 11:05:00,0.0,0.0,,1.0,0.0
2014-07-17 11:10:00,0.075698766,0.0,,1.0,0.0
2014-07-17 11:15:00,0.0,0.0,,1.0,0.0
2014-07-17 11:20:00,0.0,0.0,,1.0,0.0
2014-07-17 11:25:00,0.0,0.0,,1.0,0.0
2014-07-17 11:30:00,0.0,0.0,,1.0,0.0
2014-07-17 11:35:00,0.0,0.0,,1.0,0.0
2014-07-17 11:45:00,0.0,0.0,,1.0,0.0
2014-07-17 11:50:00,0.0,0.0,,1.0,0.0
2014-07-17 12:00:00,0.0,0.0,,1.0,0.0
2014-07-17 12:05:00,0.0,0.0,,1.0,0.0
2014-07-17 12:10:00,0.099804997,0.0,,1.0,0.0
2014-07-17 12:15:00,0.154392838,0.0,,1.0,0.0
2014-07-17 12:20:00,0.0,0.0,,1.0,0.0
2014-07-17 12:25:00,0.0,0.0,,1.0,0.0
2014-07-17 12:30:00,0.100179557,0.0,,1.0,0.0
2014-07-17 12:35:00,0.096398302,0.0,,1.0,0.0
2014-07-17 12:40:00,0.080038962,0.0,,1.0,0.0
2014-07-17 12:45:00,0.145575047,0.0,,1.0,0.0
2014-07-17 12:50:00,0.079540943,0.0,,1.0,0.0
2014-07-17 12:55:00,0.122484446,0.0,,1.0,0.0
2014-07-17 13:00:00,0.092316898,0.0,,1.0,0.0
2014-07-17 13:05:00,0.181797504,0.0,,1.0,0.0
2014-07-17 13:10:00,0.181043005,0.0,,1.0,0.0
2014-07-17 13:15:00,0.167886972,0.0,,1.0,0.0
2014-07-17 13:20:00,0.185409403,0.0,,1.0,0.0
2014-07-17 13:25:00,0.160965562,0.0,,1.0,0.0
2014-07-17 13:30:00,0.213152885,0.0,,1.0,0.0
2014-07-17 16:30:00,0.256532192,0.0,,1.0,0.0
2014-07-17 21:30:00,0.0,0.0,,1.0,0.0
2014-07-18 03:30:00,0.0,0.0,,1.0,0.0
2014-07-18 06:40:00,0.0,0.0,,1.0,0.0
2014-07-18 06:45:00,0.0,0.0,,1.0,0.0
2014-07-18 06:50:00,0.0,0.0,,0.0,0.0
2014-07-18 06:55:00,0.075918346,0.0,,0.0,0.0
2014-07-18 07:00:00,0.088902824,0.0,,0.0,0.0
2014-07-18 07:05:00,0.0,0.0,,0.0,0.0
2014-07-18 07:10:00,0.0,0.0,,0.0,0.0
2014-07-18 07:15:00,0.0,0.0,,0.0,0.0
2014-07-18 07:20:00,0.0,0.0,,0.0,0.0
2014-07-18 07:25:00,0.0,0.0,,0.0,0.0
2014-07-18 08:35:00,0.076298019,0.0,,0.0,0.0
2014-07-18 08:40:00,0.078025562,0.0,,0.0,0.0
2014-07-18 08:45:00,0.129002392,0.0,,0.0,0.0
2014-07-18 08:50:00,0.0,0.0,,0.0,0.0
2014-07-18 08:55:00,0.0,0.0,,0.0,0.0
2014-07-18 09:00:00,0.0,0.0,,0.0,0.0
2014-07-18 09:05:00,0.0,0.0,,0.0,0.0
2014-07-18 09:10:00,0.0,0.0,,0.0,0.0
2014-07-18 09:15:00,0.0,0.0,,0.0,0.0
2014-07-18 09:20:00,0.0,0.0,,0.0,0.0
2014-07-18 09:25:00,0.0,0.0,,0.0,0.0
2014-07-18 09:30:00,0.0,0.0,,0.0,0.0
2014-07-18 09:35:00,0.0,0.0,,0.0,0.0
2014-07-18 09:40:00,0.0,0.0,,0.0,0.0
2014-07-18 09:45:00,0.0,0.0,,0.0,0.0
2014-07-18 09:50:00,0.0,0.0,,0.0,0.0
2014-07-18 09:55:00,0.0,0.0,,0.0,0.0
2014-07-18 10:00:00,0.0,0.0,,0.0,0.0
2014-07-18 10:55:00,0.0,0.0,,0.0,0.0
2014-07-18 11:00:00,0.0,0.0,,0.0,0.0
2014-07-18 11:05:00,0.0,0.0,,0.0,0.0
2014-07-18 11:10:00,0.0,0.0,,0.0,0.0
2014-07-18 11:15:00,0.0,0.0,,0.0,0.0
2014-07-18 11:20:00,0.0,0.0,,0.0,0.0
2014-07-18 11:25:00,0.0,0.0,,0.0,0.0
2014-07-18 11:30:00,0.0,0.0,,0.0,0.0
2014-07-18 11:50:00,0.0,0.0,,0.0,0.0
2014-07-18 11:55:00,0.0,0.0,,0.0,0.0
2014-07-18 12:00:00,0.0,0.0,,0.0,0.0
2014-07-18 12:05:00,0.0,0.0,,0.0,0.0
2014-07-18 12:10:00,0.0,0.0,,0.0,0.0
2014-07-18 12:15:00,0.0,0.0,,0.0,0.0
2014-07-18 12:20:00,0.0,0.0,,0.0,0.0
2014-07-18 12:25:00,0.0,0.0,,0.0,0.0
2014-07-18 12:30:00,0.0,0.0,,0.0,0.0
2014-07-18 12:35:00,0.0,0.0,,0.0,0.0
2014-07-18 12:40:00,0.0,0.0,,0.0,0.0
2014-07-18 12:50:00,0.0,0.0,,0.0,0.0
2014-07-18 12:55:00,0.0,0.0,,0.0,0.0
2014-07-18 13:00:00,0.0,0.0,,0.0,0.0
2014-07-18 13:05:00,0.0,0.0,,0.0,0.0
2014-07-18 13:10:00,0.0,0.0,,0.0,0.0
2014-07-18 13:30:00,0.0,0.0,,0.0,0.0
2014-07-20 05:35:00,0.088370199,0.0,,0.0,0.0
2014-07-20 05:40:00,0.078759973,0.0,,0.0,0.0
2014-07-20 05:45:00,0.083010178,0.0,,0.0,0.0
2014-07-20 05:50:00,0.088616947,0.0,,0.0,0.0
2014-07-20 05:55:00,0.085390379,0.0,,0.0,0.0
2014-07-20 06:00:00,0.083756364,0.0,,0.0,0.0
2014-07-20 06:05:00,0.125853002,0.0,,0.0,0.0
2014-07-20 06:10:00,0.086653279,0.0,,0.0,0.0
2014-07-20 06:15:00,0.064589664,0.0,,0.0,0.0
2014-07-20 06:20:00,0.081922395,0.0,,0.0,0.0
2014-07-20 06:25:00,0.081532863,0.0,,0.0,0.0
2014-07-20 06:30:00,0.079646328,0.0,,0.0,0.0
2014-07-20 06:35:00,0.090795596,0.0,,0.0,0.0
2014-07-20 06:40:00,0.075009891,0.0,,0.0,0.0
2014-07-20 06:45:00,0.083280383,0.0,,0.0,0.0
2014-07-20 06:50:00,0.067865371,0.0,,0.0,0.0
2014-07-20 06:55:00,0.071016709,0.0,,0.0,0.0
2014-07-20 07:00:00,0.065320139,0.0,,0.0,0.0
2014-07-20 07:05:00,0.081546221,0.0,,0.0,0.0
2014-07-20 07:10:00,0.083857194,0.0,,0.0,0.0
2014-07-20 07:15:00,0.089255643,0.0,,0.0,0.0
2014-07-20 07:20:00,0.06688303,0.0,,0.0,0.0
2014-07-20 07:25:00,0.064959883,0.0,,0.0,0.0
2014-07-20 07:30:00,0.06097663,0.0,,0.0,0.0
2014-07-20 07:35:00,0.059792013,0.0,,0.0,0.0
2014-07-20 07:40:00,0.078348523,0.0,,0.0,0.0
2014-07-20 07:45:00,0.077374113,0.0,,0.0,0.0
2014-07-20 07:50:00,0.079664009,0.0,,0.0,0.0
2014-07-20 07:55:00,0.087771093,0.0,,0.0,0.0
2014-07-20 08:00:00,0.076440345,0.0,,0.0,0.0
2014-07-20 08:05:00,0.082591134,0.0,,0.0,0.0
2014-07-20 08:10:00,0.07116006,0.0,,0.0,0.0
2014-07-20 08:15:00,0.091661677,0.0,,0.0,0.0
2014-07-20 08:20:00,0.084915466,0.0,,0.0,0.0
2014-07-20 08:25:00,0.081899181,0.0,,0.0,0.0
2014-07-20 08:30:00,0.082369635,0.0,,0.0,0.0
2014-07-20 08:35:00,0.087235705,0.0,,0.0,0.0
2014-07-21 11:20:00,0.071238098,0.0,,0.0,0.0
2014-07-21 11:25:00,0.086916148,0.0,,0.0,0.0
2014-07-21 11:30:00,0.073151928,0.0,,0.0,0.0
2014-07-21 11:35:00,0.075275989,0.0,,0.0,0.0
2014-07-21 11:40:00,0.079913506,0.0,,0.0,0.0
2014-07-21 11:45:00,0.079200711,0.0,,0.0,0.0
2014-07-21 11:50:00,0.102046473,0.0,,0.0,0.0
2014-07-21 11:55:00,0.072009265,0.0,,0.0,0.0
2014-07-21 12:00:00,0.0,0.0,,0.0,0.0
2014-07-21 12:05:00,0.093747727,0.0,,0.0,0.0
2014-07-21 12:10:00,0.071929527,0.0,,0.0,0.0
2014-07-21 12:15:00,0.092240284,0.0,,0.0,0.0
2014-07-21 12:20:00,0.086075517,0.0,,0.0,0.0
2014-07-21 12:25:00,0.103967011,0.0,,0.0,0.0
2014-07-21 12:30:00,0.0,0.0,,0.0,0.0
2014-07-21 12:35:00,0.0,0.0,,0.0,0.0
2014-07-21 12:40:00,0.0,0.0,,0.0,0.0
2014-07-21 12:45:00,0.086884194,0.0,,0.0,0.0
2014-07-21 12:50:00,0.117275238,0.0,,0.0,0.0
2014-07-21 12:55:00,0.0,0.0,,0.0,0.0
2014-07-21 13:00:00,0.0,0.0,,0.0,0.0
2014-07-21 13:20:00,0.081546437,0.0,,0.0,0.0
2014-07-21 13:25:00,0.0,0.0,,0.0,0.0
2014-07-21 13:30:00,0.0,0.0,,0.0,0.0
2014-07-21 13:35:00,0.0,0.0,,0.0,0.0
2014-07-21 13:40:00,0.0,0.0,,0.0,0.0
2014-07-22 02:00:00,0.082676935,0.0,,0.0,0.0
2014-07-22 02:05:00,0.072176677,0.0,,0.0,0.0
2014-07-22 02:10:00,0.1026359,0.0,,0.0,0.0
2014-07-22 02:15:00,0.068788141,0.0,,0.0,0.0
2014-07-22 02:20:00,0.076415445,0.0,,0.0,0.0
2014-07-22 02:25:00,0.069610348,0.0,,0.0,0.0
2014-07-22 02:30:00,0.074864876,0.0,,0.0,0.0
2014-07-22 02:35:00,0.063544522,0.0,,0.0,0.0
2014-07-22 02:40:00,0.099381566,0.0,,0.0,0.0
2014-07-22 02:45:00,0.0,0.0,,0.0,0.0
2014-07-22 02:50:00,0.066098839,0.0,,0.0,0.0
2014-07-22 02:55:00,0.077184598,0.0,,0.0,0.0
2014-07-22 03:00:00,0.067246207,0.0,,0.0,0.0
2014-07-22 03:05:00,0.0,0.0,,0.0,0.0
2014-07-22 03:10:00,0.07331007,0.0,,0.0,0.0
2014-07-22 03:15:00,0.078239918,0.0,,0.0,0.0
2014-07-22 03:20:00,0.074598854,0.0,,0.0,0.0
2014-07-22 03:25:00,0.074727423,0.0,,0.0,0.0
2014-07-22 03:30:00,0.106285294,0.0,,0.0,0.0
2014-07-22 03:35:00,0.071302036,0.0,,0.0,0.0
2014-07-22 03:40:00,0.069261506,0.0,,0.0,0.0
2014-07-22 03:45:00,0.071043954,0.0,,0.0,0.0
2014-07-22 03:50:00,0.07251629,0.0,,0.0,0.0
2014-07-22 03:55:00,0.081079956,0.0,,0.0,0.0
2014-07-22 04:00:00,0.072769252,0.0,,0.0,0.0
2014-07-22 04:35:00,0.086065877,0.0,,0.0,0.0
2014-07-22 04:40:00,0.083973031,0.0,,0.0,0.0
2014-07-22 04:45:00,0.080356677,0.0,,0.0,0.0
2014-07-22 04:50:00,0.087925255,0.0,,0.0,0.0
2014-07-22 04:55:00,0.079779863,0.0,,0.0,0.0
2014-07-22 05:00:00,0.0,0.0,,0.0,0.0
2014-07-22 05:05:00,0.0,0.0,,0.0,0.0
2014-07-22 05:10:00,0.087990178,0.0,,0.0,0.0
2014-07-22 05:15:00,0.084475369,0.0,,0.0,0.0
2014-07-22 05:20:00,0.105537585,0.0,,0.0,0.0
2014-07-22 05:25:00,0.083881527,0.0,,0.0,0.0
2014-07-22 05:30:00,0.087496805,0.0,,0.0,0.0
2014-07-22 05:35:00,0.073710733,0.0,,0.0,0.0
2014-07-22 05:40:00,0.066292941,0.0,,0.0,0.0
2014-07-22 05:45:00,0.06467717,0.0,,0.0,0.0
2014-07-22 05:50:00,0.070625947,0.0,,0.0,0.0
2014-07-22 05:55:00,0.069643898,0.0,,0.0,0.0
2014-07-22 06:00:00,0.066808108,0.0,,0.0,0.0
2014-07-22 06:05:00,0.074006823,0.0,,0.0,0.0
2014-07-22 06:10:00,0.09600998,0.0,,0.0,0.0
2014-07-22 06:15:00,0.070130505,0.0,,0.0,0.0
2014-07-22 06:20:00,0.087109518,0.0,,0.0,0.0
2014-07-22 06:25:00,0.067063945,0.0,,0.0,0.0
2014-07-22 06:30:00,0.089206405,0.0,,0.0,0.0
2014-07-22 06:35:00,0.062315247,0.0,,0.0,0.0
2014-07-22 06:40:00,0.071898393,0.0,,0.0,0.0
2014-07-22 06:45:00,0.081883682,0.0,,0.0,0.0
2014-07-22 06:50:00,0.077740383,0.0,,0.0,0.0
2014-07-22 06:55:00,0.101794004,0.0,,0.0,0.0
2014-07-22 07:00:00,0.075867248,0.0,,0.0,0.0
2014-07-22 07:05:00,0.078512921,0.0,,0.0,0.0
2014-07-22 07:10:00,0.087242691,0.0,,0.0,0.0
2014-07-22 07:15:00,0.068022267,0.0,,0.0,0.0
2014-07-22 07:20:00,0.065473058,0.0,,0.0,0.0
2014-07-22 07:25:00,0.071137232,0.0,,0.0,0.0
2014-07-22 07:30:00,0.091192008,0.0,,0.0,0.0
2014-07-22 07:35:00,0.083842861,0.0,,0.0,0.0
2014-07-22 07:40:00,0.084881976,0.0,,0.0,0.0
2014-07-22 07:45:00,0.069177867,0.0,,0.0,0.0
2014-07-22 07:50:00,0.065212768,0.0,,0.0,0.0
2014-07-22 07:55:00,0.06537169,0.0,,0.0,0.0
2014-07-22 08:00:00,0.0,0.0,,0.0,0.0
2014-07-22 08:05:00,0.0,0.0,,0.0,0.0
2014-07-22 08:15:00,0.066673024,0.0,,0.0,0.0
2014-07-22 08:20:00,0.081489706,0.0,,0.0,0.0
2014-07-22 08:25:00,0.087758636,0.0,,0.0,0.0
2014-07-22 08:30:00,0.076958272,0.0,,0.0,0.0
2014-07-22 08:35:00,0.081872515,0.0,,0.0,0.0
2014-07-22 08:40:00,0.067498434,0.0,,0.0,0.0
2014-07-22 08:45:00,0.077520247,0.0,,0.0,0.0
2014-07-22 08:50:00,0.07340019,0.0,,0.0,0.0
2014-07-22 08:55:00,0.077518924,0.0,,0.0,0.0
2014-07-22 09:00:00,0.077860681,0.0,,0.0,0.0
2014-07-22 09:05:00,0.081376882,0.0,,0.0,0.0
2014-07-22 09:10:00,0.078736668,0.0,,0.0,0.0
2014-07-22 09:15:00,0.081914268,0.0,,0.0,0.0
2014-07-22 09:20:00,0.084949445,0.0,,0.0,0.0
2014-07-22 09:25:00,0.085251038,0.0,,0.0,0.0
2014-07-22 09:30:00,0.087944,0.0,,0.0,0.0
2014-07-22 09:35:00,0.087185803,0.0,,0.0,0.0
2014-07-22 09:40:00,0.08670235,0.0,,0.0,0.0
2014-07-22 09:45:00,0.079396967,0.0,,0.0,0.0
2014-07-22 09:50:00,0.064100263,0.0,,0.0,0.0
2014-07-22 09:55:00,0.0,0.0,,0.0,0.0
2014-07-22 10:00:00,0.0,0.0,,0.0,0.0
2014-07-22 10:05:00,0.0,0.0,,0.0,0.0
2014-07-22 10:10:00,0.0,0.0,,0.0,0.0
2014-07-22 10:15:00,0.075937231,0.0,,0.0,0.0
2014-07-22 10:20:00,0.063441813,0.0,,0.0,0.0
2014-07-22 10:25:00,0.088864777,0.0,,0.0,0.0
2014-07-22 10:30:00,0.0,0.0,,0.0,0.0
2014-07-22 10:35:00,0.0,0.0,,0.0,0.0
2014-07-22 10:40:00,0.0,0.0,,0.0,0.0
2014-07-22 10:45:00,0.0,0.0,,0.0,0.0
2014-07-22 10:50:00,0.0,0.0,,0.0,0.0
2014-07-22 10:55:00,0.0,0.0,,0.0,0.0
2014-07-22 11:00:00,0.066337222,0.0,,0.0,0.0
2014-07-22 11:05:00,0.082180786,0.0,,0.0,0.0
2014-07-22 11:10:00,0.0,0.0,,0.0,0.0
2014-07-22 11:20:00,0.082968481,0.0,,0.0,0.0
2014-07-22 11:25:00,0.094356045,0.0,,0.0,0.0
2014-07-22 11:30:00,0.089771748,0.0,,0.0,0.0
2014-07-22 11:35:00,0.095347788,0.0,,0.0,0.0
2014-07-22 11:40:00,0.088703532,0.0,,0.0,0.0
2014-07-22 11:45:00,0.079930566,0.0,,0.0,0.0
2014-07-22 11:50:00,0.099499519,0.0,,0.0,0.0
2014-07-22 11:55:00,0.093424884,0.0,,0.0,0.0
2014-07-22 12:00:00,0.078719417,0.0,,0.0,0.0
2014-07-22 12:05:00,0.074829279,0.0,,0.0,0.0
2014-07-22 12:10:00,0.075621686,0.0,,0.0,0.0
2014-07-22 12:15:00,0.081784352,0.0,,0.0,0.0
2014-07-22 12:20:00,0.080311402,0.0,,0.0,0.0
2014-07-22 12:25:00,0.094215231,0.0,,0.0,0.0
2014-07-22 12:30:00,0.098539943,0.0,,0.0,0.0
2014-07-22 12:35:00,0.063090687,0.0,,0.0,0.0
2014-07-22 12:40:00,0.349751279,0.0,,0.0,0.0
2014-07-23 07:20:00,0.078692155,0.0,,0.0,0.0
2014-07-23 07:25:00,0.0,0.0,,0.0,0.0
2014-07-23 07:30:00,0.097602643,0.0,,0.0,0.0
2014-07-23 07:35:00,0.079580865,0.0,,0.0,0.0
2014-07-23 07:40:00,0.076324244,0.0,,0.0,0.0
2014-07-23 07:45:00,0.084324257,0.0,,0.0,0.0
2014-07-23 07:50:00,0.065346726,0.0,,0.0,0.0
2014-07-23 07:55:00,0.064352295,0.0,,0.0,0.0
2014-07-23 08:00:00,0.061049436,0.0,,0.0,0.0
2014-07-23 08:05:00,0.060983534,0.0,,0.0,0.0
2014-07-23 08:10:00,0.062208184,0.0,,0.0,0.0
2014-07-23 08:15:00,0.065034564,0.0,,0.0,0.0
2014-07-23 08:20:00,0.072705949,0.0,,0.0,0.0
2014-07-23 08:25:00,0.066192,0.0,,0.0,0.0
2014-07-23 08:30:00,0.064102241,0.0,,0.0,0.0
2014-07-23 08:35:00,0.067706804,0.0,,0.0,0.0
2014-07-23 08:40:00,0.061213848,0.0,,0.0,0.0
2014-07-23 08:45:00,0.0636799,0.0,,0.0,0.0
2014-07-23 08:50:00,0.069782054,0.0,,0.0,0.0
2014-07-23 08:55:00,0.066042146,0.0,,0.0,0.0
2014-07-23 09:05:00,0.083272074,0.0,,0.0,0.0
2014-07-23 09:10:00,0.069869126,0.0,,0.0,0.0
2014-07-23 09:15:00,0.089911461,0.0,,0.0,0.0
2014-07-23 09:20:00,0.0,0.0,,0.0,0.0
2014-07-23 09:25:00,0.0,0.0,,0.0,0.0
2014-07-23 09:30:00,0.0,0.0,,0.0,0.0
2014-07-23 09:35:00,0.0,0.0,,0.0,0.0
2014-07-23 09:40:00,0.0,0.0,,0.0,0.0
2014-07-23 09:45:00,0.0,0.0,,0.0,0.0
2014-07-23 09:50:00,0.0,0.0,,0.0,0.0
2014-07-23 09:55:00,0.0,0.0,,0.0,0.0
2014-07-23 10:05:00,0.0,0.0,,0.0,0.0
2014-07-23 10:10:00,0.070423741,0.0,,0.0,0.0
2014-07-23 10:15:00,0.073670626,0.0,,0.0,0.0
2014-07-23 10:20:00,0.0,0.0,,0.0,0.0
2014-07-23 10:25:00,0.066148576,0.0,,0.0,0.0
2014-07-23 10:30:00,0.067378998,0.0,,0.0,0.0
2014-07-23 10:35:00,0.059605674,0.0,,0.0,0.0
2014-07-23 10:40:00,0.064556568,0.0,,0.0,0.0
2014-07-23 10:45:00,0.064033921,0.0,,0.0,0.0
2014-07-23 10:50:00,0.076436295,0.0,,0.0,0.0
2014-07-23 10:55:00,0.068352964,0.0,,0.0,0.0
2014-07-23 11:00:00,0.087604841,0.0,,0.0,0.0
2014-07-23 11:05:00,0.065447872,0.0,,0.0,0.0
2014-07-23 11:10:00,0.068623924,0.0,,0.0,0.0
2014-07-23 11:15:00,0.073543434,0.0,,0.0,0.0
2014-07-23 11:20:00,0.078354799,0.0,,0.0,0.0
2014-07-23 11:25:00,0.073093331,0.0,,0.0,0.0
2014-07-23 11:30:00,0.061083667,0.0,,0.0,0.0
2014-07-23 11:35:00,0.076646452,0.0,,0.0,0.0
2014-07-23 11:40:00,0.068090503,0.0,,0.0,0.0
2014-07-23 11:45:00,0.081139378,0.0,,0.0,0.0
2014-07-23 11:50:00,0.895012153,0.0,,0.0,0.0
2014-07-23 11:55:00,0.084473344,0.0,,0.0,0.0
2014-07-23 12:00:00,0.069972732,0.0,,0.0,0.0
2014-07-23 12:05:00,0.076445091,0.0,,0.0,0.0
2014-07-23 12:10:00,0.082791699,0.0,,0.0,0.0
2014-07-23 12:15:00,0.096352205,0.0,,0.0,0.0
2014-07-23 12:20:00,0.077908076,0.0,,0.0,0.0
2014-07-23 12:25:00,0.075705942,0.0,,0.0,0.0
2014-07-23 12:30:00,0.072193476,0.0,,0.0,0.0
2014-07-23 12:35:00,0.064731841,0.0,,0.0,0.0
2014-07-23 12:40:00,0.076889346,0.0,,0.0,0.0
2014-07-23 12:45:00,0.06270653,0.0,,0.0,0.0
2014-07-23 12:50:00,0.065782364,0.0,,0.0,0.0
2014-07-23 12:55:00,0.070512584,0.0,,0.0,0.0
2014-07-23 13:00:00,0.065273208,0.0,,0.0,0.0
2014-07-23 13:05:00,0.063916911,0.0,,0.0,0.0
2014-07-23 13:10:00,0.062644989,0.0,,0.0,0.0
2014-07-23 13:15:00,0.066731398,0.0,,0.0,0.0
2014-07-23 13:20:00,0.063483177,0.0,,0.0,0.0
2014-07-23 13:25:00,0.073762227,0.0,,0.0,0.0
2014-07-23 13:30:00,0.09574565,0.0,,0.0,0.0
2014-07-23 13:35:00,0.063987507,0.0,,0.0,0.0
2014-07-23 13:40:00,0.0,0.0,,0.0,0.0
2014-07-23 13:45:00,0.061681696,0.0,,0.0,0.0
2014-07-23 13:50:00,0.067545557,0.0,,0.0,0.0
2014-07-23 13:55:00,0.36199113,0.0,,0.0,0.0
2014-07-23 14:00:00,0.067899971,0.0,,0.0,0.0
2014-07-23 14:05:00,0.068097341,0.0,,0.0,0.0
2014-07-23 14:10:00,0.068052681,0.0,,0.0,0.0
2014-07-23 14:15:00,0.067784277,0.0,,0.0,0.0
2014-07-23 14:20:00,0.071647039,0.0,,0.0,0.0
2014-07-23 14:25:00,0.072229549,0.0,,0.0,0.0
2014-07-23 14:30:00,0.071906585,0.0,,0.0,0.0
2014-07-23 14:35:00,0.067114268,0.0,,0.0,0.0
2014-07-23 14:40:00,0.099018082,0.0,,0.0,0.0
2014-07-23 14:45:00,0.610788546,0.0,,0.0,0.0
2014-07-23 14:50:00,0.073930318,0.0,,0.0,0.0
2014-07-23 14:55:00,0.0,0.0,,0.0,0.0
2014-07-23 15:00:00,0.071690316,0.0,,0.0,0.0
2014-07-23 15:05:00,0.077011813,0.0,,0.0,0.0
2014-07-23 15:10:00,0.067765429,0.0,,0.0,0.0
2014-07-23 15:15:00,0.072177464,0.0,,0.0,0.0
2014-07-23 15:20:00,0.067513486,0.0,,0.0,0.0
2014-07-23 15:25:00,0.064085774,0.0,,0.0,0.0
2014-07-23 15:30:00,0.062609541,0.0,,0.0,0.0
2014-07-23 15:35:00,0.061791321,0.0,,0.0,0.0
2014-07-23 16:50:00,0.072957139,0.0,,0.0,0.0
2014-07-23 16:55:00,0.070637001,0.0,,0.0,0.0
2014-07-23 17:00:00,0.075139932,0.0,,0.0,0.0
2014-07-23 17:05:00,0.088852105,0.0,,0.0,0.0
2014-07-23 17:10:00,0.082308069,0.0,,0.0,0.0
2014-07-23 17:15:00,0.074726225,0.0,,0.0,0.0
2014-07-23 17:20:00,0.079228689,0.0,,0.0,0.0
2014-07-23 17:25:00,0.067461448,0.0,,0.0,0.0
2014-07-23 17:30:00,0.07496677,0.0,,0.0,0.0
2014-07-23 17:35:00,0.076553275,0.0,,0.0,0.0
2014-07-23 17:40:00,0.064552832,0.0,,0.0,0.0
2014-07-23 17:45:00,0.068947534,0.0,,0.0,0.0
2014-07-23 17:50:00,0.067166564,0.0,,0.0,0.0
2014-07-23 17:55:00,0.07933624,0.0,,0.0,0.0
2014-07-23 18:00:00,0.074044645,0.0,,0.0,0.0
2014-07-23 18:05:00,0.0,0.0,,0.0,0.0
2014-07-23 18:10:00,0.0,0.0,,0.0,0.0
2014-07-23 18:15:00,0.065402345,0.0,,0.0,0.0
2014-07-23 18:20:00,0.092749881,0.0,,0.0,0.0
2014-07-23 18:25:00,0.096656305,0.0,,0.0,0.0
2014-07-23 18:30:00,0.098988258,0.0,,0.0,0.0
2014-07-23 18:35:00,0.101811358,0.0,,0.0,0.0
2014-07-23 18:40:00,0.093130313,0.0,,0.0,0.0
2014-07-23 18:45:00,0.092407793,0.0,,0.0,0.0
2014-07-23 18:50:00,0.0,0.0,,0.0,0.0
2014-07-23 18:55:00,0.061650065,0.0,,0.0,0.0
2014-07-23 19:15:00,0.0,0.0,,0.0,0.0
2014-07-23 19:20:00,0.092823676,0.0,,0.0,0.0
2014-07-23 19:25:00,0.074424922,0.0,,0.0,0.0
2014-07-23 19:30:00,0.0,0.0,,0.0,0.0
2014-07-23 19:35:00,0.072267516,0.0,,0.0,0.0
2014-07-23 19:40:00,0.0,0.0,,0.0,0.0
2014-07-23 19:45:00,0.0,0.0,,0.0,0.0
2014-07-23 19:50:00,0.0,0.0,,0.0,0.0
2014-07-23 19:55:00,0.088303709,0.0,,0.0,0.0
2014-07-23 20:00:00,0.063548088,0.0,,0.0,0.0
2014-07-23 20:05:00,0.0,0.0,,0.0,0.0
2014-07-23 20:10:00,0.0,0.0,,0.0,0.0
2014-07-23 20:15:00,0.0,0.0,,0.0,0.0
2014-07-23 20:20:00,0.0,0.0,,0.0,0.0
2014-07-24 05:55:00,0.063136461,0.0,,0.0,0.0
2014-07-24 06:00:00,0.072994453,0.0,,0.0,0.0
2014-07-24 06:05:00,0.07012359,0.0,,0.0,0.0
2014-07-24 06:10:00,0.108550088,0.0,,0.0,0.0
2014-07-24 06:15:00,0.0,0.0,,0.0,0.0
2014-07-24 06:25:00,0.069650797,0.0,,0.0,0.0
2014-07-24 06:30:00,0.094860491,0.0,,0.0,0.0
2014-07-24 06:35:00,0.065317447,0.0,,0.0,0.0
2014-07-24 06:40:00,0.09187328,0.0,,0.0,0.0
2014-07-24 06:45:00,0.101925869,0.0,,0.0,0.0
2014-07-24 06:50:00,0.104564421,0.0,,0.0,0.0
2014-07-24 06:55:00,0.080665497,0.0,,0.0,0.0
2014-07-24 07:00:00,0.101051966,0.0,,0.0,0.0
2014-07-24 07:05:00,0.0,0.0,,0.0,0.0
2014-07-24 07:10:00,0.0,0.0,,0.0,0.0
2014-07-24 07:15:00,0.074737694,0.0,,0.0,0.0
2014-07-24 07:20:00,0.069878197,0.0,,0.0,0.0
2014-07-24 08:45:00,0.0,0.0,,0.0,0.0
2014-07-24 08:50:00,0.0,0.0,,0.0,0.0
2014-07-24 08:55:00,0.0,0.0,,0.0,0.0
2014-07-24 09:00:00,0.0,0.0,,0.0,0.0
2014-07-24 09:05:00,0.0,0.0,,0.0,0.0
2014-07-24 09:10:00,0.0,0.0,,0.0,0.0
2014-07-24 09:15:00,0.0,0.0,,0.0,0.0
2014-07-24 09:20:00,0.0,0.0,,0.0,0.0
2014-07-24 09:25:00,0.0,0.0,,0.0,0.0
2014-07-24 09:30:00,0.0,0.0,,0.0,0.0
2014-07-24 09:35:00,0.0,0.0,,0.0,0.0
2014-07-24 09:40:00,0.0,0.0,,0.0,0.0
2014-07-24 09:45:00,0.062455331,0.0,,0.0,0.0
2014-07-24 09:50:00,0.070857845,0.0,,0.0,0.0
2014-07-24 09:55:00,0.068090968,0.0,,0.0,0.0
2014-07-24 10:00:00,0.079217003,0.0,,0.0,0.0
2014-07-24 10:05:00,0.057993155,0.0,,0.0,0.0
2014-07-24 10:10:00,0.06279552,0.0,,0.0,0.0
2014-07-24 10:15:00,0.063083849,0.0,,0.0,0.0
2014-07-24 10:20:00,0.064707347,0.0,,0.0,0.0
2014-07-24 10:25:00,0.061793969,0.0,,0.0,0.0
2014-07-24 10:30:00,0.057134586,0.0,,0.0,0.0
2014-07-24 10:35:00,0.066382056,0.0,,0.0,0.0
2014-07-24 10:40:00,0.065702486,0.0,,0.0,0.0
2014-07-24 10:45:00,0.075837884,0.0,,0.0,0.0
2014-07-24 10:50:00,0.071324852,0.0,,0.0,0.0
2014-07-24 10:55:00,0.072924837,0.0,,0.0,0.0
2014-07-24 11:00:00,0.068822214,0.0,,0.0,0.0
2014-07-24 11:05:00,0.067517329,0.0,,0.0,0.0
2014-07-24 11:10:00,0.072035726,0.0,,0.0,0.0
2014-07-24 11:15:00,0.069037403,0.0,,0.0,0.0
2014-07-24 11:20:00,0.064108242,0.0,,0.0,0.0
2014-07-24 11:25:00,0.060951365,0.0,,0.0,0.0
2014-07-24 11:30:00,0.067261475,0.0,,0.0,0.0
2014-07-24 11:35:00,0.063995,0.0,,0.0,0.0
2014-07-24 11:40:00,0.114735047,0.0,,0.0,0.0
2014-07-24 11:45:00,0.0,0.0,,0.0,0.0
2014-07-24 11:50:00,0.062882542,0.0,,0.0,0.0
2014-07-24 11:55:00,0.077318974,0.0,,0.0,0.0
2014-07-24 12:00:00,0.069855268,0.0,,0.0,0.0
2014-07-24 12:05:00,0.055725676,0.0,,0.0,0.0
2014-07-24 12:10:00,0.093738198,0.0,,0.0,0.0
2014-07-24 12:20:00,0.068159761,0.0,,0.0,0.0
2014-07-24 12:25:00,0.076422071,0.0,,0.0,0.0
2014-07-24 12:30:00,0.075878882,0.0,,0.0,0.0
2014-07-24 12:35:00,0.071253913,0.0,,0.0,0.0
2014-07-24 12:40:00,0.077756844,0.0,,0.0,0.0
2014-07-24 12:45:00,0.063601707,0.0,,0.0,0.0
2014-07-24 12:50:00,0.10324349,0.0,,0.0,0.0
2014-07-24 12:55:00,0.059044135,0.0,,0.0,0.0
2014-07-24 13:00:00,0.065392214,0.0,,0.0,0.0
2014-07-24 13:05:00,0.074960282,0.0,,0.0,0.0
2014-07-24 13:10:00,0.085893458,0.0,,0.0,0.0
2014-07-24 13:15:00,0.084598799,0.0,,0.0,0.0
2014-07-24 13:20:00,0.063798883,0.0,,0.0,0.0
2014-07-24 13:25:00,0.068831275,0.0,,0.0,0.0
2014-07-24 13:30:00,0.524246935,0.0,,0.0,0.0
2014-07-24 13:35:00,0.087101771,0.0,,0.0,0.0
2014-07-24 13:40:00,0.065787391,0.0,,0.0,0.0
2014-07-24 13:45:00,0.06919821,0.0,,0.0,0.0
2014-07-24 13:50:00,0.070659543,0.0,,0.0,0.0
2014-07-24 13:55:00,0.06117666,0.0,,0.0,0.0
2014-07-24 14:00:00,0.078157515,0.0,,0.0,0.0
2014-07-24 14:05:00,0.067612386,0.0,,0.0,0.0
2014-07-24 14:10:00,0.089919632,0.0,,0.0,0.0
2014-07-24 14:15:00,0.097439289,0.0,,0.0,0.0
2014-07-24 14:20:00,0.066014404,0.0,,0.0,0.0
2014-07-24 14:25:00,0.085737173,0.0,,0.0,0.0
2014-07-24 14:30:00,0.064890599,0.0,,0.0,0.0
2014-07-24 14:35:00,0.06850619,0.0,,0.0,0.0
2014-07-24 14:40:00,0.06691381,0.0,,0.0,0.0
2014-07-24 14:45:00,0.062846575,0.0,,0.0,0.0
2014-07-24 14:50:00,0.074442913,0.0,,0.0,0.0
2014-07-24 14:55:00,0.085791861,0.0,,0.0,0.0
2014-07-24 15:00:00,0.066712354,0.0,,0.0,0.0
2014-07-24 15:05:00,0.071112197,0.0,,0.0,0.0
2014-07-24 15:10:00,0.060056244,0.0,,0.0,0.0
2014-07-24 15:15:00,0.070031968,0.0,,0.0,0.0
2014-07-24 15:20:00,0.095845057,0.0,,0.0,0.0
2014-07-24 15:25:00,0.066195699,0.0,,0.0,0.0
2014-07-24 15:30:00,0.081358772,0.0,,0.0,0.0
2014-07-24 15:35:00,0.068662967,0.0,,0.0,0.0
2014-07-24 15:40:00,0.108670118,0.0,,0.0,0.0
2014-07-24 15:45:00,0.091656786,0.0,,0.0,0.0
2014-07-24 15:50:00,0.099634248,0.0,,0.0,0.0
2014-07-24 15:55:00,0.118563,0.0,,0.0,0.0
2014-07-24 16:00:00,0.058717608,0.0,,0.0,0.0
2014-07-24 16:05:00,0.0,0.0,,0.0,0.0
2014-07-24 16:10:00,0.0,0.0,,0.0,0.0
2014-07-24 16:15:00,0.0,0.0,,0.0,0.0
2014-07-24 18:45:00,0.0,0.0,,0.0,0.0
2014-07-24 18:50:00,0.0,0.0,,0.0,0.0
2014-07-24 18:55:00,0.060939679,0.0,,0.0,0.0
2014-07-24 19:00:00,0.073384077,0.0,,0.0,0.0
2014-07-24 19:05:00,0.0,0.0,,0.0,0.0
2014-07-24 19:10:00,0.0,0.0,,0.0,0.0
2014-07-24 19:15:00,0.0,0.0,,0.0,0.0
2014-07-24 19:20:00,0.066576387,0.0,,0.0,0.0
2014-07-24 19:25:00,0.06964247,0.0,,0.0,0.0
2014-07-24 19:30:00,0.063509709,0.0,,0.0,0.0
2014-07-24 19:35:00,0.064484306,0.0,,0.0,0.0
2014-07-24 19:40:00,0.061242839,0.0,,0.0,0.0
2014-07-24 19:45:00,0.064032585,0.0,,0.0,0.0
2014-07-25 04:25:00,0.067142889,0.0,,0.0,0.0
2014-07-25 04:35:00,0.068054505,0.0,,0.0,0.0
2014-07-25 04:40:00,0.066956947,0.0,,0.0,0.0
2014-07-25 04:45:00,0.068474389,0.0,,0.0,0.0
2014-07-25 04:50:00,0.092548565,0.0,,0.0,0.0
2014-07-25 04:55:00,0.069871811,0.0,,0.0,0.0
2014-07-25 05:00:00,0.072714345,0.0,,0.0,0.0
2014-07-25 05:05:00,0.07117198,0.0,,0.0,0.0
2014-07-25 05:10:00,0.074895181,0.0,,0.0,0.0
2014-07-25 05:15:00,0.083711314,0.0,,0.0,0.0
2014-07-25 05:20:00,0.072403453,0.0,,0.0,0.0
2014-07-25 05:25:00,0.080385259,0.0,,0.0,0.0
2014-07-25 05:30:00,0.078046892,0.0,,0.0,0.0
2014-07-25 05:35:00,0.078197638,0.0,,0.0,0.0
2014-07-25 05:40:00,0.077526719,0.0,,0.0,0.0
2014-07-25 05:45:00,0.075176188,0.0,,0.0,0.0
2014-07-25 05:50:00,0.077734212,0.0,,0.0,0.0
2014-07-25 05:55:00,0.066790509,0.0,,0.0,0.0
2014-07-25 06:00:00,0.073448632,0.0,,0.0,0.0
2014-07-25 06:05:00,0.078631616,0.0,,0.0,0.0
2014-07-25 06:10:00,0.078642825,0.0,,0.0,0.0
2014-07-25 06:15:00,0.071975314,0.0,,0.0,0.0
2014-07-25 06:20:00,0.068929185,0.0,,0.0,0.0
2014-07-25 06:25:00,0.068208364,0.0,,0.0,0.0
2014-07-25 06:30:00,0.065265704,0.0,,0.0,0.0
2014-07-25 06:35:00,0.065391185,0.0,,0.0,0.0
2014-07-25 06:40:00,0.321492891,0.0,,0.0,0.0
2014-07-25 06:45:00,0.093553322,0.0,,0.0,0.0
2014-07-25 06:50:00,0.089042572,0.0,,0.0,0.0
2014-07-25 06:55:00,0.075370373,0.0,,0.0,0.0
2014-07-25 07:00:00,0.080041643,0.0,,0.0,0.0
2014-07-25 07:05:00,0.073008225,0.0,,0.0,0.0
2014-07-25 07:10:00,0.080206812,0.0,,0.0,0.0
2014-07-25 07:15:00,0.0,0.0,,0.0,0.0
2014-07-25 07:20:00,0.0,0.0,,0.0,0.0
2014-07-25 07:25:00,0.0,0.0,,0.0,0.0
2014-07-25 07:30:00,0.0,0.0,,0.0,0.0
2014-07-25 07:35:00,0.0,0.0,,0.0,0.0
2014-07-25 07:40:00,0.0,0.0,,0.0,0.0
2014-07-25 07:45:00,0.0,0.0,,0.0,0.0
2014-07-25 07:50:00,0.0,0.0,,0.0,0.0
2014-07-25 07:55:00,0.078838386,0.0,,0.0,0.0
2014-07-25 08:00:00,0.099511194,0.0,,0.0,0.0
2014-07-25 08:05:00,0.09507214,0.0,,0.0,0.0
2014-07-25 08:10:00,0.07767202,0.0,,0.0,0.0
2014-07-25 08:15:00,0.074637525,0.0,,0.0,0.0
2014-07-25 08:20:00,0.070592141,0.0,,0.0,0.0
2014-07-25 08:25:00,0.065133319,0.0,,0.0,0.0
2014-07-25 08:30:00,0.069692447,0.0,,0.0,0.0
2014-07-25 08:35:00,0.094646682,0.0,,0.0,0.0
2014-07-25 08:40:00,0.0,0.0,,0.0,0.0
2014-07-25 08:45:00,0.08524335,0.0,,0.0,0.0
2014-07-25 08:50:00,0.077485182,0.0,,0.0,0.0
2014-07-25 08:55:00,0.0,0.0,,0.0,0.0
