timestamp,value,anomaly_score,prediction,label,S(t)_standard
2015-09-08 11:39:00,73,0.107566130948,67.5200865706,0,0.0
2015-09-08 11:44:00,62,0.139381850261,69.1007524982,0,0.0
2015-09-08 11:59:00,66,0.0250727854941,67.277323008,0,0.0
2015-09-08 12:19:00,69,0.0555869120977,66.168147042,0,0.0
2015-09-08 12:24:00,65,0.0530472384723,67.702470303,0,0.0
2015-09-08 12:27:00,76,0.168466852544,67.4175237175,0,0.0
2015-09-08 12:32:00,65,0.0894652038409,69.5577689526,0,0.0
2015-09-08 12:46:00,62,0.124842384939,68.3600452647,0,0.0
2015-09-08 12:51:00,61,0.0776198836663,64.9543138639,0,0.0
2015-09-08 13:01:00,65,0.0119336487527,64.3920450472,0,0.0
2015-09-08 13:21:00,68,0.0737646801825,64.2420879325,0,0.0
2015-09-08 13:26:00,66,0.0275581532632,67.4039390729,0,0.0
2015-09-08 13:31:00,67,0.00598259734283,67.3047810238,0,0.0
2015-09-08 13:36:00,65,0.0558665062889,67.846096772,0,0.0
2015-09-08 13:41:00,67,0.0047915925764,67.2441057634,0,0.0
2015-09-08 13:46:00,67,0.00607374279296,66.6905756077,0,0.0
2015-09-08 13:56:00,69,0.030661297079,67.4379725091,0,0.0
2015-09-08 14:11:00,68,0.00397691750375,68.2026024683,0,0.0
2015-09-08 14:16:00,68,0.0117844653725,68.6003548653,0,0.0
2015-09-08 14:21:00,67,0.00962728872405,67.4904583655,0,0.0
2015-09-08 14:46:00,66,0.0285732386778,67.4556521925,0,0.0
2015-09-08 14:51:00,68,0.0222315884343,66.8674206375,0,0.0
2015-09-08 15:16:00,69,0.0234483810122,67.8054316273,0,0.0
2015-09-08 15:21:00,65,0.0448422214586,67.2844689998,0,0.0
2015-09-08 15:26:00,70,0.0493399073815,67.4863981935,0,0.0
2015-09-08 15:29:00,66,0.0358501430654,67.82637117,0,0.0
2015-09-08 15:41:00,65,0.0579126532996,67.9503369114,0,0.0
2015-09-08 16:15:00,64,0.036404228233,65.8545988168,0,0.0
2015-09-08 16:31:00,66,0.00222150275788,66.1131735676,0,0.0
2015-09-08 16:36:00,69,0.0673813760494,65.5672828032,0,0.0
2015-09-08 16:41:00,64,0.0666215797299,67.3940096779,0,0.0
2015-09-08 16:56:00,69,0.0573697593848,66.0773206015,0,0.0
2015-09-08 17:11:00,65,0.0326594861643,66.6638244329,0,0.0
2015-09-08 17:16:00,68,0.0129084079793,67.3423863291,0,0.0
2015-09-08 17:21:00,67,0.0107772913889,67.5490447903,0,0.0
2015-09-08 17:26:00,69,0.0301320139494,67.4649366261,0,0.0
2015-09-08 17:31:00,66,0.0441178948881,68.2475684729,0,0.0
2015-09-08 17:36:00,69,0.0399245503961,66.9660597816,0,0.0
2015-09-08 17:41:00,66,0.0344760119246,67.7563666097,0,0.0
2015-09-08 17:46:00,65,0.0514645605501,67.6218414106,0,0.0
2015-09-08 17:51:00,66,0.0100655715739,66.5127865096,0,0.0
2015-09-08 17:56:00,65,0.0305368820955,66.5556892194,0,0.0
2015-09-08 17:57:00,64,0.0320327069937,65.6318934193,0,0.0
2015-09-08 18:36:00,70,0.0618973342245,66.846665116,0,0.0
2015-09-08 18:46:00,69,0.0337052283039,67.2829006529,0,0.0
2015-09-08 18:51:00,66,0.0610623370158,69.1107962859,0,0.0
2015-09-08 18:56:00,68,0.0229740415194,66.8295966626,0,0.0
2015-09-08 19:06:00,71,0.0766985134414,67.092624973,0,0.0
2015-09-08 20:11:00,63,0.110913787079,68.6504584293,0,0.0
2015-09-08 20:31:00,67,0.0091586014594,67.4665812806,0,0.0
2015-09-08 20:41:00,62,0.0827474301695,66.2155346654,0,0.0
2015-09-08 20:51:00,64,0.0266958929983,65.3600115693,0,0.0
2015-09-08 21:01:00,59,0.124767638224,65.3562373233,0,0.0
2015-09-08 21:06:00,65,0.0070507014056,64.6408048428,0,0.0
2015-09-08 21:31:00,58,0.128344285278,64.538448174,0,0.0
2015-09-08 21:41:00,64,0.00220977325364,63.8874239873,0,0.0
2015-09-08 22:31:00,63,0.0285295673003,64.4534273717,0,0.0
2015-09-08 22:41:00,66,0.0166280120996,65.152892588,0,0.0
2015-09-08 23:16:00,66,0.00645086559627,65.6713632377,0,0.0
2015-09-08 23:31:00,60,0.138229171844,67.0420297583,0,0.0
2015-09-09 00:06:00,57,0.138669384381,64.0644562095,0,0.0
2015-09-09 01:16:00,58,0.0766122212844,61.9029789077,0,0.0
2015-09-09 07:34:00,69,0.153736714306,61.1679447063,0,0.0
2015-09-09 09:20:00,70,0.101835239658,64.8120445305,0,0.0
2015-09-09 09:58:00,66,0.0425257145893,68.1664554857,0,0.0
2015-09-09 10:23:00,68,0.0152403071474,67.2235886606,0,0.0
2015-09-09 10:33:00,65,0.0251730201713,66.2824294235,0,0.0
2015-09-09 10:38:00,68,0.0106407525463,67.4579111263,0,0.0
2015-09-09 10:43:00,68,0.0149046265556,67.2406897738,0,0.0
2015-09-09 10:48:00,70,0.0383693130974,68.0452907224,0,0.0
2015-09-09 10:53:00,67,0.026909192184,68.3708780108,0,0.0
2015-09-09 11:03:00,73,0.110965493106,67.3469074279,0,0.0
2015-09-09 11:08:00,77,0.156870126609,69.0083142724,0,0.0
2015-09-09 11:13:00,75,0.0606374626174,71.91084877,0,0.0
2015-09-09 11:18:00,71,0.0319241903828,72.6263650841,0,0.0
2015-09-09 11:23:00,73,0.0542750783017,70.234977889,0,0.0
2015-09-09 11:43:00,68,0.0456128356055,70.3237276286,0,0.0
2015-09-09 11:48:00,58,0.214924251658,68.9492298605,0,0.0
2015-09-09 12:03:00,65,0.0118915827852,65.6058119189,0,0.0
2015-09-09 12:13:00,65,0.0159114841392,64.1893958177,0,0.0
2015-09-09 12:33:00,65,0.0195601518245,65.9964840951,0,0.0
2015-09-09 12:48:00,66,0.0230689494538,67.175238384,0,0.0
2015-09-09 13:08:00,74,0.12536106873,67.6135305974,0,0.0
2015-09-09 13:33:00,64,0.101960997144,69.1943621342,0,0.0
2015-09-09 13:38:00,68,0.00201811633194,68.1028121277,0,0.0
2015-09-09 13:43:00,65,0.067010804904,68.4138385984,0,0.0
2015-09-09 13:48:00,69,0.0431333156906,66.8025905197,0,0.0
2015-09-09 13:53:00,70,0.0356643389779,68.1830945448,0,0.0
2015-09-09 13:58:00,64,0.0880095513406,68.4836113194,0,0.0
2015-09-09 14:08:00,65,0.0410855806518,67.0930884395,0,0.0
2015-09-09 14:13:00,67,0.0058436869414,66.7022957109,0,0.0
2015-09-09 14:38:00,68,0.00673191376759,67.6570453512,0,0.0
2015-09-09 14:48:00,66,0.0376173527095,67.916400957,0,0.0
2015-09-09 14:53:00,63,0.110285026947,68.6184264964,0,0.0
2015-09-09 15:03:00,68,0.0473500846726,65.5877689139,0,0.0
2015-09-09 15:08:00,68,0.0470363938891,65.6037497652,0,0.0
2015-09-09 15:13:00,73,0.0929213923018,68.2661569114,0,0.0
2015-09-09 15:18:00,79,0.182619238413,69.6965360916,0,0.0
2015-09-09 15:23:00,64,0.170234749882,72.6725411038,0,0.0
2015-09-09 15:28:00,67,0.063718881036,70.2461328563,0,0.0
2015-09-09 15:38:00,62,0.0886000655445,66.5136948289,0,0.0
2015-09-09 15:43:00,68,0.0476514814577,65.5724143755,0,0.0
2015-09-09 15:48:00,70,0.0639368538367,66.7427626067,0,0.0
2015-09-09 16:08:00,67,0.0368173281241,68.8756440251,0,0.0
2015-09-09 16:13:00,70,0.0351664874365,68.208457392,0,0.0
2015-09-09 16:23:00,65,0.062440566942,68.1810096571,0,0.0
2015-09-09 16:33:00,67,0.000858845246114,66.9562464732,0,0.0
2015-09-09 16:43:00,71,0.0853225867738,66.6532750135,0,0.0
2015-09-09 16:48:00,69,0.00732297390079,68.6269340296,0,0.0
2015-09-09 16:53:00,64,0.125131686936,70.374783639,0,0.0
2015-09-09 16:58:00,63,0.090715375633,67.6214584535,0,0.0
2015-09-09 17:03:00,62,0.0680753069045,65.4680692261,0,0.0
2015-09-09 17:08:00,55,0.201690569027,65.2750452029,0,0.0
2015-09-09 17:13:00,48,0.283151990873,62.4250646896,0,0.0
2015-09-09 17:18:00,56,0.0555739281669,58.8311914968,0,0.0
2015-09-09 17:23:00,51,0.161584793584,59.2318725471,0,0.0
2015-09-09 17:28:00,60,0.0097314306805,60.4957638357,0,0.0
2015-09-09 17:33:00,43,0.361484508193,61.4156833894,0,0.0
2015-09-09 17:38:00,62,0.0581790724621,59.0360904712,0,0.0
2015-09-09 17:43:00,70,0.184851284477,60.5828253994,0,0.0
2015-09-09 17:48:00,65,0.0467123450114,67.3797416946,0,0.0
2015-09-09 17:58:00,70,0.0515923733714,67.3716472165,0,0.0
2015-09-09 18:03:00,67,0.0266601883956,68.3581926126,0,0.0
2015-09-09 18:13:00,70,0.0382365907512,68.0520522091,0,0.0
2015-09-09 18:18:00,67,0.0373539441997,68.902981716,0,0.0
2015-09-09 18:23:00,69,0.0153176783475,68.2196470158,0,0.0
2015-09-09 18:28:00,69,0.00275379751345,68.8597088894,0,0.0
2015-09-09 18:38:00,68,0.00692332695265,68.3527061168,0,0.0
2015-09-09 18:43:00,67,0.0391462782044,68.9942914536,0,0.0
2015-09-09 19:03:00,66,0.0362128037211,67.8448467717,0,0.0
2015-09-09 19:38:00,63,0.0875717396174,67.4613071767,0,0.0
2015-09-09 19:48:00,68,0.0351059735661,66.2115402469,0,0.0
2015-09-09 20:03:00,68,0.0325181740876,66.3433746542,0,0.0
2015-09-09 20:13:00,65,0.0649436506082,68.3085282513,0,0.0
2015-09-09 20:18:00,60,0.144147468232,67.3435349958,0,0.0
2015-09-09 20:23:00,65,0.00259526182462,64.8677854265,0,0.0
2015-09-09 20:38:00,64,0.0270433261252,65.3777114107,0,0.0
2015-09-09 20:58:00,57,0.163390519508,65.3238645306,0,0.0
2015-09-09 21:13:00,57,0.122110175504,63.2208539501,0,0.0
2015-09-09 21:28:00,62,0.00201218746226,61.8974899162,0,0.0
2015-09-09 21:33:00,55,0.164644653259,63.3877558719,0,0.0
2015-09-09 21:48:00,61,0.024905727903,62.268812326,0,0.0
2015-09-09 21:53:00,61,0.0398559006753,63.0304428859,0,0.0
2015-09-09 22:33:00,58,0.126298021544,64.4342020882,0,0.0
2015-09-09 22:41:00,65,0.0267433490396,63.6375708017,0,0.0
2015-09-09 23:38:00,65,0.00349411143151,64.8219938935,0,0.0
2015-09-09 23:53:00,62,0.0877413732057,66.4699490918,0,0.0
2015-09-10 05:33:00,68,0.0595691367735,64.965274202,0,0.0
2015-09-10 05:45:00,61,0.105995863702,66.3999167939,0,0.0
2015-09-10 08:00:00,62,0.0819980717701,66.1773589021,0,0.0
2015-09-10 08:18:00,73,0.158031650669,64.9491408947,0,0.0
2015-09-10 08:33:00,70,0.0347002958401,68.2322073361,0,0.0
2015-09-10 08:43:00,65,0.112053584043,70.7085249288,0,0.0
2015-09-10 08:53:00,65,0.0199304639747,66.0153494992,0,0.0
2015-09-10 09:13:00,61,0.128811540514,67.5622523047,0,0.0
2015-09-10 09:23:00,64,0.048717681093,66.4819027376,0,0.0
2015-09-10 09:28:00,62,0.082169744323,66.1861046915,0,0.0
2015-09-10 09:48:00,75,0.205748992177,64.5182000563,0,0.0
2015-09-10 09:52:00,66,0.0781812279748,69.9829113247,0,0.0
2015-09-10 10:02:00,71,0.0231448857101,69.8208930738,0,0.0
2015-09-10 10:07:00,66,0.0487657033876,68.4843492141,0,0.0
2015-09-10 10:22:00,67,0.00942767261931,67.480289003,0,0.0
2015-09-10 10:27:00,65,0.0365612778846,66.8625996483,0,0.0
2015-09-10 10:32:00,67,0.0133617750973,66.319289723,0,0.0
2015-09-10 10:42:00,67,0.000562900434017,66.971323263,0,0.0
2015-09-10 10:47:00,65,0.0428711810537,67.1840551363,0,0.0
2015-09-10 10:52:00,68,0.0316818091553,66.3859829304,0,0.0
2015-09-10 11:27:00,64,0.0721991776612,67.678158169,0,0.0
2015-09-10 11:37:00,72,0.0941082614729,67.2056923372,0,0.0
2015-09-10 11:42:00,62,0.111174934705,67.6637624904,0,0.0
2015-09-10 11:47:00,72,0.0674801518995,68.5622507071,0,0.0
2015-09-10 11:52:00,72,0.077948345726,68.0289527681,0,0.0
2015-09-10 11:57:00,68,0.0552739631471,70.8159098991,0,0.0
2015-09-10 12:07:00,64,0.0963480074509,68.908410624,0,0.0
2015-09-10 12:12:00,63,0.0701627299985,66.574412159,0,0.0
2015-09-10 12:37:00,65,0.00675946375246,64.6556418283,0,0.0
2015-09-10 12:42:00,72,0.132151629192,65.2675882163,0,0.0
2015-09-10 12:57:00,67,0.0337375667759,68.7187468176,0,0.0
2015-09-10 13:07:00,66,0.0411752656327,68.0976574049,0,0.0
2015-09-10 13:17:00,71,0.0711622515256,67.3746676174,0,0.0
2015-09-10 13:32:00,71,0.067970627703,67.5372636138,0,0.0
2015-09-10 13:42:00,67,0.0506978599479,69.5827821557,0,0.0
2015-09-10 13:47:00,68,0.00421657313046,67.7851883718,0,0.0
2015-09-10 14:02:00,65,0.047349446305,67.4121985647,0,0.0
2015-09-10 14:07:00,70,0.0673136739317,66.5707318604,0,0.0
2015-09-10 14:17:00,71,0.067944277706,67.5386060039,0,0.0
2015-09-10 14:32:00,65,0.0656524783028,68.3446391941,0,0.0
2015-09-10 14:37:00,69,0.0535575105475,66.2715340906,0,0.0
2015-09-10 14:42:00,69,0.0265488685196,67.6474785339,0,0.0
2015-09-10 14:47:00,69,0.0229797360987,67.8293065546,0,0.0
2015-09-10 14:57:00,69,0.0013407039766,68.9316983733,0,0.0
2015-09-10 15:02:00,71,0.064563261722,67.7108505081,0,0.0
2015-09-10 15:07:00,64,0.0933634712425,68.756364623,0,0.0
2015-09-10 15:12:00,64,0.0615900821882,67.1376820522,0,0.0
2015-09-10 15:17:00,66,0.001233502306,65.9371597194,0,0.0
2015-09-10 15:22:00,76,0.184901930276,66.5802452695,0,0.0
2015-09-10 15:27:00,64,0.116736433611,69.9470908231,0,0.0
2015-09-10 15:32:00,67,0.0156336903781,67.7964520904,0,0.0
2015-09-10 15:37:00,64,0.0373505090945,65.902806716,0,0.0
2015-09-10 15:42:00,70,0.0602589926897,66.9301297688,0,0.0
2015-09-10 15:47:00,70,0.0289188025458,68.5267431948,0,0.0
2015-09-10 15:52:00,68,0.00225951960395,68.1151103206,0,0.0
2015-09-10 15:57:00,69,0.00702856144627,68.6419327541,0,0.0
2015-09-10 16:02:00,68,0.00396770080206,68.2021329271,0,0.0
2015-09-10 16:12:00,68,0.00136278959408,67.9305732303,0,0.0
2015-09-10 16:17:00,69,0.0270894029047,67.6199412263,0,0.0
2015-09-10 16:22:00,63,0.0915939139324,67.6662152351,0,0.0
2015-09-10 16:27:00,67,0.00890224886276,67.4535215004,0,0.0
2015-09-10 16:32:00,66,0.00337650374356,65.8279853701,0,0.0
2015-09-10 16:37:00,68,0.0109765802431,67.4408025189,0,0.0
2015-09-10 16:42:00,66,0.0177464386374,66.9040852037,0,0.0
2015-09-10 16:47:00,67,0.0101279133609,67.515962487,0,0.0
2015-09-10 16:52:00,67,0.0146472463713,67.7461980959,0,0.0
2015-09-10 16:57:00,68,0.0066131321577,67.6630966327,0,0.0
2015-09-10 17:02:00,64,0.0807964322495,68.1161418583,0,0.0
2015-09-10 17:07:00,67,0.00899027614447,66.5419939851,0,0.0
2015-09-10 17:12:00,62,0.0839174584425,66.2751412868,0,0.0
2015-09-10 17:17:00,67,0.0339577877231,65.2700341145,0,0.0
2015-09-10 17:22:00,66,0.0217713690294,67.1091336694,0,0.0
2015-09-10 17:32:00,66,0.0163844696554,66.8347002398,0,0.0
2015-09-10 17:37:00,67,0.00895580886178,66.543749907,0,0.0
2015-09-10 17:42:00,62,0.0930914928047,66.7425087905,0,0.0
2015-09-10 17:47:00,63,0.0473056769521,65.4099687525,0,0.0
2015-09-10 17:52:00,66,0.0213645051989,64.9115938454,0,0.0
2015-09-10 18:07:00,69,0.0813750806036,64.8543791332,0,0.0
2015-09-10 18:12:00,70,0.0235583877241,68.7998273794,0,0.0
2015-09-10 18:17:00,70,0.0158019663655,69.1949751568,0,0.0
2015-09-10 18:22:00,67,0.0443230701827,69.2580210461,0,0.0
2015-09-10 18:37:00,66,0.0442929027551,68.2564841786,0,0.0
2015-09-10 18:42:00,68,0.0140915902998,67.28210958,0,0.0
2015-09-10 18:47:00,71,0.0817371969643,66.8359312604,0,0.0
2015-09-10 18:52:00,62,0.149098620693,69.5957694735,0,0.0
2015-09-10 18:57:00,68,0.0270487349159,66.6220130407,0,0.0
2015-09-10 19:32:00,62,0.0983250181326,67.0091286408,0,0.0
2015-09-10 19:37:00,64,0.0383166751758,65.9520276598,0,0.0
2015-09-10 19:47:00,69,0.0734377670172,65.2587423927,0,0.0
2015-09-10 19:57:00,63,0.0689186511973,66.5110330631,0,0.0
2015-09-10 20:02:00,64,0.0603794855444,67.0760086914,0,0.0
2015-09-10 21:02:00,62,0.0662819916941,65.3767095015,0,0.0
2015-09-10 21:12:00,69,0.0786499298774,64.9932108447,0,0.0
2015-09-10 21:27:00,65,0.0240122790841,66.223295934,0,0.0
2015-09-10 21:57:00,56,0.232107059826,67.8246011359,0,0.0
2015-09-10 22:12:00,64,0.0226455632042,62.8463308588,0,0.0
2015-09-10 23:42:00,70,0.121303452435,63.8202442333,0,0.0
2015-09-10 23:47:00,61,0.124741383945,67.3548998096,0,0.0
2015-09-11 05:27:00,64,0.0383879614516,65.9556593105,0,0.0
2015-09-11 05:47:00,68,0.0620037910077,64.8412417178,0,0.0
2015-09-11 06:17:00,65,0.0554831449567,67.8265665826,0,0.0
2015-09-11 06:37:00,70,0.0831549947785,65.763702119,0,0.0
2015-09-11 06:42:00,65,0.0762395008186,68.8839908129,0,0.0
2015-09-11 06:57:00,65,0.0547936008918,67.7914380365,0,0.0
2015-09-11 07:07:00,70,0.083159888302,65.7634528204,0,0.0
2015-09-11 07:12:00,73,0.0891489171231,68.4583441474,0,0.0
2015-09-11 07:32:00,69,0.0146659479826,69.747150842,0,0.0
2015-09-11 07:42:00,68,0.0169339143464,68.8626914794,0,0.0
2015-09-11 08:12:00,65,0.0564090402826,67.8737359488,0,0.0
2015-09-11 08:42:00,68,0.00829712478013,67.5773063035,0,0.0
2015-09-11 08:47:00,69,0.0215416626791,67.9025686286,0,0.0
2015-09-11 09:12:00,71,0.0548454152532,68.2059223016,0,0.0
2015-09-11 09:17:00,70,0.0197138919466,68.995683676,0,0.0
2015-09-11 09:27:00,64,0.0998703842498,69.0878566982,0,0.0
2015-09-11 09:32:00,68,0.0327582165155,66.3311457889,0,0.0
2015-09-11 09:37:00,70,0.0676460088317,66.5538011921,0,0.0
2015-09-11 09:52:00,66,0.0520184328986,68.6500582154,0,0.0
2015-09-11 09:57:00,71,0.0543913809811,68.2290528956,0,0.0
2015-09-11 10:07:00,68,0.0167998841507,68.8558633648,0,0.0
2015-09-11 10:27:00,63,0.115612730879,68.8898442378,0,0.0
2015-09-11 10:39:00,66,0.00150410750474,66.076626154,0,0.0
2015-09-11 10:49:00,65,0.0424373211017,67.1619523149,0,0.0
2015-09-11 11:19:00,69,0.0523771589311,66.3316666307,0,0.0
2015-09-11 11:29:00,70,0.0480257051201,67.553349701,0,0.0
2015-09-11 11:34:00,67,0.0377179569878,68.9215262016,0,0.0
2015-09-11 11:39:00,63,0.0756653409334,66.8547404677,0,0.0
2015-09-11 11:44:00,68,0.0302038636564,66.4612762715,0,0.0
2015-09-11 11:54:00,71,0.103056197181,65.7498433388,0,0.0
2015-09-11 12:04:00,60,0.172088202294,68.7669644941,0,0.0
2015-09-11 12:14:00,81,0.276242762415,66.926923185,0,0.0
2015-09-11 12:39:00,69,0.0117142242444,69.5967764592,0,0.0
2015-09-11 12:44:00,71,0.0068965383826,71.3513413838,0,0.0
2015-09-11 12:49:00,64,0.107116737257,69.4570192479,0,0.0
2015-09-11 12:54:00,65,0.0526909864381,67.6843211859,0,0.0
2015-09-11 12:59:00,69,0.0655146307226,65.6623833957,0,0.0
2015-09-11 13:09:00,66,0.0307493104863,67.5665112986,0,0.0
2015-09-11 13:24:00,65,0.0115139534346,65.586573743,0,0.0
2015-09-11 13:29:00,67,0.0120515121634,66.386040543,0,0.0
2015-09-11 13:39:00,67,0.00851767651883,66.5660703836,0,0.0
2015-09-11 13:44:00,66,0.0308766057145,67.572996303,0,0.0
2015-09-11 13:49:00,69,0.0384945294153,67.0389116273,0,0.0
2015-09-11 13:54:00,70,0.0375911722656,68.0849327952,0,0.0
2015-09-11 14:04:00,65,0.0726934302819,68.7033376707,0,0.0
2015-09-11 14:14:00,68,0.0365316911525,66.1389076359,0,0.0
2015-09-11 14:19:00,68,0.00299909017603,68.152787447,0,0.0
2015-09-11 14:24:00,66,0.0534354023285,68.7222451551,0,0.0
2015-09-11 14:29:00,67,0.000856065018838,67.0436118893,0,0.0
2015-09-11 14:39:00,66,0.0184784826511,66.9413788926,0,0.0
2015-09-11 14:44:00,67,0.00466116651787,67.2374612601,0,0.0
2015-09-11 14:54:00,66,0.0139585576248,66.7111131237,0,0.0
2015-09-11 14:59:00,65,0.00173948003109,64.911382887,0,0.0
2015-09-11 15:09:00,69,0.0367790372323,67.126306689,0,0.0
2015-09-11 15:14:00,69,0.0459433135757,66.6594363036,0,0.0
2015-09-11 15:19:00,70,0.0204836325404,68.9564695499,0,0.0
2015-09-11 15:24:00,67,0.0394136818376,69.0079142245,0,0.0
2015-09-11 15:29:00,68,0.00335044195268,67.8293130776,0,0.0
2015-09-11 15:34:00,64,0.080243170065,68.0879561381,1,-1.0
2015-09-11 15:39:00,66,0.0320671538972,67.633648303,1,0.0
2015-09-11 15:44:00,66,0.0198366714683,67.0105712776,1,0.0
2015-09-11 15:49:00,62,0.0946254997677,66.8206581604,1,0.0
2015-09-11 15:54:00,66,0.0183902340365,65.0631168977,1,0.0
2015-09-11 15:59:00,60,0.103173097433,65.2561120977,1,0.0
2015-09-11 16:04:00,66,0.0173037685414,65.1184664469,1,0.0
2015-09-11 16:09:00,68,0.0346993198278,66.2322570586,1,0.0
2015-09-11 16:14:00,64,0.0683161868192,67.4803407568,1,0.0
2015-09-11 16:19:00,66,0.0110860412158,66.5647739265,1,0.0
2015-09-11 16:24:00,60,0.131148398122,66.681302579,1,0.0
2015-09-11 16:29:00,70,0.0918185634872,65.3223400834,1,0.0
2015-09-11 16:34:00,65,0.0238514995338,66.2151050842,1,0.0
2015-09-11 16:39:00,59,0.17547788802,67.9396506748,1,0.0
2015-09-11 16:44:00,23,0.804221868217,63.9707607497,1,0.0
2015-09-11 16:49:00,52,0.000292366389402,51.9851055115,1,0.0
2015-09-11 16:54:00,56,0.0823377310495,51.8053372921,1,0.0
2015-09-11 16:59:00,67,0.114753235021,61.1539424341,1,0.0
2015-09-11 17:04:00,63,0.0301586127758,64.5364184405,1,0.0
2015-09-11 17:09:00,61,0.103430006579,66.2692002312,1,0.0
2015-09-11 17:14:00,65,0.015376840146,64.2166330417,1,0.0
2015-09-11 17:19:00,63,0.0374850314141,64.9096599016,1,0.0
2015-09-11 17:24:00,62,0.064430772718,65.2823998927,1,0.0
2015-09-11 17:29:00,66,0.0448657572561,63.7143319785,1,0.0
2015-09-11 17:34:00,62,0.0803065405439,66.0911845217,1,0.0
2015-09-11 17:39:00,70,0.0633697232608,66.7716548466,1,0.0
2015-09-11 17:44:00,68,0.0120738966845,67.3849001725,1,0.0
2015-09-11 17:49:00,69,0.00374985606733,68.8089650856,1,0.0
2015-09-11 17:54:00,69,0.0261367651965,67.6684729725,1,0.0
2015-09-11 17:59:00,69,0.0305690343031,67.4426727993,0,0.0
2015-09-11 18:04:00,64,0.0621818943821,67.1678316872,0,0.0
2015-09-11 18:09:00,68,0.0274362359638,66.6022719551,0,0.0
2015-09-11 18:11:00,70,0.0433702329203,67.7905208664,0,0.0
2015-09-11 18:16:00,65,0.0625577789273,68.1869809747,0,0.0
2015-09-11 18:21:00,70,0.04446940278,67.7345240984,0,0.0
2015-09-11 18:26:00,67,0.0249856825167,68.2728855817,0,0.0
2015-09-11 18:31:00,64,0.0681308889679,67.4709008321,0,0.0
2015-09-11 18:36:00,67,0.00307548572048,66.8433206126,0,0.0
2015-09-11 18:41:00,67,0.0109843133414,66.4404085593,0,0.0
2015-09-11 18:51:00,68,0.0207116335886,66.9448541279,0,0.0
2015-09-11 18:56:00,68,0.00422228814572,68.2151027773,0,0.0
2015-09-11 19:01:00,68,0.013359248272,67.3194184511,0,0.0
2015-09-11 19:26:00,63,0.0800636703285,67.0788115959,0,0.0
2015-09-11 19:41:00,62,0.0646111642642,65.2915898677,0,0.0
2015-09-11 19:46:00,69,0.0568792524991,66.1023092782,0,0.0
2015-09-11 20:01:00,61,0.116352539774,66.9275335055,0,0.0
2015-09-11 20:06:00,58,0.178916985304,67.1148541076,0,0.0
2015-09-11 20:16:00,61,0.0365584124115,62.8624536679,0,0.0
2015-09-11 20:26:00,63,0.0127610066889,63.6501043712,0,0.0
2015-09-11 20:36:00,62,0.0634022061323,65.2299999802,0,0.0
2015-09-11 20:46:00,66,0.00088986465926,66.0453337984,0,0.0
2015-09-11 20:51:00,65,0.0215424287231,66.0974703972,0,0.0
2015-09-11 21:01:00,60,0.139124691571,67.0876516518,0,0.0
2015-09-11 21:21:00,64,0.0203335442212,65.0358842608,0,0.0
2015-09-11 21:51:00,59,0.104015642648,64.2990352259,0,0.0
2015-09-11 21:56:00,56,0.16346095641,64.3274529103,0,0.0
2015-09-11 21:59:00,47,0.313525176682,62.9724144673,0,0.0
2015-09-11 22:16:00,60,0.0360689210295,58.1624832743,0,0.0
2015-09-11 22:41:00,56,0.0817754371555,60.1660168709,0,0.0
2015-09-11 23:41:00,57,0.0954774420778,61.8640600199,0,0.0
2015-09-12 00:16:00,79,0.335850331533,61.8902394665,0,0.0
2015-09-12 00:46:00,62,0.156751083562,69.9856211273,0,0.0
2015-09-12 02:56:00,64,0.0840713568768,68.2829815809,0,0.0
2015-09-12 03:41:00,58,0.139988228709,65.1316442053,0,0.0
2015-09-12 05:06:00,78,0.278201556945,63.8271331827,0,0.0
2015-09-12 06:51:00,75,0.132310467465,68.2594962641,0,0.0
2015-09-12 07:11:00,71,0.033642133996,72.7138850329,0,0.0
2015-09-12 07:41:00,70,0.0224736988344,71.1449135798,0,0.0
2015-09-12 07:51:00,73,0.0721072431046,69.3265254001,0,0.0
2015-09-12 08:01:00,70,0.0193457158361,70.9855597396,0,0.0
2015-09-12 08:16:00,70,0.010362205223,69.472101608,0,0.0
2015-09-12 08:46:00,80,0.223141959207,68.6321223219,0,0.0
2015-09-12 08:56:00,66,0.125113029706,72.3738331539,0,0.0
2015-09-12 09:16:00,68,0.0505716364674,70.5763517511,0,0.0
2015-09-12 09:21:00,76,0.153477100549,68.1811706251,0,0.0
2015-09-12 09:26:00,66,0.0904872371975,70.6098360324,0,0.0
2015-09-12 09:56:00,69,0.00683907280678,68.6515861769,0,0.0
2015-09-12 10:06:00,69,0.0156481305823,68.2028122591,0,0.0
2015-09-12 10:16:00,70,0.0373532727297,68.0970524917,0,0.0
2015-09-12 10:46:00,72,0.074619662544,68.1985311987,0,0.0
2015-09-12 10:51:00,67,0.0528243955317,69.6911176587,0,0.0
2015-09-12 10:56:00,71,0.044372575123,68.7394569446,0,0.0
2015-09-12 11:06:00,64,0.0887638575184,68.5220391453,0,0.0
2015-09-12 11:31:00,67,0.0141150341872,67.7190847595,0,0.0
2015-09-12 11:41:00,75,0.15162310556,67.2756216568,0,0.0
2015-09-12 11:46:00,68,0.0152783822231,68.7783510589,0,0.0
2015-09-12 12:06:00,67,0.0615670599652,70.1365091943,0,0.0
2015-09-12 12:11:00,71,0.0638709436906,67.7461203727,0,0.0
2015-09-12 12:16:00,65,0.05982343413,68.0476808749,0,0.0
2015-09-12 12:26:00,67,0.0332446586047,68.6936358084,0,0.0
2015-09-12 12:31:00,77,0.185437036246,67.5529845103,0,0.0
2015-09-12 12:36:00,67,0.0700336284551,70.5678351326,0,0.0
2015-09-12 12:46:00,67,0.0429296564565,69.1870341423,0,0.0
2015-09-12 12:51:00,68,0.0265968774127,66.6450327401,0,0.0
2015-09-12 13:06:00,70,0.0687243697355,66.4988645281,0,0.0
2015-09-12 13:11:00,67,0.0260911971719,68.3292055828,0,0.0
2015-09-12 13:16:00,62,0.107188636146,67.460682108,0,0.0
2015-09-12 13:21:00,67,0.0400025485085,64.962086199,0,0.0
2015-09-12 13:36:00,67,0.00423547574894,66.7842253855,0,0.0
2015-09-12 13:41:00,65,0.0524283259887,67.6709400546,0,0.0
2015-09-12 14:16:00,73,0.122204794942,66.7743257005,0,0.0
2015-09-12 14:21:00,69,0.005397566376,69.2749768557,0,0.0
2015-09-12 14:31:00,70,0.00845893413953,69.5690629905,0,0.0
2015-09-12 14:41:00,70,0.0301597245314,68.4635249216,0,0.0
2015-09-12 14:56:00,69,0.0174227949679,69.8875973067,0,0.0
2015-09-12 15:01:00,72,0.0542367882072,69.2369285625,0,0.0
2015-09-12 15:11:00,70,0.0258574162358,68.6827042933,0,0.0
2015-09-12 15:16:00,64,0.0925263417473,68.7137173964,0,0.0
2015-09-12 15:21:00,68,0.0165904280027,67.1548072947,0,0.0
2015-09-12 15:31:00,66,0.000127568685334,65.9935010645,0,0.0
2015-09-12 15:36:00,72,0.107951977228,66.5004297865,0,0.0
2015-09-12 15:41:00,71,0.0413102156421,68.895467621,0,0.0
2015-09-12 15:46:00,68,0.0149800536495,68.7631528293,0,0.0
2015-09-12 15:51:00,66,0.0507511053058,68.5854947191,0,0.0
2015-09-12 15:56:00,70,0.0597338860793,66.9568811146,0,0.0
2015-09-12 16:01:00,68,0.00585790355894,67.701571451,0,0.0
2015-09-12 16:11:00,65,0.0719763523489,68.6668064228,0,0.0
2015-09-12 16:16:00,72,0.0804505970883,67.9014765754,0,0.0
2015-09-12 16:21:00,65,0.0534267058128,67.7218021146,0,0.0
2015-09-12 16:31:00,71,0.068935948005,67.4880857579,0,0.0
2015-09-12 16:36:00,65,0.0655184762429,68.3378125128,0,0.0
2015-09-12 16:41:00,64,0.0693720456874,67.5341310637,0,0.0
2015-09-12 16:46:00,69,0.0692115105067,65.4740473367,0,0.0
2015-09-12 16:51:00,68,0.00586999118065,67.700955652,0,0.0
2015-09-12 16:56:00,72,0.0701060021999,68.4284778159,0,0.0
2015-09-12 17:01:00,71,0.022406673228,69.8585010128,0,0.0
2015-09-12 17:06:00,69,0.0111017186887,69.5655726091,0,0.0
2015-09-12 17:21:00,71,0.0447776004269,68.7188230928,0,0.0
2015-09-12 17:46:00,69,0.00358387700122,69.1825791774,0,0.0
2015-09-12 18:21:00,73,0.0925137533356,68.2869239152,0,0.0
2015-09-12 18:41:00,70,0.0123205111686,69.3723364965,0,0.0
2015-09-12 19:01:00,68,0.0394163741402,70.0080513828,0,0.0
2015-09-12 19:21:00,62,0.126597665191,68.4494673137,0,0.0
2015-09-12 19:26:00,69,0.0479961463571,66.5548555604,0,0.0
2015-09-12 19:46:00,72,0.0934685193428,67.2382837436,0,0.0
2015-09-12 19:51:00,65,0.0992926800717,70.0584257904,0,0.0
2015-09-12 20:06:00,60,0.156287997969,67.9620294174,0,0.0
2015-09-12 20:31:00,62,0.0500461073052,64.5495788785,0,0.0
2015-09-12 20:51:00,66,0.0272174358176,64.6134186408,0,0.0
2015-09-12 21:21:00,68,0.0248530335306,66.7338721677,0,0.0
2015-09-12 21:36:00,63,0.111698842603,68.6904527683,0,0.0
2015-09-12 21:51:00,70,0.0606120258641,66.9121446352,0,0.0
2015-09-12 22:46:00,74,0.140167915633,66.8592017164,0,0.0
2015-09-12 23:01:00,62,0.160690502846,70.1863132638,0,0.0
2015-09-12 23:06:00,59,0.166582995286,67.4865039295,0,0.0
2015-09-12 23:31:00,59,0.0832378424403,63.240518522,0,0.0
2015-09-13 06:31:00,62,0.0220891177481,63.1253212505,0,0.0
2015-09-13 07:51:00,70,0.11073968752,64.358411003,0,0.0
2015-09-13 08:01:00,62,0.110099184332,67.6089588188,0,0.0
2015-09-13 08:26:00,67,0.0169159292029,66.1382247665,0,0.0
2015-09-13 09:21:00,69,0.0514212044683,66.3803673476,0,0.0
2015-09-13 09:26:00,72,0.0767992319991,68.0874939064,0,0.0
2015-09-13 09:41:00,67,0.0344535866812,68.7552241647,0,0.0
2015-09-13 10:06:00,69,0.0126170467092,68.3572296122,0,0.0
2015-09-13 10:11:00,72,0.0678748838257,68.5421412473,0,0.0
2015-09-13 10:16:00,65,0.0876851381831,69.4670842211,0,0.0
2015-09-13 10:46:00,76,0.163923648268,67.6489754385,0,0.0
2015-09-13 10:51:00,67,0.0624233768501,70.1801339148,0,0.0
2015-09-13 10:56:00,72,0.0499433607669,69.4556555027,0,0.0
2015-09-13 11:06:00,70,0.0313286650104,68.4039737174,0,0.0
2015-09-13 11:11:00,65,0.102478256498,70.2207137047,0,0.0
2015-09-13 11:26:00,71,0.0624722606545,67.8173757194,0,0.0
2015-09-13 11:31:00,69,0.0276651527023,67.5906098836,0,0.0
2015-09-13 11:46:00,64,0.115764984227,69.8976007236,0,0.0
2015-09-13 11:51:00,67,0.00919927097916,66.531346827,0,0.0
2015-09-13 11:56:00,69,0.0467108501023,66.6203344629,0,0.0
2015-09-13 12:06:00,66,0.0160969123489,66.8200507481,0,0.0
2015-09-13 12:21:00,73,0.0848318535984,68.6782752185,0,0.0
2015-09-13 12:26:00,70,0.0331512947214,68.3111205772,0,0.0
2015-09-13 12:31:00,66,0.0709625566332,69.6151590064,0,0.0
2015-09-13 12:41:00,66,0.0239990715941,67.2226230837,0,0.0
2015-09-13 12:53:00,66,0.0157470651922,66.8022279249,0,0.0
2015-09-13 12:58:00,70,0.0562249764602,67.1356411088,0,0.0
2015-09-13 13:03:00,67,0.00813728799275,67.4145508754,0,0.0
2015-09-13 13:08:00,72,0.0767341106423,68.0908114878,0,0.0
2015-09-13 13:13:00,69,0.00688167009223,68.6494160753,0,0.0
2015-09-13 13:18:00,66,0.0593153255422,69.0217954866,0,0.0
2015-09-13 13:23:00,68,0.0207815667555,66.9412914108,0,0.0
2015-09-13 13:28:00,65,0.0202067777936,66.029426196,0,0.0
2015-09-13 13:38:00,67,0.0224879183933,68.1456379895,0,0.0
2015-09-13 13:43:00,64,0.0696471396333,67.5481456145,0,0.0
2015-09-13 13:53:00,66,0.00371912998276,66.1894695864,0,0.0
2015-09-13 13:58:00,68,0.0390229116383,66.0119934067,0,0.0
2015-09-13 14:13:00,68,0.00834687847781,68.4252283787,0,0.0
2015-09-13 14:23:00,67,0.0192666434446,67.9815314283,0,0.0
2015-09-13 14:28:00,59,0.179398775182,68.1393986998,0,0.0
2015-09-13 14:38:00,64,0.00673278289098,64.3429989259,0,0.0
2015-09-13 14:48:00,67,0.0390195818205,65.0121630429,0,0.0
2015-09-13 14:53:00,65,0.0307789265815,66.5680200787,0,0.0
2015-09-13 15:13:00,67,0.000572571993654,67.0291694507,0,0.0
2015-09-13 15:23:00,66,0.0184071132653,66.9377430079,0,0.0
2015-09-13 15:28:00,68,0.0298679465255,66.4783894351,0,0.0
2015-09-13 15:33:00,66,0.0374776368868,67.9092831904,0,0.0
2015-09-13 15:38:00,72,0.0822859383229,67.8079758518,0,0.0
2015-09-13 15:43:00,71,0.0416061813372,68.8803897672,0,0.0
2015-09-13 15:48:00,69,0.0152863715935,69.7787580742,0,0.0
2015-09-13 16:03:00,61,0.151519221763,68.7190860249,0,0.0
2015-09-13 16:08:00,67,0.0115962446919,66.4092339619,0,0.0
2015-09-13 16:18:00,66,0.00567611960441,65.7108323617,0,0.0
2015-09-13 16:28:00,74,0.124845402112,67.6398010266,0,0.0
2015-09-13 16:48:00,65,0.0966639912302,69.924508291,0,0.0
2015-09-13 16:53:00,69,0.0133139840986,68.3217244163,0,0.0
2015-09-13 16:58:00,64,0.0648214379735,67.3023021776,0,0.0
2015-09-13 17:03:00,67,0.00852784581383,66.5655523129,0,0.0
2015-09-13 17:13:00,69,0.0232918120766,67.813407969,0,0.0
2015-09-13 17:18:00,62,0.127554880933,68.498232286,0,0.0
2015-09-13 17:23:00,63,0.0488848731603,65.4904202704,0,0.0
2015-09-13 17:43:00,73,0.15359458263,65.1751855476,0,0.0
2015-09-13 17:48:00,64,0.0770435293311,67.9249517233,0,0.0
2015-09-13 17:53:00,67,0.00461495280828,66.7648930788,0,0.0
2015-09-13 17:58:00,65,0.0361796206224,66.8431562721,0,0.0
2015-09-13 18:08:00,67,0.00323423190046,67.1647666479,0,0.0
2015-09-13 18:18:00,65,0.0335521647136,66.7093015839,0,0.0
2015-09-13 18:23:00,74,0.126096897475,67.5760440969,0,0.0
2015-09-13 18:33:00,65,0.0744444086738,68.7925405631,0,0.0
2015-09-13 18:38:00,70,0.0298852564365,68.4775075886,0,0.0
2015-09-13 18:43:00,70,0.0463005013214,67.6412395171,0,0.0
2015-09-13 18:48:00,69,0.00335310952187,68.8291771793,0,0.0
2015-09-13 18:58:00,69,0.00155625849114,68.9207170349,0,0.0
2015-09-13 19:08:00,63,0.103817338981,68.2889327251,0,0.0
2015-09-13 19:13:00,63,0.0655049641427,66.3371241443,0,0.0
2015-09-13 19:33:00,65,0.0202907046214,63.9662981854,0,0.0
2015-09-13 19:43:00,56,0.210161549147,66.70659589,0,0.0
2015-09-13 19:48:00,69,0.0920626707488,64.3099041368,0,0.0
2015-09-13 20:13:00,63,0.0263246850841,64.3411005309,0,0.0
2015-09-13 20:33:00,66,0.0165133301923,66.8412649882,0,0.0
2015-09-13 20:43:00,66,0.0138234275424,66.7042289758,0,0.0
2015-09-13 20:48:00,64,0.0463850353584,66.3630670355,0,0.0
2015-09-13 21:08:00,68,0.0364364030146,66.1437620519,0,0.0
2015-09-13 21:28:00,55,0.256572029118,68.0709591911,0,0.0
2015-09-13 22:48:00,75,0.215478774741,64.0225201832,0,0.0
2015-09-13 22:53:00,69,0.0402154824565,66.9512383643,0,0.0
2015-09-13 23:33:00,62,0.16008685932,70.1555608863,0,0.0
2015-09-14 00:33:00,68,0.0321968252777,66.3597456405,0,0.0
2015-09-14 05:53:00,66,0.00410614159015,65.7908142624,0,0.0
2015-09-14 06:18:00,66,0.0225367697502,67.1481267023,0,0.0
2015-09-14 06:28:00,75,0.149932122031,67.3617681349,0,0.0
2015-09-14 06:48:00,65,0.0892395416389,69.5462726822,0,0.0
2015-09-14 06:53:00,68,0.00682672149414,67.6522154096,0,0.0
2015-09-14 06:58:00,71,0.0670164186598,67.5858754111,0,0.0
2015-09-14 07:08:00,69,0.00382359562392,68.8052084534,0,0.0
2015-09-14 07:28:00,67,0.0227366344149,68.1583087276,0,0.0
2015-09-14 07:33:00,68,0.0113216799436,67.4232215529,0,0.0
2015-09-14 07:38:00,67,0.00975820689864,67.4971279394,0,0.0
2015-09-14 07:48:00,71,0.0537751068252,68.2604487355,0,0.0
2015-09-14 07:58:00,67,0.0214146457572,68.0909605453,0,0.0
2015-09-14 08:13:00,65,0.0717105119588,68.6532632907,0,0.0
2015-09-14 08:28:00,66,0.0333293453083,67.6979501386,0,0.0
2015-09-14 08:33:00,64,0.0505927070632,66.5774251841,0,0.0
2015-09-14 08:48:00,60,0.122316812471,66.2313809876,0,0.0
2015-09-14 08:53:00,69,0.114264911805,63.1788198647,0,0.0
2015-09-14 09:03:00,66,0.00101403790701,66.0516597548,0,0.0
2015-09-14 09:08:00,73,0.107497036476,67.5236065608,0,0.0
2015-09-14 09:13:00,70,0.0388807031863,68.0192381593,0,0.0
2015-09-14 09:23:00,72,0.0299953657287,70.4718981149,0,0.0
2015-09-14 09:28:00,62,0.16409922018,70.3599690022,0,0.0
2015-09-14 09:33:00,70,0.0666816467366,66.6029302325,0,0.0
2015-09-14 09:38:00,69,0.0497755559833,66.4642042501,0,0.0
2015-09-14 09:43:00,69,0.00182646714961,69.0930486369,0,0.0
2015-09-14 09:48:00,69,0.0209970688628,70.0696872577,0,0.0
2015-09-14 09:53:00,71,0.0528424056108,68.307964825,0,0.0
2015-09-14 09:58:00,68,0.007767345723,68.3957043148,0,0.0
2015-09-14 10:13:00,63,0.112226238388,68.7173207352,0,0.0
2015-09-14 10:18:00,68,0.0387688961758,66.0249341226,0,0.0
2015-09-14 10:23:00,68,0.0275301878399,66.5974856144,0,0.0
2015-09-14 10:28:00,66,0.0286581556586,67.459978254,0,0.0
2015-09-14 10:33:00,70,0.0530385004869,67.2979748502,0,0.0
2015-09-14 10:43:00,70,0.0393370674821,67.9959888631,0,0.0
2015-09-14 10:48:00,65,0.0923937752232,69.706963848,0,0.0
2015-09-14 11:03:00,74,0.124789049364,67.6426718947,0,0.0
2015-09-14 11:13:00,67,0.0430038518047,69.1908139945,0,0.0
2015-09-14 11:18:00,64,0.0807490570379,68.1137283471,0,0.0
2015-09-14 11:23:00,70,0.0525032644471,67.3252422357,0,0.0
2015-09-14 11:28:00,70,0.0331071274718,68.3133706601,0,0.0
2015-09-14 11:33:00,66,0.0915321659459,70.6630695087,0,0.0
2015-09-14 11:43:00,67,0.0238717155864,68.2161349829,0,0.0
2015-09-14 12:03:00,63,0.0925429719222,67.714564614,0,0.0
2015-09-14 12:08:00,70,0.0761293337505,66.1216216042,0,0.0
2015-09-14 12:13:00,63,0.0767199095977,66.9084650456,0,0.0
2015-09-14 12:23:00,71,0.0793674074997,66.9566592348,0,0.0
2015-09-14 12:28:00,62,0.108444778206,67.5246757618,0,0.0
2015-09-14 12:38:00,67,0.0328023009161,65.3288999268,0,0.0
2015-09-14 12:43:00,68,0.0501586114332,65.4446896438,0,0.0
2015-09-14 12:48:00,73,0.089378316676,68.4466574792,0,0.0
2015-09-14 12:53:00,67,0.0358043139855,68.8240364259,0,0.0
2015-09-14 13:15:00,65,0.0821316983677,69.1841664555,0,0.0
2015-09-14 13:20:00,63,0.0842420188238,67.2916758854,0,0.0
2015-09-14 13:25:00,72,0.12227683752,65.7706555203,0,0.0
2015-09-14 13:35:00,65,0.0504441685299,67.5698579481,0,0.0
2015-09-14 13:40:00,64,0.0724145853647,67.6891320281,0,0.0
2015-09-14 13:45:00,71,0.0919324278665,66.3165393082,0,0.0
2015-09-14 13:50:00,66,0.0224490290114,67.1436567856,0,0.0
2015-09-14 13:55:00,59,0.186301993127,68.4910803713,0,0.0
2015-09-14 14:15:00,57,0.138883749094,64.0753769339,0,0.0
2015-09-14 14:20:00,66,0.081164301177,61.8651172066,0,0.0
2015-09-14 14:25:00,71,0.111375980116,65.3259953317,0,0.0
2015-09-14 14:35:00,69,0.00893512034998,68.5448038749,0,0.0
2015-09-14 14:40:00,67,0.0261950278229,68.3344951936,0,0.0
2015-09-14 14:45:00,66,0.0248483942608,67.2658914865,0,0.0
2015-09-14 14:50:00,67,0.00203546067414,66.8963042718,0,0.0
2015-09-14 14:55:00,65,0.0556753407074,67.836357918,0,0.0
2015-09-14 15:00:00,70,0.0618809389338,66.8475003675,0,0.0
2015-09-14 15:10:00,66,0.0404469091349,68.060551575,0,0.0
2015-09-14 15:15:00,66,0.0405797921724,68.0673212481,0,0.0
2015-09-14 15:20:00,61,0.093977691797,65.787655843,0,0.0
2015-09-14 15:30:00,68,0.0348269991513,66.2257524867,0,0.0
2015-09-14 15:35:00,69,0.045224024506,66.696080197,0,0.0
2015-09-14 15:40:00,63,0.0930677102897,67.7412971998,0,0.0
2015-09-14 15:50:00,67,0.0176903994328,66.0987696911,0,0.0
2015-09-14 15:55:00,66,0.00249253397413,66.1269811443,0,0.0
2015-09-14 16:00:00,65,0.0492843460351,67.5107712559,0,0.0
2015-09-14 16:05:00,67,0.00887811800172,66.5477078367,0,0.0
2015-09-14 16:20:00,65,0.0758376623366,68.8635193125,0,0.0
2015-09-14 16:25:00,66,0.00813786999398,66.4145805252,0,0.0
2015-09-14 16:30:00,65,0.0081240504372,65.4138764935,0,0.0
2015-09-14 16:35:00,64,0.0640143638009,67.2611861073,0,0.0
2015-09-14 16:40:00,66,0.011882991179,66.605374223,0,0.0
2015-09-14 16:45:00,62,0.0918467686946,66.6790968196,0,0.0
2015-09-14 16:50:00,65,0.0232126789651,66.1825606264,0,0.0
2015-09-14 16:55:00,67,0.0267037224435,65.6395895628,0,0.0
2015-09-14 17:00:00,59,0.15120350545,66.7030019838,0,0.0
2015-09-14 17:05:00,36,0.560564423466,64.5577298831,0,0.0
2015-09-14 17:10:00,21,0.683831237462,55.8375083176,0,0.0
2015-09-14 17:15:00,52,0.130263279309,45.3637894442,0,0.0
2015-09-14 17:20:00,60,0.180490631332,50.8049771262,0,0.0
2015-09-14 17:25:00,51,0.214072300717,61.9058275613,0,0.0
2015-09-14 17:30:00,68,0.16061260748,59.8176550844,0,0.0
2015-09-14 17:35:00,60,0.0944239079684,64.810388147,0,0.0
2015-09-14 17:40:00,42,0.453986414728,65.1281559437,0,0.0
2015-09-14 17:45:00,65,0.125505380694,58.6061786822,0,0.0
2015-09-14 17:50:00,59,0.0278040545352,60.4164664146,0,0.0
2015-09-14 17:55:00,69,0.0949246548608,64.1641015033,0,0.0
2015-09-14 18:00:00,68,0.0522565555379,65.3378107222,0,0.0
2015-09-14 18:05:00,66,0.0544452902695,68.7736934915,0,0.0
2015-09-14 18:10:00,66,0.0452455517942,68.3050165021,0,0.0
2015-09-14 18:20:00,66,0.0142975548034,66.7283831991,0,0.0
2015-09-14 18:25:00,68,0.0205521123706,66.9529808724,0,0.0
2015-09-14 18:30:00,67,0.0113494333891,67.5781923352,0,0.0
2015-09-14 18:35:00,67,0.0170218558881,67.867171626,0,0.0
2015-09-14 18:45:00,65,0.047608877487,67.4254151823,0,0.0
2015-09-14 18:50:00,66,0.00627380055769,66.3196162549,0,0.0
2015-09-14 19:01:00,68,0.0210047910836,66.9299193368,0,0.0
2015-09-14 19:05:00,68,0.0228610041469,66.8353553063,0,0.0
2015-09-14 19:15:00,66,0.0567045002482,68.8887880384,0,0.0
2015-09-14 19:20:00,69,0.014141937969,68.2795446382,0,0.0
2015-09-14 19:30:00,64,0.069925555154,67.5623293816,0,0.0
2015-09-14 19:35:00,68,0.011355997849,67.421473241,0,0.0
2015-09-14 19:45:00,65,0.0305646354182,66.5571031013,0,0.0
2015-09-14 20:00:00,65,0.0293152142844,66.4934518424,0,0.0
2015-09-14 20:10:00,66,0.00428912669377,66.2185078404,0,0.0
2015-09-14 20:15:00,58,0.180376485817,67.1892077763,0,0.0
2015-09-14 20:20:00,71,0.131902930407,64.2802580762,0,0.0
2015-09-14 20:25:00,61,0.103869076878,66.2915684916,0,0.0
2015-09-14 20:30:00,72,0.1107913926,66.3557769084,0,0.0
2015-09-14 20:35:00,64,0.0665109244897,67.388372391,0,0.0
2015-09-14 20:40:00,64,0.0736641620697,67.7527912126,0,0.0
2015-09-14 20:45:00,67,0.029340078163,65.5052814773,0,0.0
2015-09-14 20:50:00,65,0.0258637649492,66.3176191393,0,0.0
2015-09-14 21:30:00,65,0.0279778561265,66.425320667,0,0.0
2015-09-14 21:35:00,65,0.0294880047113,66.5022545814,0,0.0
2015-09-14 21:45:00,74,0.150837709715,66.3156333333,0,0.0
2015-09-14 22:06:00,61,0.161708432321,69.238171273,0,0.0
2015-09-14 22:21:00,60,0.139992637979,67.1318688338,0,0.0
2015-09-14 22:30:00,64,0.0142734165223,64.727153484,0,0.0
2015-09-14 22:40:00,66,0.0207079879801,64.945039852,0,0.0
2015-09-14 22:45:00,66,0.015188711948,66.7737828427,0,0.0
2015-09-14 22:50:00,70,0.0736014881436,66.2504016855,0,0.0
2015-09-15 03:45:00,62,0.121952836342,68.2128383696,0,0.0
2015-09-15 04:10:00,64,0.0509957831132,66.5979597319,0,0.0
2015-09-15 04:31:00,61,0.079546380714,65.0524584838,0,0.0
2015-09-15 04:55:00,90,0.50075640484,64.4891656552,0,0.0
2015-09-15 05:26:00,60,0.26387199541,73.4428530481,0,0.0
2015-09-15 05:31:00,66,0.0684001063094,69.4846160016,0,0.0
2015-09-15 05:41:00,63,0.0665599063636,66.3908677529,0,0.0
2015-09-15 05:46:00,76,0.202177976329,65.7001240275,0,0.0
2015-09-15 05:51:00,56,0.252664015564,68.8718670069,0,0.0
2015-09-15 06:05:00,72,0.0986903762941,66.9722583341,0,0.0
2015-09-15 06:45:00,66,0.00433503821953,66.2208467846,0,0.0
2015-09-15 07:06:00,67,0.0405426410163,69.0654285974,0,0.0
2015-09-15 07:11:00,63,0.0782895601769,66.9884302653,0,0.0
2015-09-15 07:16:00,67,0.0257484820236,65.6882539031,0,0.0
2015-09-15 07:21:00,70,0.0507490457222,67.4146102055,0,0.0
2015-09-15 07:26:00,70,0.0220729959957,68.8755000657,0,0.0
2015-09-15 07:31:00,71,0.0487022934775,68.5188811783,0,0.0
2015-09-15 07:46:00,62,0.130111204943,68.6284631882,0,0.0
2015-09-15 07:51:00,69,0.035836940366,67.1743014363,0,0.0
2015-09-15 07:56:00,67,0.00386757004313,66.8029681942,0,0.0
2015-09-15 08:11:00,66,0.0367615196963,67.8728008872,0,0.0
2015-09-15 08:21:00,65,0.0215080523638,66.0957191074,0,0.0
2015-09-15 08:26:00,61,0.128858123457,67.5646254541,0,0.0
2015-09-15 08:31:00,68,0.042601334887,65.8296920685,0,0.0
2015-09-15 08:41:00,66,0.000792939888176,66.0403960048,0,0.0
2015-09-15 08:46:00,67,0.0169463957145,67.8633273377,0,0.0
2015-09-15 08:51:00,66,0.0136115685335,66.6934359035,0,0.0
2015-09-15 08:56:00,66,0.0277770090296,67.4150885922,0,0.0
2015-09-15 09:01:00,70,0.05855900791,67.0167348121,0,0.0
2015-09-15 09:06:00,71,0.0735780672892,67.2515948515,0,0.0
2015-09-15 09:16:00,65,0.0766659347715,68.9057153198,0,0.0
2015-09-15 09:21:00,63,0.0978642819327,67.9856566197,0,0.0
2015-09-15 09:31:00,63,0.0493248513805,65.5128347845,0,0.0
2015-09-15 09:36:00,63,0.0417612926794,65.1275123179,0,0.0
2015-09-15 09:41:00,62,0.0524974600547,64.6744620619,0,0.0
2015-09-15 09:46:00,65,0.0120028103134,65.6114783608,0,0.0
2015-09-15 09:51:00,61,0.10350723313,66.2731345068,0,0.0
2015-09-15 10:01:00,72,0.15126737781,64.2937440644,0,0.0
2015-09-15 10:16:00,67,0.0232080734263,68.1823259991,0,0.0
2015-09-15 10:26:00,66,0.0632750319135,69.2235211406,0,0.0
2015-09-15 10:31:00,74,0.143087817952,66.7104484631,0,0.0
2015-09-15 10:36:00,66,0.0779259437015,69.9699059697,0,0.0
2015-09-15 10:41:00,70,0.032442263279,68.3472418999,0,0.0
2015-09-15 10:46:00,67,0.0343786820205,68.7514081768,0,0.0
2015-09-15 11:06:00,68,0.00849224209763,67.56736613,0,0.0
2015-09-15 11:11:00,66,0.0532411417064,68.7123486256,0,0.0
2015-09-15 11:16:00,65,0.0448826983369,67.2865310781,0,0.0
2015-09-15 11:21:00,60,0.120150275035,66.1210076062,0,0.0
2015-09-15 11:31:00,66,0.0349457161619,64.2197044961,0,0.0
2015-09-15 11:36:00,67,0.0378852007613,65.0699536313,0,0.0
2015-09-15 11:41:00,66,0.00654880695689,66.3336263457,0,0.0
2015-09-15 11:46:00,67,0.0153123172926,67.7800798674,0,0.0
2015-09-15 11:51:00,66,0.0286825296936,67.4612199795,0,0.0
2015-09-15 11:56:00,67,0.0112882257246,67.5750741353,0,0.0
2015-09-15 12:06:00,69,0.0397799028348,66.9734287936,0,0.0
2015-09-15 12:11:00,69,0.0214125800019,67.9091446938,0,0.0
2015-09-15 12:16:00,71,0.030136479147,69.4647091484,0,0.0
2015-09-15 12:21:00,64,0.0909910984384,68.6355050413,0,0.0
2015-09-15 12:26:00,69,0.0398494847006,66.9698839733,0,0.0
2015-09-15 12:31:00,68,0.0165129867744,67.1587525071,0,0.0
2015-09-15 12:36:00,67,0.0310647929126,68.5825834244,0,0.0
2015-09-15 12:41:00,66,0.0321299633615,67.636848106,0,0.0
2015-09-15 12:46:00,68,0.0324059160577,66.3490935945,0,0.0
2015-09-15 12:51:00,72,0.100919295222,66.8587069527,0,0.0
2015-09-15 12:56:00,66,0.050683782584,68.58206499,0,0.0
2015-09-15 13:01:00,62,0.11945950631,68.0858166704,0,0.0
2015-09-15 13:06:00,71,0.105604222956,65.620035187,0,0.0
2015-09-15 13:11:00,74,0.13536243176,67.1040151663,0,0.0
2015-09-15 13:16:00,65,0.122711527881,71.251489606,0,0.0
2015-09-15 13:21:00,61,0.142185785627,68.2435978617,0,0.0
2015-09-15 13:26:00,63,0.0362544889652,64.8469704098,1,-1.0
2015-09-15 13:31:00,66,0.0218056690227,64.8891189312,1,0.0
2015-09-15 13:36:00,63,0.0810896766638,67.1310810775,1,0.0
2015-09-15 13:41:00,60,0.11065989496,65.637523997,1,0.0
2015-09-15 13:46:00,59,0.0988724462598,64.0370171473,1,0.0
2015-09-15 13:51:00,60,0.0520828145747,62.6533381141,1,0.0
2015-09-15 13:54:00,56,0.134515187446,62.8528223117,1,0.0
2015-09-15 13:59:00,49,0.277299489253,63.1269113402,1,0.0
2015-09-15 14:04:00,43,0.333083320504,59.9687962656,1,0.0
2015-09-15 14:09:00,59,0.0663739336826,55.6186065508,1,0.0
2015-09-15 14:14:00,51,0.176253481348,59.9791629661,1,0.0
2015-09-15 14:19:00,42,0.365041713475,60.5969037868,1,0.0
2015-09-15 14:24:00,25,0.592884640024,55.2042703619,1,0.0
2015-09-15 14:29:00,10,0.760762094673,48.7567200049,1,0.0
2015-09-15 14:34:00,8,0.615807647654,39.3720737983,1,0.0
2015-09-15 14:39:00,46,0.232225445296,34.1693677637,1,0.0
2015-09-15 14:44:00,65,0.364119439331,46.4500810998,1,0.0
2015-09-15 14:49:00,68,0.114745765787,62.1543229513,1,0.0
2015-09-15 14:54:00,67,0.0193679293432,67.9866913979,1,0.0
2015-09-15 14:59:00,64,0.0730572149812,67.7218705364,1,0.0
2015-09-15 15:04:00,67,0.0147410162869,66.2490248334,1,0.0
2015-09-15 15:09:00,62,0.0894495739928,66.5569726963,1,0.0
2015-09-15 15:14:00,66,0.00168873608563,65.913968017,1,0.0
2015-09-15 15:24:00,68,0.046960586009,65.6076117673,1,0.0
2015-09-15 15:34:00,65,0.0584779078206,67.9791335764,1,0.0
2015-09-15 15:39:00,65,0.0439119909187,67.2370787777,1,0.0
2015-09-15 15:44:00,68,0.0327315972022,66.3325018991,1,0.0
2015-09-15 15:49:00,66,0.0380041353885,67.9361054456,1,0.0
2015-09-15 15:54:00,64,0.0507964545615,66.5878050188,1,0.0
2015-09-15 15:59:00,64,0.0405375905796,66.0651713049,0,0.0
2015-09-15 16:04:00,63,0.0423406178879,65.1570258085,0,0.0
2015-09-15 16:09:00,63,0.0440982763429,65.246569014,0,0.0
2015-09-15 16:14:00,67,0.054489838139,64.2240370352,0,0.0
2015-09-15 16:19:00,63,0.0801035257548,67.0808420146,0,0.0
2015-09-15 16:24:00,66,0.0136979668017,66.6978374287,0,0.0
2015-09-15 16:29:00,67,0.0193193596868,66.0157829638,0,0.0
2015-09-15 16:34:00,65,0.0400078105134,67.0381818717,0,0.0
2015-09-15 16:39:00,65,0.029273787103,66.4913413512,0,0.0
2015-09-15 16:44:00,64,0.0515933326094,66.6284016515,0,0.0
2015-09-15 16:49:00,69,0.070275094933,65.4198634544,0,0.0
2015-09-15 16:54:00,65,0.044638051307,67.2740676332,0,0.0
2015-09-15 16:59:00,65,0.0354232037233,66.8046209163,0,0.0
2015-09-15 17:04:00,62,0.0837273407618,66.2654558178,0,0.0
2015-09-15 17:09:00,57,0.14858458914,64.5695823421,0,0.0
2015-09-15 17:14:00,52,0.196482642561,62.0097294764,0,0.0
2015-09-15 17:19:00,51,0.175197404392,59.9253615488,0,0.0
2015-09-15 17:24:00,62,0.0654786609168,58.664215863,0,0.0
2015-09-15 17:29:00,59,0.0735420993128,62.7465727743,0,0.0
2015-09-15 17:39:00,68,0.0927546140497,63.2746533626,0,0.0
2015-09-15 17:44:00,64,0.025949367982,65.3219801515,0,0.0
2015-09-15 17:49:00,65,0.0259494118139,66.3219823845,0,0.0
2015-09-15 17:54:00,66,0.0215973275985,64.8997328016,0,0.0
2015-09-15 17:59:00,67,0.00327186702386,67.1666839542,0,0.0
2015-09-15 18:04:00,63,0.0854250309885,67.3519439659,0,0.0
2015-09-15 18:14:00,59,0.136536181203,65.9557810286,0,0.0
2015-09-15 18:19:00,68,0.0738650037907,64.2369769865,0,0.0
2015-09-15 18:24:00,66,0.012678393252,65.3541043372,0,0.0
2015-09-15 18:29:00,66,0.0187119394824,66.9532722573,0,0.0
2015-09-15 18:34:00,65,0.0419529418618,67.1372758087,0,0.0
2015-09-15 18:39:00,64,0.0325381015448,65.6576405422,0,0.0
2015-09-15 18:44:00,70,0.0691155714387,66.4789349141,0,0.0
2015-09-15 18:49:00,67,0.0181679357148,67.9255582034,0,0.0
2015-09-15 18:54:00,63,0.110168422487,68.6124861289,0,0.0
2015-09-15 19:04:00,64,0.0456826285708,66.3272832033,0,0.0
2015-09-15 19:09:00,65,0.00773707715638,64.6058377052,0,0.0
2015-09-15 19:14:00,64,0.0495279876318,66.5231834794,0,0.0
2015-09-15 19:19:00,60,0.136810238252,66.9697427551,0,0.0
2015-09-15 19:24:00,65,0.0104071627791,64.4698112633,0,0.0
2015-09-15 19:29:00,69,0.0835669937561,64.7427129962,0,0.0
2015-09-15 19:34:00,63,0.0895337320445,67.5612600945,0,0.0
2015-09-15 19:39:00,59,0.154737398835,66.8830347659,0,0.0
2015-09-15 19:44:00,69,0.113708886143,63.2071463692,0,0.0
2015-09-15 19:49:00,60,0.111299452451,65.6701059971,0,0.0
2015-09-15 19:54:00,60,0.105148314059,65.356738717,0,0.0
2015-09-15 19:59:00,59,0.0986948660587,64.0279703951,0,0.0
2015-09-15 20:09:00,62,0.0123318514321,62.6282412287,0,0.0
2015-09-15 20:14:00,61,0.0588544220515,63.998314943,0,0.0
2015-09-15 20:24:00,58,0.12844583452,64.5436215594,0,0.0
2015-09-15 20:29:00,63,0.0122811314106,63.6256573175,0,0.0
2015-09-15 20:34:00,65,0.0288996369229,63.5277195797,0,0.0
2015-09-15 20:49:00,57,0.186337132575,66.4928705364,0,0.0
2015-09-15 20:54:00,62,0.0304201767034,63.54974371,0,0.0
2015-09-15 20:59:00,62,0.0396937721574,64.0221833136,0,0.0
2015-09-15 21:04:00,62,0.0684611258681,65.4877246186,0,0.0
2015-09-15 21:19:00,64,0.00820669951695,64.4180870177,0,0.0
2015-09-15 21:29:00,63,0.041238374983,65.1008724855,0,0.0
2015-09-15 22:09:00,57,0.171637992744,65.744028749,0,0.0
2015-09-15 22:34:00,59,0.0919732372452,63.6855397092,0,0.0
2015-09-15 22:39:00,63,0.000393675967504,62.9799443356,0,0.0
2015-09-15 22:44:00,67,0.0541629517681,64.2406901303,0,0.0
2015-09-15 23:19:00,65,0.0451716467178,67.3012514376,0,0.0
2015-09-15 23:24:00,61,0.117466365485,66.9842769099,0,0.0
2015-09-15 23:29:00,61,0.0822388564765,65.1896255824,0,0.0
2015-09-15 23:34:00,60,0.0740868992597,63.7743273893,0,0.0
2015-09-16 00:49:00,67,0.0568494078781,64.1038297005,0,0.0
2015-09-16 01:44:00,57,0.1743230399,65.8808174002,0,0.0
2015-09-16 02:19:00,59,0.107479747931,64.4755126812,0,0.0
2015-09-16 03:04:00,60,0.0371861384975,61.8944329218,0,0.0
2015-09-16 04:44:00,58,0.107597044376,63.4814883016,0,0.0
2015-09-16 05:09:00,66,0.0552199886183,63.1868398116,0,0.0
2015-09-16 05:19:00,69,0.0940997638101,64.2061252472,0,0.0
2015-09-16 05:29:00,62,0.131584229978,68.7035058582,0,0.0
2015-09-16 05:39:00,65,0.026088076733,66.3290466132,0,0.0
2015-09-16 05:49:00,65,0.00396097882265,65.2017904786,0,0.0
2015-09-16 06:09:00,61,0.0771490440895,64.9303271303,0,0.0
2015-09-16 06:14:00,64,0.0277698861954,65.4147257222,0,0.0
2015-09-16 06:24:00,65,0.0115783626739,65.5898550459,0,0.0
2015-09-16 06:39:00,65,0.0212526092796,66.0827056618,0,0.0
2015-09-16 06:44:00,66,0.000647585939154,65.9670089939,0,0.0
2015-09-16 06:54:00,61,0.130010570074,67.6233363851,0,0.0
2015-09-16 07:19:00,64,0.0202015918738,65.0291620014,0,0.0
2015-09-16 07:24:00,69,0.077525244257,65.0505075029,0,0.0
2015-09-16 07:29:00,59,0.181586054188,68.2508287522,0,0.0
2015-09-16 07:34:00,71,0.122765750483,64.7457480453,0,0.0
2015-09-16 07:44:00,66,0.0289507815276,67.4748859616,0,0.0
2015-09-16 07:49:00,66,0.0474308764899,68.4163469928,0,0.0
2015-09-16 07:54:00,67,0.00381816083217,66.8054853267,0,0.0
2015-09-16 07:59:00,68,0.00709189105874,67.6387064524,0,0.0
2015-09-16 08:04:00,64,0.0736706210666,67.7531202636,0,0.0
2015-09-16 08:09:00,68,0.0133761092201,67.3185594768,0,0.0
2015-09-16 08:14:00,69,0.0202523180439,67.9682537742,0,0.0
2015-09-16 08:19:00,71,0.0430445902853,68.8071105999,0,0.0
2015-09-16 08:24:00,66,0.0512726767921,68.6120659694,0,0.0
2015-09-16 08:29:00,70,0.0146477524775,69.2537761208,0,0.0
2015-09-16 08:39:00,71,0.0503578941217,68.4345372671,0,0.0
2015-09-16 08:49:00,68,0.00580517786118,68.2957424595,0,0.0
2015-09-16 08:54:00,62,0.13073914289,68.6604532352,0,0.0
2015-09-16 08:59:00,67,0.00592472459238,66.6981672802,0,0.0
2015-09-16 09:04:00,63,0.0630199898062,66.2105281227,0,0.0
2015-09-16 09:09:00,71,0.090428591767,66.3931516356,0,0.0
2015-09-16 09:14:00,64,0.077611663633,67.9538950976,0,0.0
2015-09-16 09:24:00,70,0.053032391039,67.2982860935,0,0.0
2015-09-16 09:34:00,67,0.0137589887676,67.7009461683,0,0.0
2015-09-16 09:44:00,67,0.0128219370599,66.3467915554,0,0.0
2015-09-16 09:54:00,66,0.0232762896054,67.185801245,0,0.0
2015-09-16 09:59:00,61,0.0849660415185,65.3285609314,0,0.0
2015-09-16 10:04:00,69,0.0747471612721,65.1920358271,0,0.0
2015-09-16 10:09:00,67,0.0191541269556,66.0242006791,0,0.0
2015-09-16 10:14:00,70,0.0420108326378,67.8597749689,0,0.0
2015-09-16 10:19:00,71,0.0559141691344,68.1514750635,0,0.0
2015-09-16 10:24:00,67,0.023052231667,68.1743867031,0,0.0
2015-09-16 10:29:00,59,0.174514426879,67.8905675332,0,0.0
2015-09-16 10:34:00,69,0.0767039252444,65.0923492708,0,0.0
2015-09-16 10:44:00,69,0.0480634132041,66.5514286778,0,0.0
2015-09-16 10:49:00,68,0.0181405757737,68.9241643622,0,0.0
2015-09-16 10:54:00,72,0.0751179578239,68.1731457454,0,0.0
2015-09-16 10:59:00,68,0.0380041081822,69.9361040596,0,0.0
2015-09-16 11:04:00,62,0.10628764496,67.4147814731,0,0.0
2015-09-16 11:09:00,64,0.0434722163797,66.2146746401,0,0.0
2015-09-16 11:14:00,66,0.010392523951,65.4705570326,0,0.0
2015-09-16 11:19:00,60,0.122243657296,66.2276541265,0,0.0
2015-09-16 11:24:00,66,0.00667613894017,65.6598867774,0,0.0
2015-09-16 11:29:00,71,0.1030226168,65.7515540779,0,0.0
2015-09-16 11:34:00,56,0.235418526737,67.9933024905,0,0.0
2015-09-16 11:39:00,63,0.049336272459,65.5134166268,0,0.0
2015-09-16 11:44:00,67,0.0737124494161,63.2447488079,0,0.0
2015-09-16 11:49:00,64,0.0448649785098,66.2856283486,0,0.0
2015-09-16 11:59:00,67,0.0101248344708,67.5158056342,0,0.0
2015-09-16 12:04:00,62,0.10206987063,67.1999086503,0,0.0
2015-09-16 12:14:00,65,0.00875475617658,65.4460075446,0,0.0
2015-09-16 12:19:00,66,0.0143598241768,66.7315554874,0,0.0
2015-09-16 12:24:00,65,0.0163097762177,65.8308950126,0,0.0
2015-09-16 12:29:00,73,0.144149251967,65.6563741326,0,0.0
2015-09-16 12:34:00,67,0.0301401260662,68.5354766425,0,0.0
2015-09-16 12:39:00,62,0.121005140313,68.1645583752,0,0.0
2015-09-16 12:44:00,68,0.0417572355623,65.8726943703,0,0.0
2015-09-16 12:49:00,62,0.0882730073999,66.4970329828,0,0.0
2015-09-16 12:54:00,67,0.00945034792981,66.5185558124,0,0.0
2015-09-16 12:59:00,63,0.0814399016334,67.1489231482,0,0.0
2015-09-16 13:04:00,68,0.0581185369323,65.0391744295,1,-1.0
2015-09-16 13:09:00,69,0.0468396141542,66.6137746299,1,0.0
2015-09-16 13:14:00,69,0.00529102860674,69.2695493318,1,0.0
2015-09-16 13:19:00,65,0.0510445231674,67.6004427745,1,0.0
2015-09-16 13:24:00,61,0.11839722127,67.0316989848,1,0.0
2015-09-16 13:29:00,73,0.15879047065,64.9104831149,1,0.0
2015-09-16 13:34:00,66,0.0440171544488,68.2424362916,1,0.0
2015-09-16 13:39:00,51,0.378728881031,70.2941910522,1,0.0
2015-09-16 13:44:00,50,0.229029100728,61.6677957433,1,0.0
2015-09-16 13:49:00,34,0.490991219607,59.013350897,1,0.0
2015-09-16 13:54:00,24,0.556349639439,52.3430094001,1,0.0
2015-09-16 13:59:00,7,0.771194670181,46.2882033829,1,0.0
2015-09-16 14:04:00,14,0.478164084409,38.3598776353,1,0.0
2015-09-16 14:09:00,7,0.569821651892,36.029335675,1,0.0
2015-09-16 14:14:00,32,0.0655167269019,35.3377233934,1,0.0
2015-09-16 14:19:00,17,0.490774846408,42.0023278511,1,0.0
2015-09-16 14:24:00,8,0.689568148163,43.129772934,1,0.0
2015-09-16 14:29:00,6,0.587870382576,35.9488210259,1,0.0
2015-09-16 14:30:00,8,0.49290953327,33.1110786177,1,0.0
2015-09-16 14:35:00,20,0.275070282914,34.0133453168,1,0.0
2015-09-16 14:40:00,8,0.597466227086,38.4376774786,1,0.0
2015-09-16 14:45:00,23,0.299084560691,38.2367430734,1,0.0
2015-09-16 14:50:00,74,0.66484746664,40.1296122783,1,0.0
2015-09-16 14:55:00,65,0.107893910033,59.5033879965,1,0.0
2015-09-16 15:00:00,67,0.0314281504357,68.6010945278,1,0.0
2015-09-16 15:05:00,74,0.1421249684,66.7595004476,1,0.0
2015-09-16 15:10:00,59,0.205482260676,69.4682114143,1,0.0
2015-09-16 15:15:00,65,0.0520877486787,67.65358948,1,0.0
2015-09-16 15:20:00,64,0.0282527090794,65.4393229406,1,0.0
2015-09-16 15:25:00,64,0.0236322169773,65.2039338223,0,0.0
2015-09-16 15:30:00,68,0.0491507783029,65.4960332987,0,0.0
2015-09-16 15:35:00,73,0.118666653046,66.9545749214,0,0.0
2015-09-16 15:40:00,71,0.0433415057829,68.7919843589,0,0.0
2015-09-16 15:45:00,67,0.0629108199251,70.2049665069,0,0.0
2015-09-16 15:50:00,66,0.0629616666244,69.2075568716,0,0.0
2015-09-16 15:55:00,68,0.000334510965573,67.9829584729,0,0.0
2015-09-16 16:00:00,65,0.062663941889,68.1923894043,1,0.871604206333
2015-09-16 16:05:00,57,0.193451304224,66.8552991597,1,0.0
2015-09-16 16:10:00,70,0.0995453610893,64.9287014764,1,0.0
2015-09-16 16:15:00,66,0.0139100785359,66.7086433759,1,0.0
2015-09-16 16:20:00,66,0.0433304610339,68.2074529708,1,0.0
2015-09-16 16:25:00,65,0.0298470822009,66.5205476402,1,0.0
2015-09-16 16:30:00,66,0.000127896486029,65.9934843648,1,0.0
2015-09-16 16:35:00,64,0.0404598277942,66.061209711,1,0.0
2015-09-16 16:40:00,55,0.202450298645,65.3137493238,1,0.0
2015-09-16 16:45:00,30,0.650238692444,63.1261495753,1,0.0
2015-09-16 16:50:00,11,0.838575466426,53.7208910418,1,0.0
2015-09-16 16:55:00,12,0.564200213744,40.7429537616,1,0.0
2015-09-16 17:00:00,33,0.0557016814571,35.837699837,1,0.0
2015-09-16 17:05:00,43,0.0113936738413,42.4195538527,1,0.0
2015-09-16 17:10:00,1,1.0,51.9445992069,1,0.0
2015-09-16 17:15:00,19,0.440606747359,41.446534152,1,0.0
2015-09-16 17:20:00,23,0.25937476844,36.2137436226,1,0.0
2015-09-16 17:25:00,53,0.21393605096,42.1011136279,1,0.0
2015-09-16 17:30:00,60,0.145416152598,52.5918323877,1,0.0
2015-09-16 17:35:00,56,0.124003165295,62.3172915563,1,0.0
2015-09-16 17:40:00,44,0.346148862231,61.6344150523,1,0.0
2015-09-16 17:45:00,57,0.00148035426023,56.9245839455,1,0.0
2015-09-16 17:50:00,55,0.0875758964071,59.4615189426,1,0.0
2015-09-16 17:55:00,63,0.0218915079896,61.8847458994,1,0.0
2015-09-16 18:00:00,68,0.090994487055,63.3643223269,1,0.0
2015-09-16 18:05:00,70,0.0555911843974,67.1679293914,1,0.0
2015-09-16 18:10:00,62,0.135699770462,68.9131704186,1,0.0
2015-09-16 18:15:00,66,0.00765666821677,65.6099341064,1,0.0
2015-09-16 18:20:00,67,0.0410281342378,64.909838145,1,0.0
2015-09-16 18:25:00,68,0.0121108265198,67.3830187969,0,0.0
2015-09-16 18:30:00,67,0.0256026439202,68.3043164331,0,0.0
2015-09-16 18:35:00,66,0.0251670186335,67.2821236775,0,0.0
2015-09-16 18:40:00,68,0.0113467080682,67.4219465052,0,0.0
2015-09-16 18:45:00,69,0.0401829920248,66.9528935764,0,0.0
2015-09-16 18:50:00,68,0.01356057069,68.6908378388,0,0.0
2015-09-16 18:55:00,71,0.0526107058785,68.319768675,0,0.0
2015-09-16 19:05:00,67,0.0327561889805,68.6687509192,0,0.0
2015-09-16 19:10:00,64,0.0930832478434,68.7420887543,0,0.0
2015-09-16 19:15:00,64,0.0384520180131,65.9589226464,0,0.0
2015-09-16 19:25:00,64,0.0331273003802,65.6876570407,0,0.0
2015-09-16 19:30:00,63,0.0531721535158,65.7088340498,0,0.0
2015-09-16 19:35:00,65,0.00242850554446,64.8762807584,0,0.0
2015-09-16 19:40:00,64,0.0402676138253,66.0514174473,0,0.0
2015-09-16 19:45:00,65,0.00904015282898,65.4605469626,0,0.0
2015-09-16 19:50:00,66,0.0163739482503,66.834164231,0,0.0
2015-09-16 20:00:00,63,0.0604525180331,66.0797293022,0,0.0
2015-09-16 20:05:00,67,0.0492818034523,64.4893582749,0,0.0
2015-09-16 20:10:00,62,0.0836401933441,66.2610161275,0,0.0
2015-09-16 20:15:00,61,0.105726812929,66.3862101101,0,0.0
2015-09-16 20:20:00,62,0.0565421020142,64.8805147254,0,0.0
2015-09-16 20:25:00,65,0.00775295803842,64.6050286601,0,0.0
2015-09-16 20:30:00,63,0.0343440762945,64.749645202,0,0.0
2015-09-16 20:35:00,61,0.0913970690923,65.6561870536,0,0.0
2015-09-16 20:40:00,59,0.0972176113423,63.9527122457,0,0.0
2015-09-16 20:45:00,56,0.149837789302,63.633426122,0,0.0
2015-09-16 20:50:00,65,0.0666873552062,61.6026394169,0,0.0
2015-09-16 20:55:00,63,0.0239899428758,64.2221580248,0,0.0
2015-09-16 21:00:00,67,0.0241911468151,65.7675917212,0,0.0
2015-09-16 21:05:00,63,0.0762864642742,66.8863833474,0,0.0
2015-09-16 21:10:00,57,0.173243765522,65.8258341996,0,0.0
2015-09-16 21:15:00,58,0.103611365178,63.2784394722,0,0.0
2015-09-16 21:25:00,68,0.134163030959,61.1651181594,0,0.0
2015-09-16 21:40:00,62,0.0889684944256,66.5324642906,0,0.0
2015-09-16 21:45:00,64,0.0399877918511,66.037162029,0,0.0
2015-09-16 21:55:00,66,0.00193335366992,65.9015060722,0,0.0
2015-09-16 22:05:00,65,0.0144888546842,65.7381288949,0,0.0
2015-09-16 22:14:00,57,0.196368219328,67.0039002306,0,0.0
2015-09-16 22:20:00,61,0.0461161561159,63.3493690903,0,0.0
2015-09-16 22:25:00,58,0.0974438662544,62.9642387115,0,0.0
2015-09-16 22:30:00,62,0.0127407375879,62.64907177,0,0.0
2015-09-16 22:40:00,61,0.0403569310957,63.0559676799,0,0.0
2015-09-16 22:45:00,63,0.0468157008559,65.3850071167,0,0.0
2015-09-16 22:55:00,59,0.119787578337,65.1025301683,0,0.0
2015-09-16 23:10:00,64,0.00575565251512,63.7067805894,0,0.0
2015-09-16 23:35:00,64,0.00153808473765,63.9216428895,0,0.0
2015-09-16 23:55:00,59,0.114686158486,64.8426403787,0,0.0
2015-09-17 00:10:00,66,0.0410595134315,63.9082395446,0,0.0
2015-09-17 00:45:00,63,0.026765530977,64.3635592482,0,0.0
2015-09-17 01:05:00,57,0.17628776977,65.980909776,0,0.0
2015-09-17 01:40:00,56,0.129169937096,62.5805106749,0,0.0
2015-09-17 01:55:00,53,0.180164266725,62.1783963597,0,0.0
2015-09-17 02:10:00,66,0.11284536401,60.2511381582,0,0.0
2015-09-17 02:50:00,61,0.0565177734495,63.8792753165,0,0.0
2015-09-17 03:20:00,56,0.171792398655,64.7518948963,0,0.0
2015-09-17 04:35:00,58,0.109500713481,63.5784699612,0,0.0
2015-09-17 04:55:00,62,0.0158069339947,61.194722083,0,0.0
2015-09-17 05:10:00,64,0.00884848126667,64.4507823317,0,0.0
2015-09-17 05:15:00,65,0.000339814588565,64.982688282,0,0.0
2015-09-17 05:30:00,73,0.135020104981,66.1214548669,0,0.0
2015-09-17 05:35:00,63,0.121946652631,69.2125233429,0,0.0
2015-09-17 05:40:00,63,0.0874561437192,67.45541819,0,0.0
2015-09-17 05:45:00,66,0.0203086322725,64.9653848684,0,0.0
2015-09-17 05:50:00,62,0.093201122691,66.7480938411,0,0.0
2015-09-17 05:55:00,72,0.133199885952,65.2141851958,0,0.0
2015-09-17 06:15:00,56,0.210356292626,66.7165170185,0,0.0
2015-09-17 06:20:00,52,0.262308992169,65.3632264744,0,0.0
2015-09-17 06:25:00,61,0.0264459355085,59.6527224149,0,0.0
2015-09-17 06:30:00,51,0.225671862299,62.4967625771,0,0.0
2015-09-17 06:40:00,64,0.0435322619307,61.7822663634,0,0.0
2015-09-17 06:55:00,60,0.0587152861575,62.9912267206,0,0.0
2015-09-17 07:00:00,59,0.0983675273283,64.0112942547,0,0.0
2015-09-17 07:05:00,38,0.474754487428,62.1861770837,0,0.0
2015-09-17 07:10:00,53,0.079584255296,57.0543879892,0,0.0
2015-09-17 07:15:00,56,0.00366660977878,55.8132060344,0,0.0
2015-09-17 07:25:00,53,0.138117694435,60.0363505864,0,0.0
2015-09-17 07:35:00,68,0.124844740124,61.6398347513,0,0.0
2015-09-17 07:40:00,56,0.162257545696,64.2661456338,0,0.0
2015-09-17 07:45:00,62,0.031899897098,63.6251274724,0,0.0
2015-09-17 07:50:00,65,0.0260897478401,63.6708682529,0,0.0
2015-09-17 07:55:00,61,0.0880652710375,65.4864499371,0,0.0
2015-09-17 08:00:00,64,0.0215941452924,65.1001050771,0,0.0
2015-09-17 08:05:00,60,0.103435758375,65.2694932541,0,0.0
2015-09-17 08:10:00,58,0.123979769686,64.3160996764,0,0.0
2015-09-17 08:15:00,62,0.0231277987246,63.1782364366,0,0.0
2015-09-17 08:20:00,67,0.0625550679215,63.8131571364,0,0.0
2015-09-17 08:25:00,61,0.0954411199909,65.8622096058,0,0.0
2015-09-17 08:30:00,59,0.121073284574,65.1680299573,0,0.0
2015-09-17 08:35:00,60,0.0743532806571,63.7878980828,0,0.0
2015-09-17 08:40:00,59,0.0944005206925,63.8091966916,0,0.0
2015-09-17 08:45:00,59,0.100041826262,64.0965907428,0,0.0
2015-09-17 08:50:00,63,0.016504009829,63.840790166,0,0.0
2015-09-17 08:55:00,55,0.197094497417,65.0409001768,0,0.0
2015-09-17 09:00:00,54,0.179201172117,63.1293318909,0,0.0
2015-09-17 09:05:00,64,0.0906005458186,59.3843915053,0,0.0
2015-09-17 09:10:00,63,0.00256261676945,62.8694485158,0,0.0
2015-09-17 09:15:00,67,0.00172700996288,66.9120181696,0,0.0
2015-09-17 09:20:00,62,0.0817816796774,66.1663348936,0,0.0
2015-09-17 09:25:00,67,0.0173338600745,66.1169334458,0,0.0
2015-09-17 09:30:00,65,0.027275543629,66.3895416383,0,0.0
2015-09-17 09:35:00,63,0.0609172033478,66.1034025094,0,0.0
2015-09-17 09:40:00,61,0.104285216524,66.312768559,0,0.0
2015-09-17 09:45:00,69,0.0873681474945,64.5490647424,0,0.0
2015-09-17 09:50:00,65,0.0346878274262,66.7671574656,0,0.0
2015-09-17 09:55:00,63,0.10216063956,68.2045328371,0,0.0
2015-09-17 10:00:00,65,0.0117430202374,65.5982434595,0,0.0
2015-09-17 10:05:00,71,0.103632290558,65.7204944926,0,0.0
2015-09-17 10:10:00,66,0.0419518077075,68.1372180297,0,0.0
2015-09-17 10:15:00,64,0.0845855056436,68.3091746837,0,0.0
2015-09-17 10:20:00,61,0.0948036342615,65.8297331508,0,0.0
2015-09-17 10:25:00,65,0.00592539065855,64.6981333478,0,0.0
2015-09-17 10:30:00,65,0.0144662191566,65.736975737,0,0.0
2015-09-17 10:35:00,62,0.0594351816347,65.0279015072,0,0.0
2015-09-17 10:45:00,64,0.0233605889188,65.1900958397,0,0.0
2015-09-17 10:50:00,61,0.0890861197064,65.5384566633,0,0.0
2015-09-17 10:55:00,59,0.114632733495,64.8399186639,0,0.0
2015-09-17 11:00:00,64,0.0103814341331,63.4711219989,0,0.0
2015-09-17 11:05:00,55,0.184935596605,64.4214698481,0,0.0
2015-09-17 11:10:00,62,0.0376782957622,63.9195056764,0,0.0
2015-09-17 11:15:00,61,0.0243824143134,62.2421523249,0,0.0
2015-09-17 11:20:00,66,0.0280893260783,64.5690005409,0,0.0
2015-09-17 11:25:00,61,0.0957904409264,65.8800056208,0,0.0
2015-09-17 11:30:00,69,0.0912257883629,64.3525387745,0,0.0
2015-09-17 11:35:00,66,0.000147325493229,66.0075054382,0,0.0
2015-09-17 11:40:00,68,0.0016166068962,67.9176426096,0,0.0
2015-09-17 11:45:00,69,0.0223848192905,67.8596143529,0,0.0
2015-09-17 11:50:00,66,0.0371749824158,67.8938645797,0,0.0
2015-09-17 11:55:00,66,0.0367824758358,67.8738684893,0,0.0
2015-09-17 12:00:00,64,0.051744959683,66.636126232,0,0.0
2015-09-17 12:05:00,63,0.0753383368678,66.8380813766,0,0.0
2015-09-17 12:10:00,68,0.037418982707,66.0937049233,0,0.0
2015-09-17 12:20:00,62,0.088639505602,66.5157040868,0,0.0
2015-09-17 12:25:00,66,0.0110254265304,66.5616859357,0,0.0
2015-09-17 12:30:00,71,0.100109914093,65.8999405499,0,0.0
2015-09-17 12:35:00,67,0.0111669354047,67.5688950486,0,0.0
2015-09-17 12:40:00,66,0.0634920288786,69.2345759641,0,0.0
2015-09-17 12:45:00,62,0.100898637555,67.1402406507,0,0.0
2015-09-17 12:50:00,62,0.0609175969365,65.1034225606,0,0.0
2015-09-17 12:55:00,62,0.0543064247787,64.7666190447,0,0.0
2015-09-17 13:00:00,59,0.117426900736,64.9822663941,0,0.0
2015-09-17 13:05:00,56,0.137114896201,62.9852634322,0,0.0
2015-09-17 13:10:00,41,0.392232575228,60.9821313409,0,0.0
2015-09-17 13:15:00,63,0.108817656086,57.4563281241,0,0.0
2015-09-17 13:20:00,46,0.273886608018,59.9530434736,0,0.0
2015-09-17 13:25:00,47,0.235915450906,59.0186180931,0,0.0
2015-09-17 13:30:00,63,0.141995814234,55.7660801548,0,0.0
2015-09-17 13:35:00,50,0.239596956303,62.20617091,0,0.0
2015-09-17 13:40:00,46,0.311528552507,61.870697249,0,0.0
2015-09-17 13:45:00,33,0.463097500189,56.5923165408,0,0.0
2015-09-17 13:50:00,23,0.565583253959,51.8134121911,0,0.0
2015-09-17 13:55:00,26,0.381529449196,45.4368648749,0,0.0
2015-09-17 14:00:00,19,0.514153667925,45.1933525432,0,0.0
2015-09-17 14:05:00,27,0.307911638534,42.6864350163,0,0.0
