timestamp,value,anomaly_score,label
2015-07-28 11:56:00,248,0.0,0
2015-07-28 12:06:00,178,0.0,0
2015-07-28 12:25:00,155,1.0,0
2015-07-28 13:56:00,121,0.212264150943,0
2015-07-28 14:06:00,103,0.13679245283,0
2015-07-28 14:16:00,96,0.0377358490566,0
2015-07-28 17:23:00,170,0.0471698113208,0
2015-07-28 22:03:00,168,0.141509433962,0
2015-07-28 22:13:00,177,0.0377358490566,0
2015-07-28 22:22:00,211,0.132075471698,0
2015-07-28 22:33:00,258,0.0754716981132,0
2015-07-28 22:43:00,191,0.735849056604,0
2015-07-29 06:49:00,4416,1.0,0
2015-07-29 07:23:00,200,1.0,0
2015-07-29 07:53:00,210,0.74394184168,0
2015-07-29 08:13:00,197,1.0,0
2015-07-29 08:23:00,238,0.995234182416,0
2015-07-29 08:51:00,264,1.0,0
2015-07-29 09:03:00,263,1.0,0
2015-07-29 09:13:00,237,0.0707891949153,0
2015-07-29 09:43:00,218,0.974929378531,0
2015-07-29 10:03:00,218,0.600370762712,0
2015-07-29 10:13:00,286,1.0,0
2015-07-29 10:17:00,287,0.00918943853121,0
2015-07-30 08:58:00,312,1.0,0
2015-07-30 09:07:00,296,0.0895154112005,0
2015-07-30 09:18:00,213,1.0,0
2015-07-30 09:28:00,189,1.0,0
2015-07-30 09:37:00,174,1.0,0
2015-07-30 09:48:00,210,1.0,0
2015-07-30 09:57:00,229,1.0,0
2015-07-30 10:18:00,226,1.0,0
2015-07-30 11:07:00,348,0.623479363279,0
2015-07-30 12:35:00,58,1.0,0
2015-07-30 13:14:00,118,0.313785433456,0
2015-07-30 13:38:00,121,0.186148285531,0
2015-07-30 14:14:00,530,1.0,0
2015-07-30 14:38:00,185,0.0725591833475,0
2015-07-30 14:48:00,189,0.308257791754,0
2015-07-30 14:52:00,221,1.0,0
2015-07-30 15:08:00,392,0.725736085161,0
2015-07-30 15:18:00,418,1.0,0
2015-07-30 15:27:00,603,1.0,0
2015-07-30 15:37:00,705,0.51233640508,0
2015-07-30 15:48:00,798,0.123982128214,0
2015-07-30 15:58:00,729,0.164479183885,0
2015-07-30 16:08:00,863,0.418173211154,0
2015-07-30 16:34:00,916,0.793064626656,0
2015-07-30 16:55:00,652,0.170177735736,0
2015-07-30 17:26:00,881,1.0,0
2015-07-30 18:07:00,383,0.116526422027,0
2015-07-30 19:00:00,393,0.13919438691,0
2015-07-30 20:48:00,29,0.699154969009,0
2015-07-30 21:39:00,69,0.425185107448,0
2015-07-30 21:41:00,99,0.227105616407,0
2015-07-30 21:59:00,73,0.215768700026,0
2015-07-30 22:01:00,106,0.0910614257934,0
2015-07-30 22:59:00,159,0.26355072372,0
2015-07-30 23:48:00,110,0.127690011445,0
2015-07-31 06:07:00,96,0.0129208879361,0
2015-07-31 08:59:00,611,1.0,0
2015-07-31 09:09:00,1144,1.0,0
2015-07-31 09:19:00,1321,1.0,0
2015-07-31 09:28:00,1510,1.0,0
2015-07-31 09:39:00,1623,0.906308743077,0
2015-07-31 09:49:00,1932,0.974946836768,0
2015-07-31 09:59:00,2051,0.807260236598,0
2015-07-31 10:09:00,1978,0.575843957828,0
2015-07-31 10:19:00,2942,1.0,0
2015-07-31 10:29:00,3036,0.67969132675,0
2015-07-31 10:39:00,3182,0.466218993844,0
2015-07-31 10:49:00,2869,0.0676664232233,0
2015-07-31 10:59:00,3058,0.18965763427,0
2015-07-31 11:09:00,4290,0.737895918854,0
2015-07-31 11:29:00,3922,0.0147228111638,0
2015-07-31 11:39:00,4295,0.0629949222337,0
2015-07-31 11:59:00,4757,0.149576792109,0
2015-07-31 12:09:00,5161,0.0985504372391,0
2015-07-31 12:29:00,5241,0.13433332182,0
2015-07-31 12:33:00,5578,0.0735226143377,0
2015-07-31 16:39:00,277,1.0,0
2015-07-31 16:49:00,217,0.219432018589,0
2015-07-31 16:59:00,226,0.0548980570715,0
2015-07-31 17:08:00,308,0.122869255632,0
2015-07-31 17:18:00,349,0.138289900841,0
2015-07-31 17:41:00,230,0.126676771786,0
2015-07-31 17:48:00,224,0.114707377535,0
2015-07-31 18:01:00,261,0.0486230782428,0
2015-07-31 23:50:00,182,0.0618479025879,0
2015-08-01 19:09:00,162,0.0777139040539,0
2015-08-01 19:59:00,162,0.0362321526518,0
2015-08-01 20:18:00,192,0.0094342418412,0
2015-08-01 22:33:00,190,0.0471683840081,0
2015-08-01 22:45:00,201,0.0758276832614,0
2015-08-01 23:43:00,301,0.0598048517943,0
2015-08-02 05:55:00,114,0.00565859491435,0
2015-08-02 06:15:00,122,0.00644739336731,0
2015-08-02 06:35:00,111,0.0356852684961,0
2015-08-02 09:44:00,157,0.0562885384612,0
2015-08-02 10:05:00,92,0.117670357449,0
2015-08-02 14:46:00,147,0.0828386078373,0
2015-08-02 15:26:00,154,0.065473587214,0
2015-08-02 16:26:00,144,0.0365188201652,0
2015-08-02 17:05:00,214,0.0444203610964,0
2015-08-02 18:46:00,147,0.0068047736573,0
2015-08-02 19:16:00,189,0.0132917730253,0
2015-08-02 19:24:00,186,0.0300713651209,0
2015-08-02 19:56:00,141,0.0372885434697,0
2015-08-02 20:56:00,186,0.0222518695778,0
2015-08-02 22:46:00,228,0.0257693546529,0
2015-08-02 23:06:00,268,0.0222737977873,0
2015-08-02 23:16:00,285,0.03236501958,0
2015-08-02 23:26:00,320,0.0213873897165,0
2015-08-02 23:45:00,436,0.00143015508246,0
2015-08-02 23:56:00,353,0.0450524582979,0
2015-08-03 00:04:00,431,0.0164325067937,0
2015-08-03 07:36:00,188,0.0852541510937,0
2015-08-03 07:46:00,203,0.0422924230216,0
2015-08-03 07:55:00,202,0.0383838233572,0
2015-08-03 08:05:00,240,0.0231623209077,0
2015-08-03 08:16:00,293,0.0118335574331,0
2015-08-03 08:26:00,324,0.0159431164494,0
2015-08-03 08:36:00,386,0.00707613832407,0
2015-08-03 08:46:00,414,0.0133839178707,0
2015-08-03 08:53:00,374,0.0310063354333,0
2015-08-03 09:06:00,317,0.0375528088779,0
2015-08-03 10:46:00,291,0.0357352589917,0
2015-08-03 10:56:00,316,0.0200343548112,0
2015-08-03 11:15:00,317,0.0263896220213,0
2015-08-03 11:46:00,237,0.0410691084441,0
2015-08-03 11:56:00,216,0.0331294873549,0
2015-08-03 13:06:00,166,0.0368809082933,0
2015-08-03 14:06:00,168,0.0268593366315,0
2015-08-03 14:16:00,142,0.0320256117785,0
2015-08-03 15:56:00,72,0.0432355954307,0
2015-08-03 16:27:00,390,0.0477610513357,0
2015-08-03 16:37:00,315,0.0221347914234,0
2015-08-03 16:57:00,334,0.0216961323335,0
2015-08-03 17:16:00,210,0.0479504298284,0
2015-08-03 18:37:00,148,0.0442882810293,0
2015-08-04 03:27:00,915,0.166784988312,0
2015-08-04 03:37:00,922,0.0403177052387,0
2015-08-04 03:47:00,912,0.00851281752968,0
2015-08-04 03:51:00,980,0.0169415849314,0
2015-08-04 07:55:00,190,0.190862664896,0
2015-08-04 08:07:00,208,0.0713286381459,0
2015-08-04 08:15:00,188,0.0419892902623,0
2015-08-04 08:25:00,212,0.00477716539739,0
2015-08-04 08:34:00,297,0.00334092855805,0
2015-08-04 08:47:00,322,0.0111070138353,0
2015-08-04 08:57:00,359,0.00389170444332,0
2015-08-04 09:07:00,360,0.0210456617655,0
2015-08-04 09:27:00,307,0.0179456330357,0
2015-08-04 09:46:00,204,0.0414511122392,0
2015-08-04 10:07:00,258,0.00598650833063,0
2015-08-04 10:17:00,239,0.0185891267374,0
2015-08-04 10:27:00,219,0.0370659984951,0
2015-08-04 11:07:00,788,0.122390272044,0
2015-08-04 11:17:00,1147,0.126032762979,0
2015-08-04 11:33:00,1328,0.0848225105178,0
2015-08-04 11:43:00,330,0.209920019176,0
2015-08-04 11:53:00,249,0.0737199389227,0
2015-08-04 12:13:00,521,0.0414642397352,0
2015-08-04 12:22:00,549,0.00567518322743,0
2015-08-04 12:33:00,631,0.00493391703243,0
2015-08-04 15:23:00,141,0.117795013275,0
2015-08-04 16:02:00,146,0.0291313723707,0
2015-08-04 16:13:00,153,0.0443552089493,0
2015-08-04 16:23:00,171,0.0236996746471,0
2015-08-04 16:33:00,363,0.0475546295917,0
2015-08-04 16:43:00,147,0.040178412899,0
2015-08-04 16:53:00,191,0.0147051241906,0
2015-08-04 17:03:00,188,0.0352834541278,0
2015-08-04 17:12:00,195,0.0185106259552,0
2015-08-04 17:23:00,178,0.0195804128714,0
2015-08-04 17:33:00,352,0.0260469233626,0
2015-08-04 17:43:00,146,0.0402628514459,0
2015-08-04 17:53:00,456,0.0563134954565,0
2015-08-04 18:03:00,146,0.0643015604411,0
2015-08-04 18:10:00,267,0.0118736148342,0
2015-08-04 18:23:00,145,0.0462438527526,0
2015-08-04 18:30:00,139,0.028090339324,0
2015-08-04 18:36:00,144,0.0177492788583,0
2015-08-04 18:50:00,183,0.0164478933199,0
2015-08-04 19:00:00,162,0.0132311405244,0
2015-08-04 19:08:00,168,0.0302266685869,0
2015-08-04 19:20:00,864,0.144678096161,0
2015-08-04 19:29:00,799,0.0256482383655,0
2015-08-04 19:39:00,821,0.0111088566117,0
2015-08-04 19:47:00,730,0.00696215200057,0
2015-08-04 20:00:00,606,0.0424368765126,0
2015-08-04 20:10:00,1012,0.0819523087722,0
2015-08-04 20:20:00,760,0.0458410073441,0
2015-08-04 20:30:00,987,0.0535207937867,0
2015-08-04 20:39:00,719,0.0419309688002,0
2015-08-04 20:48:00,2155,0.342940409664,0
2015-08-04 20:59:00,515,0.282420220107,0
2015-08-04 21:20:00,518,0.101772186625,0
2015-08-04 21:30:00,789,0.0742558437919,0
2015-08-04 21:40:00,989,0.0534201325603,0
2015-08-04 21:50:00,1072,0.0343620884345,0
2015-08-04 21:59:00,1011,0.0051140737153,0
2015-08-04 22:10:00,1070,0.0550368203898,0
2015-08-04 22:13:00,2432,0.331294848421,0
2015-08-04 22:30:00,1587,0.0814958554216,0
2015-08-04 22:40:00,1402,0.0272971762715,0
2015-08-04 22:50:00,1208,0.0117821545329,0
2015-08-04 23:00:00,1425,0.0655547414381,0
2015-08-04 23:10:00,1288,0.0336104657919,0
2015-08-04 23:20:00,1081,0.0292958035215,0
2015-08-04 23:48:00,383,0.129073244687,0
2015-08-05 00:18:00,1022,0.0817466969817,0
2015-08-05 00:30:00,2439,0.36174162425,0
2015-08-05 00:40:00,1908,0.0363755832576,0
2015-08-05 00:50:00,749,0.187449752449,0
2015-08-05 07:30:00,183,0.169607699344,0
2015-08-05 07:50:00,155,0.0933878394042,0
2015-08-05 07:59:00,161,0.0706450095445,0
2015-08-05 08:10:00,171,0.0189149500643,0
2015-08-05 08:19:00,203,0.0177213307354,0
2015-08-05 08:30:00,291,0.0117743711589,0
2015-08-05 08:40:00,381,0.0229232570403,0
2015-08-05 09:00:00,410,0.0285219677002,0
2015-08-05 09:10:00,273,0.00693370488337,0
2015-08-05 09:48:00,266,0.0239791579779,0
2015-08-05 10:08:00,207,0.0359777150106,0
2015-08-05 10:20:00,301,0.00972034010101,0
2015-08-05 10:30:00,405,0.0137803611955,0
2015-08-05 12:26:00,154,0.0601516696592,0
2015-08-05 12:56:00,164,0.0566086334205,0
2015-08-05 13:46:00,139,0.0238858830433,0
2015-08-05 13:55:00,153,0.000272754861655,0
2015-08-05 14:56:00,154,0.00361774088963,0
2015-08-05 16:56:00,164,0.0212030375076,0
2015-08-05 17:26:00,152,0.0125458268822,0
2015-08-05 17:34:00,181,0.0248814704823,0
2015-08-05 18:14:00,149,0.049605992246,0
2015-08-05 21:27:00,138,0.0284030862364,0
2015-08-05 22:39:00,135,0.0119409839412,0
2015-08-05 23:27:00,150,0.019416528131,0
2015-08-06 04:38:00,107,0.0437588587948,0
2015-08-06 04:48:00,117,0.0186918358656,0
2015-08-06 05:08:00,111,0.0165326588928,0
2015-08-06 06:08:00,104,0.0256609230241,0
2015-08-06 06:38:00,146,0.0175724608164,0
2015-08-06 06:58:00,130,0.0230142392686,0
2015-08-06 07:48:00,134,0.0214527889036,0
2015-08-06 07:54:00,136,0.0238124339636,0
2015-08-06 08:07:00,201,0.0100075854074,0
2015-08-06 08:17:00,246,0.00616187666629,0
2015-08-06 08:26:00,240,0.0193605304051,0
2015-08-06 08:38:00,301,0.00499846402349,0
2015-08-06 08:48:00,356,0.00137251168759,0
2015-08-06 08:58:00,308,0.0256588330521,0
2015-08-06 09:08:00,347,0.00967460887753,0
2015-08-06 09:18:00,488,0.0214187735218,0
2015-08-06 09:28:00,466,0.00746645869987,0
2015-08-06 09:38:00,378,0.0363791633088,0
2015-08-06 09:48:00,323,0.0316834358161,0
2015-08-06 09:58:00,218,0.0471394805813,0
2015-08-06 10:07:00,205,0.0336379856673,0
2015-08-06 10:18:00,208,0.0243457753279,0
2015-08-06 10:28:00,277,0.000310342470954,0
2015-08-06 10:36:00,318,0.00203321370723,0
2015-08-06 10:58:00,207,0.0414879627412,0
2015-08-06 11:48:00,99,0.0520247470731,0
2015-08-06 11:57:00,100,0.0266793505691,0
2015-08-06 12:07:00,110,0.0174480621813,0
2015-08-06 12:18:00,120,0.0190381588931,0
2015-08-06 12:28:00,125,0.0167715407023,0
2015-08-06 12:38:00,139,0.0117820200047,0
2015-08-06 12:48:00,180,0.0092820010227,0
2015-08-06 13:09:00,163,0.0244574206109,0
2015-08-06 13:28:00,167,0.0152621043385,0
2015-08-06 13:58:00,199,0.00230909744208,0
2015-08-06 14:05:00,193,0.014423213155,0
2015-08-06 15:47:00,181,0.0232308322818,0
2015-08-06 16:17:00,180,0.0189819455472,0
2015-08-06 16:28:00,179,0.0179401423798,0
2015-08-06 17:08:00,175,0.0247386604788,0
2015-08-06 17:41:00,156,0.0271217254715,0
2015-08-06 17:58:00,123,0.0259746939137,0
2015-08-06 18:08:00,50,0.0388126237653,0
2015-08-06 18:18:00,126,0.00885704280249,0
2015-08-06 19:08:00,142,0.0154342959189,0
2015-08-06 21:28:00,247,0.00874271394861,0
2015-08-06 21:37:00,200,0.0205196722978,0
2015-08-07 06:09:00,5461,1.0,0
2015-08-07 07:40:00,168,0.494262711339,0
2015-08-07 08:19:00,194,0.208605248685,0
2015-08-07 08:30:00,190,0.0546438967193,0
2015-08-07 08:40:00,291,0.0419843861122,0
2015-08-07 08:50:00,211,0.0550683433053,0
2015-08-07 08:59:00,197,0.034839843293,0
2015-08-07 09:30:00,255,0.0565695407973,0
2015-08-07 09:40:00,281,0.0440685627029,0
2015-08-07 09:48:00,270,0.0539755372122,0
2015-08-07 10:10:00,500,0.0315216183557,0
2015-08-07 10:30:00,595,0.0581687702773,0
2015-08-07 10:40:00,736,0.0609225879175,0
2015-08-07 10:50:00,344,0.0604555993224,0
2015-08-07 11:00:00,440,0.0143388773432,0
2015-08-07 11:10:00,550,0.0248031487999,0
2015-08-07 11:17:00,444,0.0158146996875,0
2015-08-07 11:30:00,335,0.0492670044167,0
2015-08-07 11:40:00,364,0.00252768027409,0
2015-08-07 11:59:00,390,0.0332147847592,0
2015-08-07 12:10:00,395,0.00466306967527,0
2015-08-07 12:48:00,305,0.0221124814063,0
2015-08-07 12:59:00,359,0.00710522408239,0
2015-08-07 13:10:00,294,0.00112436755012,0
2015-08-07 13:20:00,273,0.0620588081966,0
2015-08-07 13:30:00,236,0.00357853242493,0
2015-08-07 13:39:00,279,0.0115564968786,0
2015-08-07 13:50:00,312,0.00222822621015,0
2015-08-07 14:00:00,219,0.0319147320954,0
2015-08-07 14:10:00,168,0.017195688417,0
2015-08-07 14:18:00,136,0.0215454813894,0
2015-08-07 14:30:00,154,0.0130897320553,0
2015-08-07 14:40:00,168,0.0127375183055,0
2015-08-07 14:50:00,178,0.00963277213957,0
2015-08-07 15:00:00,181,0.0112552993997,0
2015-08-07 15:28:00,312,0.0116126253258,0
2015-08-07 15:38:00,332,0.000854323788743,0
2015-08-07 15:58:00,368,0.00341607069772,0
2015-08-07 16:06:00,302,0.0162961082805,0
2015-08-07 16:17:00,309,0.0120203697569,0
2015-08-07 16:24:00,306,0.0123599551618,0
2015-08-07 16:46:00,436,0.0134968362448,0
2015-08-07 16:57:00,651,0.0426211766551,0
2015-08-07 17:06:00,684,0.0221083892803,0
2015-08-07 17:16:00,822,0.0353700736795,0
2015-08-07 17:27:00,901,0.0329344029588,0
2015-08-07 17:38:00,643,0.0330039464717,0
2015-08-07 17:57:00,339,0.0711941853337,0
2015-08-07 18:07:00,372,0.0272412278922,0
2015-08-07 18:17:00,310,0.0293970065743,0
2015-08-07 18:27:00,259,0.0318419058121,0
2015-08-07 18:37:00,239,0.0232202449271,0
2015-08-07 18:47:00,200,0.0233088664382,0
2015-08-07 20:17:00,159,0.027545491314,0
2015-08-07 20:46:00,146,0.0222598900276,0
2015-08-07 20:55:00,138,0.0135110067768,0
2015-08-07 22:47:00,89,0.0188934977796,0
2015-08-08 03:56:00,125,0.00863552095055,0
2015-08-08 04:47:00,59,0.0247525992167,0
2015-08-08 04:57:00,61,0.0206639957629,0
2015-08-08 05:06:00,675,0.101570823136,0
2015-08-08 05:17:00,699,0.0465178566246,0
2015-08-08 05:26:00,552,0.00556903935601,0
2015-08-08 05:37:00,1170,0.121742323165,0
2015-08-08 05:47:00,1687,0.159581926981,0
2015-08-08 08:17:00,171,0.210638838952,0
2015-08-08 08:37:00,296,0.0648817558261,0
2015-08-08 08:47:00,304,0.0264715666728,0
2015-08-08 08:57:00,340,0.0235324447509,0
2015-08-08 09:07:00,370,0.0152445445188,0
2015-08-08 09:16:00,417,0.00373049058,0
2015-08-08 09:26:00,425,0.0050279426893,0
2015-08-08 09:37:00,424,0.0205390170651,0
2015-08-08 09:47:00,342,0.0237894740732,0
2015-08-08 09:57:00,291,0.0131384160212,0
2015-08-08 10:07:00,387,0.0136882563319,0
2015-08-08 10:17:00,334,0.0104001568478,0
2015-08-08 10:27:00,296,0.0194515868995,0
2015-08-08 10:37:00,276,0.0178372468333,0
2015-08-08 10:46:00,263,0.0133692117483,0
2015-08-08 10:57:00,248,0.0137402527679,0
2015-08-08 11:07:00,302,0.00141962424169,0
2015-08-08 11:17:00,235,0.0089499430083,0
2015-08-08 11:27:00,253,0.00238319849937,0
2015-08-08 11:37:00,264,0.0073757613747,0
2015-08-08 11:47:00,133,0.0363477346212,0
2015-08-08 12:07:00,108,0.0278553284018,0
2015-08-08 12:17:00,114,0.0215445017395,0
2015-08-08 12:26:00,116,0.0245657214427,0
2015-08-08 12:47:00,100,0.0139096643425,0
2015-08-08 12:57:00,102,0.018445305958,0
2015-08-08 13:07:00,94,0.0170902652659,0
2015-08-08 13:17:00,92,0.0185796777398,0
2015-08-08 13:27:00,84,0.0164822659849,0
2015-08-08 13:37:00,124,0.0087368006769,0
2015-08-08 14:47:00,122,0.012560482092,0
2015-08-08 14:56:00,124,0.0147319256786,0
2015-08-08 16:30:00,144,0.0115972413917,0
2015-08-08 17:02:00,127,0.0174175834604,0
2015-08-08 17:11:00,143,0.0142445064471,0
2015-08-08 17:22:00,108,0.021351518513,0
2015-08-08 17:31:00,131,0.0138955485382,0
2015-08-08 18:22:00,133,0.0145802377223,0
2015-08-08 19:12:00,153,0.011921323384,0
2015-08-08 20:02:00,111,0.0219832637958,0
2015-08-08 20:12:00,114,0.0193354963852,0
2015-08-08 20:22:00,172,0.0062085708963,0
2015-08-08 22:01:00,143,0.0179716140592,0
2015-08-08 22:21:00,105,0.0238690405644,0
2015-08-08 22:32:00,110,0.0176154384284,0
2015-08-08 22:42:00,113,0.0166113346708,0
2015-08-08 22:51:00,130,0.0140740811573,0
2015-08-09 00:22:00,129,0.0151216215624,0
2015-08-09 04:52:00,115,0.0167848571796,0
2015-08-09 05:12:00,715,0.099425351615,0
2015-08-09 05:22:00,1351,0.162205699059,0
2015-08-09 05:32:00,1518,0.108802566042,0
2015-08-09 05:42:00,1606,0.0794974026347,0
2015-08-09 05:50:00,1614,0.0519195706625,0
2015-08-09 09:32:00,208,0.232130775122,0
2015-08-09 09:42:00,235,0.0895815254562,0
2015-08-09 09:52:00,209,0.043259190359,0
2015-08-09 10:02:00,217,0.0268900498143,0
2015-08-09 10:11:00,176,0.0304235929578,0
2015-08-09 10:42:00,150,0.028991450289,0
2015-08-09 10:52:00,178,0.0142163643133,0
2015-08-09 10:59:00,183,0.0215019092213,0
2015-08-09 11:13:00,279,0.0116771035999,0
2015-08-09 11:22:00,304,0.0159741609465,0
2015-08-09 11:32:00,275,0.00153988188125,0
2015-08-09 11:42:00,167,0.025234616623,0
2015-08-09 12:32:00,166,0.0186053813561,0
2015-08-09 12:52:00,151,0.0188395946394,0
2015-08-09 13:29:00,145,0.0144356868123,0
2015-08-09 14:22:00,135,0.00951773604399,0
2015-08-09 14:32:00,144,0.00402544924605,0
2015-08-09 14:42:00,127,0.00436548930322,0
2015-08-09 14:52:00,135,0.00258340807603,0
2015-08-09 15:02:00,110,0.0167709602708,0
2015-08-09 15:12:00,116,0.0179406578972,0
2015-08-09 15:32:00,140,0.0136416375547,0
2015-08-09 16:12:00,170,0.0101666180866,0
2015-08-09 16:32:00,144,0.0236976030289,0
2015-08-09 16:42:00,128,0.0162017024702,0
2015-08-09 16:45:00,132,0.0194469184617,0
2015-08-09 16:57:00,114,0.0199881784613,0
2015-08-09 17:05:00,123,0.0151090771391,0
2015-08-09 17:17:00,122,0.0122629296367,0
2015-08-09 17:27:00,111,0.015946129041,0
2015-08-09 17:36:00,111,0.0163476105909,0
2015-08-09 17:47:00,115,0.0152137163083,0
2015-08-09 17:57:00,103,0.0179752987158,1
2015-08-09 18:06:00,111,0.0149634382054,1
2015-08-09 18:17:00,110,0.0155727408572,1
2015-08-09 18:26:00,118,0.0135422320371,1
2015-08-09 18:37:00,128,0.0130601764003,1
2015-08-09 18:46:00,129,0.0137659937343,1
2015-08-09 19:17:00,179,0.00464792039126,1
2015-08-09 19:27:00,166,0.0124605059576,1
2015-08-09 19:46:00,131,0.0197059157093,1
2015-08-09 19:56:00,133,0.015266747224,1
2015-08-09 20:06:00,136,0.0142075978551,1
2015-08-09 20:17:00,133,0.0147031068802,1
2015-08-09 20:25:00,135,0.0141436379796,1
2015-08-09 20:37:00,128,0.015110317674,1
2015-08-09 20:47:00,124,0.0158044786183,1
2015-08-09 21:07:00,146,0.0109927306069,1
2015-08-09 21:17:00,125,0.0165911631282,1
2015-08-09 21:26:00,120,0.0157221590838,1
2015-08-09 21:36:00,117,0.0150423302421,1
2015-08-09 21:57:00,125,0.013173672384,1
2015-08-09 22:07:00,131,0.0125610960934,1
2015-08-09 22:17:00,137,0.0120674939639,1
2015-08-09 22:27:00,125,0.0148450426864,1
2015-08-09 22:36:00,90,0.0211922079835,1
2015-08-09 22:47:00,91,0.0168326533715,1
2015-08-09 23:07:00,88,0.0157438343157,1
2015-08-09 23:17:00,101,0.0122316816383,1
2015-08-09 23:23:00,102,0.0131873748351,1
2015-08-09 23:37:00,107,0.0128805631096,1
2015-08-09 23:57:00,84,0.0179738705881,1
2015-08-10 00:07:00,80,0.017161535249,1
2015-08-10 00:17:00,84,0.014526997673,1
2015-08-10 00:27:00,91,0.0130449207624,1
2015-08-10 00:36:00,106,0.0108102970859,1
2015-08-10 01:06:00,98,0.0142362559328,1
2015-08-10 05:57:00,108,0.0121128001239,1
2015-08-10 07:16:00,182,0.000927421883041,1
2015-08-10 07:37:00,250,0.00620110266514,1
2015-08-10 07:57:00,249,0.00337351478684,1
2015-08-10 08:17:00,206,0.0149006629435,1
2015-08-10 08:27:00,192,0.0141977321356,1
2015-08-10 08:37:00,278,0.00406992467079,1
2015-08-10 08:47:00,366,0.012803427192,1
2015-08-10 08:57:00,336,0.00420180969052,1
2015-08-10 09:07:00,211,0.0290379610513,1
2015-08-10 09:17:00,151,0.0292720181975,1
2015-08-10 09:27:00,149,0.0201882409966,1
2015-08-10 09:37:00,165,0.0125480068282,1
2015-08-10 09:46:00,176,0.00880186294464,1
2015-08-10 09:57:00,203,0.00395076794865,1
2015-08-10 10:06:00,224,0.00463006356081,1
2015-08-10 10:17:00,207,0.012182637653,1
2015-08-10 10:27:00,243,0.00322479325175,1
2015-08-10 10:37:00,254,0.00282359526712,1
2015-08-10 10:57:00,229,0.0100523780852,1
2015-08-10 11:07:00,282,0.00181107706086,1
2015-08-10 11:17:00,360,0.0122005802018,1
2015-08-10 11:25:00,368,0.00370971743691,1
2015-08-10 11:36:00,324,0.00972824651279,1
2015-08-10 11:47:00,318,0.00786879994743,1
2015-08-10 11:56:00,333,0.00345826215149,1
2015-08-10 12:17:00,395,0.00766166045519,1
2015-08-10 12:27:00,428,0.00845977646048,1
2015-08-10 12:37:00,362,0.0101122868816,1
2015-08-10 12:47:00,394,0.000752373374629,1
2015-08-10 12:57:00,334,0.0157321714545,1
2015-08-10 13:06:00,345,0.0078982293041,1
2015-08-10 13:36:00,391,0.00355703564901,1
2015-08-10 13:46:00,419,0.00566006305313,1
2015-08-10 13:57:00,567,0.0295659121188,1
2015-08-10 14:07:00,684,0.0343236050998,1
2015-08-10 14:17:00,470,0.0238017426028,1
2015-08-10 14:27:00,359,0.0291868160189,1
2015-08-10 15:47:00,87,0.0650611511543,1
2015-08-10 15:55:00,79,0.0336729532911,1
2015-08-10 16:07:00,184,0.000333863879802,1
2015-08-10 16:17:00,200,0.00238790899977,1
2015-08-10 16:56:00,165,0.011955484452,1
2015-08-10 20:32:00,137,0.0178030752053,1
2015-08-10 22:52:00,138,0.013565538689,1
2015-08-11 01:52:00,136,0.0118538153883,1
2015-08-11 04:02:00,126,0.00938169476937,1
2015-08-11 04:22:00,144,0.00262260447167,1
2015-08-11 05:12:00,113,0.0126359458751,1
2015-08-11 05:32:00,120,0.0118580549907,1
2015-08-11 05:42:00,150,0.00638986646586,1
2015-08-11 06:52:00,148,0.00960262706563,1
2015-08-11 07:12:00,174,0.0043854999049,1
2015-08-11 07:21:00,192,0.00338487273838,1
2015-08-11 07:32:00,222,0.00105548556921,1
2015-08-11 07:42:00,241,0.000214362818051,1
2015-08-11 07:52:00,265,0.000406403764343,1
2015-08-11 08:12:00,283,0.00242689655027,1
2015-08-11 08:22:00,342,0.00421083179611,1
2015-08-11 08:31:00,485,0.0242915781571,1
2015-08-11 08:42:00,472,0.00666674573231,1
2015-08-11 08:52:00,545,0.0150581139873,1
2015-08-11 09:02:00,555,0.00918010693279,1
2015-08-11 09:12:00,421,0.0224561930189,1
2015-08-11 09:22:00,308,0.0317512714891,1
2015-08-11 10:01:00,144,0.0468895736797,1
2015-08-11 10:22:00,153,0.0219861631288,1
2015-08-11 10:32:00,159,0.0155417494562,1
2015-08-11 10:41:00,140,0.0170177587514,1
2015-08-11 10:52:00,135,0.0137094231043,1
2015-08-11 11:12:00,123,0.0146802075974,1
2015-08-11 11:22:00,136,0.00983186804896,1
2015-08-11 11:32:00,136,0.00910529168851,1
2015-08-11 12:07:00,3106,0.56705422924,1
2015-08-11 13:42:00,280,0.265507316844,1
2015-08-11 13:52:00,186,0.120040156175,1
2015-08-11 14:12:00,176,0.0432124189119,1
2015-08-11 14:22:00,281,0.0190014669206,1
2015-08-11 14:32:00,282,0.0107332163433,1
2015-08-11 14:41:00,508,0.0329400376261,1
2015-08-11 16:12:00,1789,0.268052737229,1
2015-08-11 16:52:00,1217,0.00437459471411,1
2015-08-11 17:00:00,121,0.180792193264,1
2015-08-11 17:12:00,123,0.064493445988,1
2015-08-11 17:21:00,125,0.0293716497675,1
2015-08-11 17:30:00,128,0.0231641127738,1
2015-08-11 17:41:00,113,0.0175153139772,1
2015-08-11 17:52:00,120,0.0178025908723,1
2015-08-11 18:02:00,374,0.0247246230364,1
2015-08-11 18:12:00,141,0.0335764413604,1
2015-08-11 18:22:00,644,0.0650649696041,1
2015-08-11 18:28:00,703,0.0493063647942,1
2015-08-11 18:41:00,153,0.0520829892167,1
2015-08-11 19:02:00,156,0.0173988117115,1
2015-08-11 19:12:00,491,0.0422283177292,1
2015-08-11 19:22:00,147,0.0480821674441,1
2015-08-11 19:42:00,474,0.0435810838994,1
2015-08-11 19:52:00,824,0.0511080996948,1
2015-08-11 20:02:00,1346,0.127824791012,1
2015-08-11 20:12:00,758,0.0289136991212,1
2015-08-11 20:21:00,270,0.0744660865781,1
2015-08-11 20:31:00,1277,0.134642999241,1
2015-08-11 20:42:00,1057,0.0323498412956,1
2015-08-11 20:52:00,649,0.0452128658859,1
2015-08-11 21:32:00,730,0.00534863975859,1
2015-08-11 21:41:00,1179,0.074515185356,1
2015-08-11 21:51:00,1127,0.032513844736,1
2015-08-11 22:01:00,1052,0.0205202328007,1
2015-08-11 22:09:00,1563,0.10873264792,1
2015-08-11 22:22:00,1334,0.0203888073696,1
2015-08-11 22:32:00,1561,0.0863730860894,1
2015-08-11 22:42:00,1795,0.098446219679,1
2015-08-11 22:52:00,2192,0.137460638395,1
2015-08-11 23:01:00,1139,0.099950437897,1
2015-08-11 23:12:00,711,0.104213905228,1
2015-08-11 23:22:00,739,0.0436854688565,1
2015-08-12 00:10:00,834,0.00260664719695,1
2015-08-12 00:22:00,817,0.02742731352,1
2015-08-12 00:32:00,801,0.00678840738019,1
2015-08-12 00:42:00,355,0.0857139597339,1
2015-08-12 01:01:00,392,0.0147569417757,1
2015-08-12 01:21:00,161,0.0361271296403,1
2015-08-12 01:42:00,2875,0.47975894747,1
2015-08-12 01:52:00,2988,0.248884581809,1
2015-08-12 02:01:00,2818,0.137114603651,1
2015-08-12 02:12:00,1415,0.141371800303,1
2015-08-12 02:22:00,2331,0.125785925415,1
2015-08-12 02:32:00,909,0.165085861803,1
2015-08-12 02:42:00,1218,0.01390505869,1
2015-08-12 03:22:00,862,0.0465776801679,1
2015-08-12 03:43:00,132,0.156147034719,1
2015-08-12 04:12:00,187,0.0206845632853,1
2015-08-12 04:22:00,211,0.0318084433179,1
2015-08-12 04:32:00,383,0.003067961923,1
2015-08-12 04:42:00,154,0.0440452580102,1
2015-08-12 05:02:00,176,0.00426691697524,1
2015-08-12 06:12:00,119,0.039148770129,1
2015-08-12 06:31:00,126,0.0154529884422,1
2015-08-12 07:12:00,143,0.00461672544169,1
2015-08-12 07:50:00,167,0.00831211052303,1
2015-08-12 08:02:00,150,0.030535133788,1
2015-08-12 08:10:00,145,0.00872492158125,1
2015-08-12 08:22:00,193,0.0312924167773,1
2015-08-12 08:52:00,282,0.0165564932947,1
2015-08-12 09:02:00,226,0.000541667027588,1
2015-08-12 09:11:00,204,0.0205197513659,1
2015-08-12 09:42:00,174,0.0106422664343,1
2015-08-12 10:02:00,195,0.0201369299859,1
2015-08-12 10:12:00,253,0.00391339125685,1
2015-08-12 10:31:00,328,0.0126053243736,1
2015-08-12 10:42:00,268,0.0352936278015,1
2015-08-12 10:52:00,270,0.00964274458286,1
2015-08-12 11:02:00,358,0.00258305363875,1
2015-08-12 11:12:00,388,0.00504598941754,1
2015-08-12 11:22:00,360,0.0145372404667,1
2015-08-12 11:32:00,413,0.013286422757,1
2015-08-12 11:50:00,407,0.00276428685831,1
2015-08-12 12:01:00,400,0.00757834949726,1
2015-08-12 12:10:00,328,0.0152387351558,1
2015-08-12 12:22:00,343,0.00831924578397,1
2015-08-12 12:32:00,354,0.00485602669454,1
2015-08-12 12:41:00,360,0.00524813367358,1
2015-08-12 12:52:00,337,0.00705702304441,1
2015-08-12 13:02:00,344,0.00616592659975,1
2015-08-12 13:12:00,274,0.0189479047761,1
2015-08-12 13:22:00,289,0.00872155468251,1
2015-08-12 13:32:00,204,0.0249175462416,1
2015-08-12 13:41:00,222,0.0128131973566,1
2015-08-12 13:52:00,202,0.0128223127478,1
2015-08-12 14:02:00,162,0.0199769376737,1
2015-08-12 14:11:00,130,0.0207722938496,1
2015-08-12 15:01:00,152,0.0104566344649,1
2015-08-12 15:12:00,157,0.00898245027855,1
2015-08-12 15:21:00,175,0.00869915524555,1
2015-08-12 15:31:00,178,0.00819760103137,1
2015-08-12 17:11:00,166,0.0102119228099,1
2015-08-12 17:21:00,161,0.011064742774,1
2015-08-12 17:52:00,157,0.0131119600859,1
2015-08-12 18:42:00,130,0.0167355078865,1
2015-08-12 19:12:00,128,0.0137626024277,1
2015-08-12 19:52:00,1092,0.173441463038,1
2015-08-12 20:01:00,1556,0.162335903328,1
2015-08-12 20:12:00,1423,0.0568028084235,0
2015-08-12 20:27:00,911,0.0486837100368,0
2015-08-12 20:46:00,681,0.0494253807724,0
2015-08-12 20:56:00,839,0.0156133436283,0
2015-08-12 21:07:00,1117,0.0624191567962,0
2015-08-12 21:17:00,430,0.0958080366483,0
2015-08-12 21:23:00,683,0.0153997193269,0
2015-08-12 21:37:00,574,0.012775120365,0
2015-08-12 21:47:00,580,0.0110660325466,0
2015-08-12 21:57:00,499,0.0185256179967,0
2015-08-12 22:07:00,646,0.0195030324636,0
2015-08-12 22:17:00,589,0.00382853837985,0
2015-08-12 22:27:00,663,0.0168606927684,0
2015-08-12 22:37:00,517,0.015258436434,0
2015-08-12 23:27:00,1087,0.104394803806,0
2015-08-12 23:37:00,1123,0.0568548869282,0
2015-08-12 23:47:00,763,0.0394428726826,0
2015-08-12 23:57:00,732,0.00245711506815,0
2015-08-13 00:07:00,860,0.0386828720643,0
2015-08-13 00:16:00,1420,0.134097275528,0
2015-08-13 00:27:00,1492,0.0807716646097,0
2015-08-13 02:57:00,102,0.205083088459,0
2015-08-13 03:12:00,101,0.0657236227208,0
2015-08-13 03:37:00,112,0.0338243321462,0
2015-08-13 04:28:00,1772,0.268959435113,0
2015-08-13 04:47:00,251,0.162592794463,0
2015-08-13 04:57:00,106,0.0710548570059,0
2015-08-13 05:12:00,103,0.0224902799222,0
2015-08-13 05:47:00,115,0.0499166538335,0
2015-08-13 07:47:00,222,0.00218460021997,0
2015-08-13 08:17:00,216,0.0029724161576,0
2015-08-13 08:27:00,243,0.00804795437067,0
2015-08-13 08:36:00,290,0.000196051217964,0
2015-08-13 08:46:00,325,0.0136008105419,0
2015-08-13 08:57:00,301,0.00946255963788,0
2015-08-13 09:07:00,298,0.00383581950184,0
2015-08-13 09:17:00,236,0.0136619918297,0
2015-08-13 09:25:00,272,0.00337479192792,0
2015-08-13 09:37:00,263,0.00406896928904,0
2015-08-13 09:57:00,201,0.00891864767075,0
2015-08-13 10:06:00,196,0.0201345551101,0
2015-08-13 10:17:00,209,0.0168604883839,0
2015-08-13 10:27:00,242,0.00209118014074,0
2015-08-13 10:37:00,289,0.0126939156402,0
2015-08-13 10:46:00,241,0.0267249884679,0
2015-08-13 10:56:00,246,0.0225724115872,0
2015-08-13 11:57:00,114,0.0176801648589,0
2015-08-13 12:06:00,109,0.0107141380423,0
2015-08-13 12:17:00,73,0.0428863814784,0
2015-08-13 12:26:00,75,0.0229317256729,0
2015-08-13 12:37:00,92,0.0125192138315,0
2015-08-13 13:05:00,150,0.00561635149958,0
2015-08-13 13:26:00,171,0.0127295547461,0
2015-08-13 14:37:00,195,7.93933804998e-05,0
2015-08-13 15:27:00,269,0.00698224518436,0
2015-08-13 16:16:00,442,0.0303234107805,0
2015-08-13 16:27:00,463,0.0147381112197,0
2015-08-13 16:36:00,405,0.00580337539686,0
2015-08-13 16:46:00,402,0.00370505434702,0
2015-08-13 16:57:00,370,0.0113389581506,0
2015-08-13 17:07:00,350,0.0110177817513,0
2015-08-13 17:17:00,346,0.00854890030585,0
2015-08-13 17:25:00,347,0.00668012000842,0
2015-08-13 17:37:00,235,0.0277786487276,0
2015-08-13 17:46:00,205,0.0208152476452,0
2015-08-13 17:57:00,228,0.0113242510874,0
2015-08-13 18:07:00,76,0.042236506265,0
2015-08-13 18:15:00,79,0.0236070907082,0
2015-08-13 18:25:00,196,0.00331431083365,0
2015-08-13 18:33:00,302,0.0111451862336,0
2015-08-13 18:47:00,201,0.0190037566989,0
2015-08-13 18:56:00,183,0.0151099613374,0
2015-08-13 19:06:00,151,0.0189682482239,0
2015-08-14 07:27:00,170,0.0126015343659,0
2015-08-14 08:07:00,259,0.0089700796782,0
2015-08-14 08:27:00,331,0.0123189600399,0
2015-08-14 08:37:00,360,0.00733813495897,0
2015-08-14 08:47:00,264,0.0157033475469,0
2015-08-14 09:06:00,275,0.00657076091807,0
2015-08-14 09:27:00,322,0.000950212467908,0
2015-08-14 09:57:00,297,0.0099167322733,0
2015-08-14 10:03:00,319,0.00159201208483,0
2015-08-14 10:17:00,409,0.0124803353318,0
2015-08-14 10:37:00,404,9.82522699405e-05,0
2015-08-14 10:47:00,402,0.000727151866467,0
2015-08-14 10:57:00,355,0.0127013114124,0
2015-08-14 11:07:00,570,0.030364227033,0
2015-08-14 11:16:00,572,0.0141887429115,0
2015-08-14 11:37:00,483,0.00857089249634,0
2015-08-14 11:47:00,350,0.0283470762099,0
2015-08-14 12:17:00,314,0.0213990354703,0
2015-08-14 12:37:00,393,0.0049372942381,0
2015-08-14 12:47:00,346,0.0117153192692,0
2015-08-14 12:56:00,361,0.00574448612693,0
2015-08-14 13:17:00,403,0.0052729158956,0
2015-08-14 13:27:00,424,0.00438517615221,0
2015-08-14 13:33:00,487,0.011367059247,0
2015-08-14 13:47:00,470,0.00112951563414,0
2015-08-14 13:55:00,414,0.00760817039315,0
2015-08-14 14:16:00,180,0.0491482529042,0
2015-08-14 14:26:00,167,0.0283635255253,0
2015-08-14 14:37:00,188,0.0130129393711,0
2015-08-14 14:47:00,176,0.0143556756239,0
2015-08-14 15:07:00,194,0.00799302762654,0
2015-08-14 15:37:00,209,0.00717575342095,0
2015-08-14 15:47:00,223,0.00362404980789,0
2015-08-14 16:07:00,276,0.00477262183223,0
2015-08-14 16:24:00,327,0.00608656636058,0
2015-08-14 16:37:00,291,0.00797817304248,0
2015-08-14 16:43:00,282,0.00469907972589,0
2015-08-14 17:07:00,305,0.000738496922577,0
2015-08-14 17:47:00,275,0.0129805104899,0
2015-08-14 18:57:00,139,0.0374579247931,0
2015-08-14 23:01:00,171,0.0115687238006,0
2015-08-14 23:12:00,180,0.0102060001297,0
2015-08-14 23:32:00,214,0.00515556250818,0
2015-08-14 23:41:00,209,0.00637132446004,0
2015-08-15 04:32:00,45,0.0389351991729,0
2015-08-15 04:42:00,49,0.0234187308915,0
2015-08-15 04:52:00,52,0.0193160310596,0
2015-08-15 05:22:00,962,0.15825171363,0
2015-08-15 05:31:00,1178,0.10496915373,0
2015-08-15 06:02:00,111,0.151027138864,0
2015-08-15 10:51:00,138,0.0425122255434,0
2015-08-15 11:02:00,197,0.0180187047443,0
2015-08-15 11:51:00,193,0.026065258927,0
2015-08-15 22:36:00,152,0.0180161529256,0
2015-08-15 23:17:00,215,0.00292191332898,0
2015-08-15 23:27:00,265,0.00361817088115,0
2015-08-15 23:47:00,312,0.00430264137084,0
2015-08-16 05:17:00,117,0.0412601545117,0
2015-08-16 09:37:00,161,0.0192559520647,0
2015-08-16 10:46:00,116,0.0190547889746,0
2015-08-16 11:17:00,145,0.00684596770719,0
2015-08-16 15:27:00,280,0.0129231153771,0
2015-08-16 15:47:00,370,0.0146655287466,0
2015-08-16 15:57:00,352,0.00505791185568,0
2015-08-16 16:07:00,300,0.0142984618081,0
2015-08-16 16:27:00,221,0.0296998430041,0
2015-08-16 16:57:00,198,0.0130505584772,0
2015-08-16 17:07:00,262,0.0102972488273,0
2015-08-16 17:17:00,298,0.00435257715211,0
2015-08-16 17:36:00,384,0.0134279102862,0
2015-08-16 17:47:00,369,0.0142177657119,0
2015-08-16 17:57:00,336,0.010573833103,0
2015-08-16 18:06:00,561,0.0227375991958,0
2015-08-16 18:16:00,366,0.0273428134442,0
2015-08-16 18:26:00,436,0.011023702829,0
2015-08-16 18:37:00,472,0.0100871228625,0
2015-08-16 18:56:00,341,0.0291450625414,0
2015-08-16 19:07:00,220,0.0298264622519,0
2015-08-16 19:17:00,256,0.0103917129627,0
2015-08-16 19:27:00,225,0.0189600980835,0
2015-08-16 19:37:00,168,0.0258710839892,0
2015-08-16 19:47:00,172,0.0116816074862,0
2015-08-16 20:17:00,248,0.00236530871252,0
2015-08-16 21:30:00,185,0.0163195926404,0
2015-08-16 23:30:00,194,0.00900787946958,0
2015-08-17 03:40:00,130,0.020498341027,0
2015-08-17 06:00:00,120,0.0199823042581,0
2015-08-17 07:30:00,196,0.000876925740253,0
2015-08-17 07:50:00,187,0.0080840969198,0
2015-08-17 08:10:00,177,0.0114056201225,0
2015-08-17 08:20:00,197,0.00493324740573,0
2015-08-17 08:30:00,252,0.00609353315533,0
2015-08-17 08:40:00,311,0.00717887018833,0
2015-08-17 08:49:00,332,0.00269819736069,0
2015-08-17 09:00:00,293,0.00486044140009,0
2015-08-17 09:10:00,254,0.0123630137152,0
2015-08-17 10:19:00,274,0.00855383227351,0
2015-08-17 10:30:00,379,0.0131604403026,0
2015-08-17 10:40:00,410,0.0084081719977,0
2015-08-17 10:50:00,331,0.0147967550715,0
2015-08-17 10:59:00,351,0.00558713717083,0
2015-08-17 11:08:00,325,0.00793317897402,0
2015-08-17 11:20:00,270,0.0186599701073,0
2015-08-17 11:30:00,313,0.0033218691115,0
2015-08-17 11:37:00,2409,0.401188383889,0
2015-08-17 12:00:00,287,0.222825118956,0
2015-08-17 12:18:00,284,0.0723489407818,0
2015-08-17 12:50:00,208,0.0325920834113,0
2015-08-17 15:50:00,74,0.0743246741119,0
2015-08-17 15:59:00,73,0.027989393761,0
2015-08-17 16:28:00,154,0.00406734489063,0
2015-08-17 17:10:00,140,0.00704502475938,0
2015-08-18 08:23:00,197,0.00495543004022,0
2015-08-18 08:34:00,266,0.0108447996007,0
2015-08-18 08:44:00,287,0.00775472938676,0
2015-08-18 08:54:00,327,0.0048332626414,0
2015-08-18 09:12:00,250,0.00604263200644,0
2015-08-18 09:52:00,177,0.0187902249666,0
2015-08-18 10:04:00,172,0.0232478705279,0
2015-08-18 10:34:00,183,0.00372570821555,0
2015-08-18 10:44:00,219,0.00112336395297,0
2015-08-18 10:54:00,192,0.0223689675063,0
2015-08-18 11:04:00,190,0.0134031239607,0
2015-08-18 11:12:00,142,0.00358231002206,0
2015-08-18 13:53:00,137,0.0146177263246,0
2015-08-18 14:04:00,92,0.0336389798153,0
2015-08-18 14:14:00,94,0.00140090629351,0
2015-08-18 14:43:00,123,0.0028489484034,0
2015-08-18 20:47:00,140,0.0280132760577,0
2015-08-19 07:56:00,204,0.00724975072044,0
2015-08-19 08:17:00,212,0.00386932535313,0
2015-08-19 08:27:00,253,0.00896407906115,0
2015-08-19 08:57:00,281,0.00991570746647,0
2015-08-19 09:07:00,256,0.000699906902144,0
2015-08-19 09:27:00,363,0.0148978530731,0
2015-08-19 09:36:00,267,0.0149154105065,0
2015-08-19 09:47:00,369,0.0105268872398,0
2015-08-19 10:27:00,358,5.25790121349e-05,0
2015-08-19 10:37:00,362,0.00319092398024,0
2015-08-19 10:47:00,292,0.0165103766772,0
2015-08-19 10:57:00,317,0.00630169811688,0
2015-08-19 11:05:00,373,0.00515237991796,0
2015-08-19 11:25:00,341,0.00704186064278,0
2015-08-19 11:47:00,310,0.0104981934234,0
2015-08-19 11:57:00,298,0.0103853978183,0
2015-08-19 12:26:00,285,0.0110799968429,0
2015-08-19 12:57:00,525,0.0373507063651,0
2015-08-19 13:17:00,731,0.0543054091353,0
2015-08-19 13:44:00,688,0.0176527304532,0
2015-08-19 16:57:00,168,0.0843023658772,0
2015-08-19 17:07:00,164,0.0354848874813,0
2015-08-20 04:35:00,101,0.0347899530922,0
2015-08-20 05:05:00,114,0.023170263658,0
2015-08-20 05:15:00,104,0.0146111078561,0
2015-08-20 05:34:00,112,0.0121079097518,0
2015-08-20 06:45:00,117,0.0110319764845,0
2015-08-20 08:25:00,260,0.0153191835934,0
2015-08-20 08:44:00,309,0.00962488737577,0
2015-08-20 09:35:00,202,0.0214903268552,0
2015-08-20 09:45:00,295,0.0102235834243,0
2015-08-20 09:55:00,395,0.0207609352773,0
2015-08-20 10:05:00,322,0.00921223368658,0
2015-08-20 10:15:00,292,0.011550061023,0
2015-08-20 10:25:00,290,0.00490422766735,0
2015-08-20 10:35:00,273,0.0121715622132,0
2015-08-20 10:41:00,304,0.00224137578618,0
2015-08-20 10:55:00,258,0.00929452698252,0
2015-08-20 11:04:00,266,0.00435838219089,0
2015-08-20 11:34:00,332,0.00502112183604,0
2015-08-20 11:45:00,322,0.00152347895591,0
2015-08-20 11:55:00,205,0.0245355659695,0
2015-08-20 12:05:00,184,0.0226593536897,0
2015-08-20 12:25:00,150,0.0261104271779,0
2015-08-20 12:35:00,180,0.0114365366149,0
2015-08-20 12:45:00,172,0.0121736903421,0
2015-08-20 12:55:00,254,0.00637219522095,0
2015-08-20 13:45:00,187,0.0152798426039,0
2015-08-20 16:25:00,203,0.00803579359424,0
2015-08-20 16:35:00,169,0.0144815684328,0
2015-08-20 17:25:00,179,0.00733131960347,0
2015-08-20 17:35:00,159,0.012416443421,0
2015-08-20 18:04:00,40,0.0354533059423,0
2015-08-20 18:15:00,39,0.0203916583194,0
2015-08-20 18:25:00,105,0.00389831932148,0
2015-08-20 18:33:00,144,0.0037532127193,0
2015-08-21 08:19:00,234,0.00781592124314,0
2015-08-21 08:27:00,184,0.0104421052325,0
2015-08-21 08:49:00,195,0.00582220126341,0
2015-08-21 08:59:00,213,0.00370106318317,0
2015-08-21 10:48:00,301,0.00845615399971,0
2015-08-21 10:58:00,314,0.00283122794615,0
2015-08-21 11:09:00,412,0.0184633425037,0
2015-08-21 11:29:00,390,0.00199601560889,0
2015-08-21 11:39:00,463,0.0115869741362,0
2015-08-21 11:49:00,448,0.00265949975821,0
2015-08-21 11:59:00,530,0.0167790312711,0
2015-08-21 12:19:00,432,0.0103901154815,0
2015-08-21 12:28:00,372,0.0156217682532,0
2015-08-21 12:37:00,336,0.0124693150853,0
2015-08-21 13:06:00,311,0.0146854435076,0
2015-08-21 13:29:00,318,0.00848024931139,0
2015-08-21 13:48:00,358,0.000284351358639,0
2015-08-21 14:29:00,132,0.0454480053518,0
2015-08-21 14:58:00,248,0.00226035436816,0
2015-08-21 15:09:00,279,6.71674933005e-05,0
2015-08-21 15:19:00,251,0.0116916934484,0
2015-08-21 15:39:00,311,0.00626324691211,0
2015-08-21 15:49:00,343,0.00636682561079,0
2015-08-21 15:59:00,377,0.0073202111826,0
2015-08-21 16:08:00,386,0.00305089591927,0
2015-08-21 16:29:00,343,0.00666488104185,0
2015-08-21 16:39:00,354,0.00144278769268,0
2015-08-21 16:49:00,355,0.000342739370757,0
2015-08-21 16:59:00,337,0.00488524759669,0
2015-08-21 17:08:00,276,0.0140882378119,0
2015-08-21 17:19:00,209,0.0217044669,0
2015-08-21 17:28:00,203,0.0136786956496,0
2015-08-21 17:49:00,184,0.0156755411757,0
2015-08-21 20:58:00,151,0.0185388593966,0
2015-08-21 21:35:00,498,0.05338548429,0
2015-08-21 21:49:00,1000,0.117439999352,0
2015-08-21 21:59:00,1364,0.123291706538,0
2015-08-21 22:12:00,1635,0.123150999961,0
2015-08-22 04:50:00,57,0.226258351013,0
2015-08-22 05:00:00,58,0.0825523861469,0
2015-08-22 05:10:00,155,0.0254698069607,0
2015-08-22 06:30:00,119,0.0375261028548,0
2015-08-22 07:10:00,110,0.0153847599885,0
2015-08-22 08:30:00,183,0.00240824531188,0
2015-08-22 09:06:00,364,0.0270169443212,0
2015-08-22 09:30:00,278,0.0141954602351,0
2015-08-22 09:50:00,221,0.0184835466725,0
2015-08-22 12:37:00,328,0.0084764967474,0
2015-08-23 15:48:00,146,0.0303913463313,0
2015-08-23 18:08:00,136,0.0150206939214,0
2015-08-23 18:46:00,121,0.0153504234034,0
2015-08-23 18:58:00,132,0.0161291424651,0
2015-08-23 19:18:00,180,0.00231268052745,0
2015-08-23 19:27:00,253,0.00493510402329,0
2015-08-23 19:58:00,229,0.00667779805984,0
2015-08-23 20:08:00,263,0.00910812782742,0
2015-08-23 20:18:00,307,0.0195152368949,0
2015-08-23 20:28:00,312,0.000470120235727,0
2015-08-23 20:37:00,313,0.00159607378011,0
2015-08-23 20:48:00,373,0.0185295794743,0
2015-08-23 21:07:00,184,0.0400133644923,0
2015-08-24 03:32:00,123,0.0480766341597,0
2015-08-24 03:43:00,129,0.0199184572071,0
2015-08-24 06:22:00,133,0.010187555803,0
2015-08-24 07:51:00,194,0.000326819334747,0
2015-08-24 08:03:00,192,0.0131320694077,0
2015-08-24 08:13:00,178,0.00365624352789,0
2015-08-24 08:23:00,205,0.00312375579723,0
2015-08-24 08:33:00,250,0.000959721766528,0
2015-08-24 08:43:00,283,0.0013525750861,0
2015-08-24 08:53:00,296,0.000431103443428,0
2015-08-24 09:03:00,256,0.0103711836678,0
2015-08-24 09:13:00,218,0.0151900021828,0
2015-08-24 09:43:00,197,0.0147152749358,0
2015-08-24 09:53:00,226,0.00462042155219,0
2015-08-24 10:03:00,257,0.000702891469617,0
2015-08-24 10:13:00,211,0.0124622483481,0
2015-08-24 10:23:00,225,0.00643191324395,0
2015-08-24 10:43:00,262,0.00126540733837,0
2015-08-24 10:51:00,280,0.00135955614267,0
2015-08-24 11:03:00,483,0.034292882772,0
2015-08-24 11:13:00,628,0.0416036094116,0
2015-08-24 11:23:00,1047,0.101115133785,0
2015-08-24 11:33:00,1111,0.0628578571471,0
2015-08-24 11:42:00,764,0.0264418676935,0
2015-08-24 12:03:00,504,0.0462652841656,0
2015-08-24 12:12:00,729,0.028606973924,0
2015-08-24 12:22:00,627,0.00739984205843,0
2015-08-24 12:33:00,288,0.0632966292233,0
2015-08-24 12:42:00,318,0.0155776976217,0
2015-08-24 12:52:00,167,0.0416596324409,0
2015-08-24 13:32:00,156,0.0275287280645,0
2015-08-24 13:43:00,161,0.017617624731,0
2015-08-24 13:53:00,169,0.0136049101544,0
2015-08-24 14:03:00,181,0.00782559662029,0
2015-08-24 14:13:00,190,0.00564168146365,0
2015-08-24 14:23:00,154,0.0154047650059,0
2015-08-24 14:33:00,170,0.00903857672355,0
2015-08-24 15:52:00,77,0.0246791665899,0
2015-08-24 16:03:00,175,0.0028319443094,0
2015-08-24 16:13:00,190,0.00233801730453,0
2015-08-24 16:22:00,187,0.00169569307612,0
2015-08-24 16:43:00,141,0.00652172987698,0
2015-08-24 17:03:00,157,0.00697862682118,0
2015-08-24 17:13:00,173,0.00524103039252,0
2015-08-24 17:23:00,177,0.000462262085786,0
2015-08-24 17:43:00,140,0.0127598299249,0
2015-08-24 18:33:00,140,0.0189950438017,0
2015-08-24 18:41:00,141,0.0140782946769,0
2015-08-24 18:53:00,146,0.00759849517125,0
2015-08-24 19:03:00,155,0.0122304015947,0
2015-08-24 19:12:00,142,0.0175347626224,0
2015-08-25 08:12:00,155,0.00926805181942,0
2015-08-25 08:22:00,211,0.0016128436476,0
2015-08-25 08:30:00,232,0.00216718040964,0
2015-08-25 08:41:00,285,0.00500601623574,0
2015-08-25 08:50:00,324,0.0080560741349,0
2015-08-25 09:01:00,314,0.00322378576416,0
2015-08-25 09:12:00,236,0.0178641676433,0
2015-08-25 09:20:00,170,0.0228051340758,0
2015-08-25 09:32:00,161,0.0167426158642,0
2015-08-25 10:01:00,180,0.0104362081769,0
2015-08-25 10:21:00,222,0.00106973551685,0
2015-08-25 10:32:00,228,0.00400180972068,0
2015-08-25 10:42:00,240,0.00410641979686,0
2015-08-25 10:52:00,219,0.0112197454486,0
2015-08-25 11:02:00,226,0.00714369121711,0
2015-08-25 11:12:00,221,0.00862381671475,0
2015-08-25 11:32:00,204,0.011163910337,0
2015-08-25 11:41:00,233,0.00337179886984,0
2015-08-25 12:02:00,263,0.000170504221054,0
2015-08-25 13:41:00,129,0.0302231346087,0
2015-08-25 13:52:00,114,0.0196392053541,0
2015-08-25 14:01:00,94,0.0186620538985,0
2015-08-25 14:12:00,109,0.0129435949786,0
2015-08-25 15:32:00,157,0.00144622236399,0
2015-08-25 15:41:00,171,0.00321049937429,0
2015-08-25 17:42:00,304,0.01909896612,0
2015-08-25 17:50:00,379,0.0181047111121,0
2015-08-25 18:02:00,502,0.0296521813148,0
2015-08-25 18:11:00,608,0.0334309837335,0
2015-08-25 18:33:00,607,0.0163024016017,0
2015-08-25 18:40:00,695,0.0293180888876,0
2015-08-25 18:52:00,437,0.0321611911375,0
2015-08-25 19:02:00,260,0.0439679401817,0
2015-08-26 04:59:00,115,0.0465406833675,0
2015-08-26 05:09:00,108,0.0283011472219,0
2015-08-26 05:29:00,113,0.019115647614,0
2015-08-26 06:09:00,111,0.0160775595904,0
2015-08-26 07:19:00,142,0.00653280813507,0
2015-08-26 08:09:00,207,0.000954788384316,0
2015-08-26 08:19:00,230,0.00176941674682,0
2015-08-26 08:30:00,305,0.00946268364346,0
2015-08-26 08:58:00,361,0.0122754736607,0
2015-08-26 09:40:00,205,0.027147739117,0
2015-08-26 10:19:00,288,0.0037526363434,0
2015-08-26 10:30:00,351,0.0107610303894,0
2015-08-26 10:39:00,387,0.00927541258421,0
2015-08-26 10:49:00,293,0.0130574883507,0
2015-08-26 11:00:00,326,0.00200984663705,0
2015-08-26 11:08:00,405,0.0154126478471,0
2015-08-26 11:29:00,579,0.0404289359171,0
2015-08-26 11:39:00,486,0.0020590907089,0
2015-08-26 11:49:00,547,0.01403306825,0
2015-08-26 12:00:00,710,0.0406903196739,0
2015-08-26 12:10:00,604,0.00223898532792,0
2015-08-26 12:30:00,480,0.0217960821017,0
2015-08-26 12:50:00,620,0.0192495887145,0
2015-08-26 13:00:00,494,0.0147304179144,0
2015-08-26 13:20:00,570,0.0123237335894,0
2015-08-26 13:37:00,420,0.0211925104509,0
2015-08-26 14:00:00,333,0.0245689680103,0
2015-08-26 14:09:00,272,0.0201472930754,0
2015-08-26 15:35:00,167,0.0334769514129,0
2015-08-27 00:10:00,124,0.0271830973467,0
2015-08-27 04:36:00,102,0.0201886529122,0
2015-08-27 04:46:00,114,0.0111684176386,0
2015-08-27 05:26:00,665,0.0925121806779,0
2015-08-27 05:36:00,1777,0.251450006602,0
2015-08-27 05:46:00,1774,0.120355121226,0
2015-08-27 06:36:00,122,0.229712316728,0
2015-08-27 06:45:00,124,0.071066212163,0
2015-08-27 08:06:00,171,0.0312180431065,0
2015-08-27 08:16:00,174,0.0285529319454,0
2015-08-27 08:25:00,207,0.00109126134594,0
2015-08-27 08:36:00,238,0.000636366841169,0
2015-08-27 08:44:00,265,0.00160169812951,0
2015-08-27 08:56:00,322,0.00369870226293,0
2015-08-27 09:06:00,270,0.0165151315718,0
2015-08-27 09:16:00,213,0.0240672977904,0
2015-08-27 09:25:00,205,0.00428423696605,0
2015-08-27 09:35:00,173,0.00915032770495,0
2015-08-27 09:56:00,195,0.010599945925,0
2015-08-27 10:06:00,221,0.00658074828088,0
2015-08-27 10:14:00,272,0.00712618878042,0
2015-08-27 10:26:00,336,0.0021448910725,0
2015-08-27 10:36:00,394,0.00830586481827,0
2015-08-27 10:56:00,472,0.0340133839395,0
2015-08-27 11:06:00,519,0.0329111342337,0
2015-08-27 11:16:00,565,0.0131565046583,0
2015-08-27 11:26:00,523,0.00690297871601,0
2015-08-27 11:35:00,636,0.0417575062361,0
2015-08-27 11:46:00,345,0.0473833523767,0
2015-08-27 11:56:00,326,0.0371981740159,0
2015-08-27 12:07:00,281,0.0201865725614,0
2015-08-27 12:27:00,199,0.023773104472,0
2015-08-27 12:37:00,238,0.0077516611379,0
2015-08-27 12:47:00,383,0.0141736170463,0
2015-08-27 12:57:00,413,0.0140854562538,0
2015-08-27 13:07:00,389,0.000827165987371,0
2015-08-27 13:17:00,364,0.00397062702146,0
2015-08-27 13:27:00,394,0.00154834875189,0
2015-08-27 13:36:00,376,0.00350183522866,0
2015-08-27 13:46:00,368,0.0023955869674,0
2015-08-27 16:17:00,193,0.0342386786037,0
2015-08-27 16:26:00,187,0.0180447456318,0
2015-08-27 17:27:00,177,0.0125705373853,0
2015-08-27 17:37:00,134,0.0197229168171,0
2015-08-27 17:46:00,110,0.0177490676929,0
2015-08-27 17:57:00,114,0.0113032220197,0
2015-08-27 18:17:00,90,0.0138099753808,0
2015-08-27 18:27:00,99,0.0125826344321,0
2015-08-27 18:35:00,187,0.0043403180387,0
2015-08-27 19:15:00,131,0.0143671449078,0
2015-08-28 04:47:00,117,0.0145015527138,0
2015-08-28 05:08:00,400,0.0405342386269,0
2015-08-28 05:18:00,114,0.0421507494303,0
2015-08-28 07:18:00,152,0.0113381203102,0
2015-08-28 07:37:00,160,0.00628084242958,0
2015-08-28 07:47:00,574,0.0676210499577,0
2015-08-28 08:19:00,218,0.0388924196801,0
2015-08-28 08:26:00,250,0.00807079166833,0
2015-08-28 08:38:00,280,0.00154713020921,0
2015-08-28 08:47:00,257,0.0142472766774,0
2015-08-28 08:58:00,246,0.00795357456236,0
2015-08-28 09:08:00,225,0.0122713992611,0
2015-08-28 09:28:00,167,0.0208754858664,0
2015-08-28 09:48:00,195,0.0100367685468,0
2015-08-28 09:57:00,247,0.00175102237778,0
2015-08-28 10:08:00,279,0.00218271443771,0
2015-08-28 10:18:00,334,0.00816298721332,0
2015-08-28 10:38:00,368,0.00898292028732,0
2015-08-28 10:48:00,334,0.00501385238223,0
2015-08-28 10:58:00,359,0.000574055716318,0
2015-08-28 11:07:00,500,0.0310699942106,0
2015-08-28 11:27:00,587,0.0288173727869,0
2015-08-28 11:34:00,612,0.0160014041498,0
2015-08-28 12:22:00,536,0.000125706750121,0
2015-08-28 12:36:00,728,0.046257606666,0
2015-08-28 12:58:00,844,0.0413589432563,0
2015-08-28 13:07:00,566,0.0316030202418,0
2015-08-28 13:18:00,675,0.0222844931783,0
2015-08-28 13:28:00,616,0.00443427252238,0
2015-08-28 13:38:00,781,0.0304125978353,0
2015-08-28 13:56:00,702,0.00610775604697,0
2015-08-28 14:08:00,476,0.0352424358974,0
2015-08-28 14:18:00,297,0.041791045177,0
2015-08-28 14:28:00,258,0.029797597596,0
2015-08-28 14:48:00,223,0.0228088892865,0
2015-08-28 14:58:00,197,0.0206609545314,0
2015-08-28 15:38:00,234,0.00283254425479,0
2015-08-28 15:47:00,248,0.00279618959245,0
2015-08-28 15:58:00,260,0.00397589855399,0
2015-08-28 16:07:00,231,0.0100836982748,0
2015-08-28 16:27:00,215,0.00735339583701,0
2015-08-28 17:08:00,206,0.00824026488374,0
2015-08-28 17:38:00,177,0.0124493418053,0
2015-08-28 19:48:00,276,0.0136709376609,0
2015-08-28 19:58:00,277,0.00499514659469,0
2015-08-28 23:08:00,183,0.0208603178802,0
2015-08-28 23:48:00,299,0.0114270827187,0
2015-08-28 23:58:00,328,0.00897857365293,0
2015-08-29 10:53:00,157,0.030952307975,0
2015-08-29 12:14:00,182,0.00976716705509,0
2015-08-29 12:25:00,167,0.0133134297171,0
2015-08-29 13:21:00,212,0.0031429812634,0
2015-08-29 13:55:00,172,0.0123147247555,0
2015-08-29 15:35:00,157,0.0160133796794,0
2015-08-29 18:45:00,133,0.0182550405188,0
2015-08-29 18:55:00,189,0.00478367591285,0
2015-08-29 19:04:00,185,0.00643491794019,0
2015-08-29 19:14:00,182,0.00991200625865,0
2015-08-29 19:34:00,172,0.00989490139757,0
2015-08-29 19:55:00,364,0.0289684357316,0
2015-08-29 20:04:00,378,0.0105544060174,0
2015-08-29 20:15:00,468,0.0197859681774,0
2015-08-29 20:23:00,761,0.0685029471423,0
2015-08-29 20:34:00,556,0.00815743002737,0
2015-08-29 20:44:00,606,0.0122831756653,0
2015-08-29 20:55:00,545,0.000104613207666,0
2015-08-29 21:03:00,286,0.0466644396891,0
2015-08-29 21:15:00,243,0.0274468177622,0
2015-08-30 04:55:00,109,0.0422802129648,0
2015-08-30 06:07:00,121,0.021160593775,0
2015-08-30 09:37:00,166,0.0074860407232,0
2015-08-30 09:45:00,167,0.012121805701,0
2015-08-30 10:27:00,136,0.017954688314,0
2015-08-30 10:47:00,112,0.0173522420145,0
2015-08-30 10:56:00,119,0.0112193572589,0
2015-08-30 11:27:00,148,0.00664164140962,0
2015-08-30 12:25:00,182,0.00222446448792,0
2015-08-30 14:27:00,112,0.0184948836184,0
2015-08-30 14:46:00,331,0.0319851346512,0
2015-08-30 14:57:00,358,0.0126091846776,0
2015-08-30 15:07:00,377,0.00765186109003,0
2015-08-30 15:16:00,261,0.014132297121,0
2015-08-30 15:25:00,319,0.00516714662637,0
2015-08-30 15:37:00,349,0.0055532547652,0
2015-08-30 15:46:00,322,0.00257888274316,0
2015-08-30 15:57:00,252,0.01479507365,0
2015-08-30 16:07:00,215,0.0180038179253,0
2015-08-30 16:17:00,255,0.0048125229658,0
2015-08-30 16:27:00,284,0.00350555982464,0
2015-08-30 16:47:00,331,0.00338740119769,0
2015-08-30 17:05:00,569,0.0433735056671,0
2015-08-30 17:17:00,511,0.0084426289741,0
2015-08-30 17:26:00,431,0.00935909907941,0
2015-08-30 17:37:00,536,0.0195232437992,0
2015-08-30 17:47:00,520,0.00590802443109,0
2015-08-30 17:57:00,744,0.0478691618079,0
2015-08-30 18:06:00,485,0.0255936349476,0
2015-08-30 18:15:00,402,0.019807878922,0
2015-08-30 18:26:00,351,0.0138950543011,0
2015-08-30 18:37:00,290,0.0220567916433,0
2015-08-30 18:47:00,237,0.0222242698015,0
2015-08-30 18:57:00,199,0.0183130966538,0
2015-08-30 19:16:00,211,0.00733334246154,0
2015-08-30 19:27:00,185,0.0146775192077,0
2015-08-30 19:37:00,150,0.0201159029832,0
2015-08-30 20:17:00,162,0.010133269196,0
2015-08-30 20:27:00,163,0.00903920634336,0
2015-08-30 21:07:00,167,0.00893047391387,0
2015-08-30 22:17:00,171,0.00866205656333,0
2015-08-31 04:47:00,119,0.0160054304137,0
2015-08-31 05:26:00,114,0.0109314124274,0
2015-08-31 05:57:00,118,0.010715555961,0
2015-08-31 07:50:00,176,0.00129738194886,0
2015-08-31 08:03:00,172,0.00312521806129,0
2015-08-31 08:11:00,168,0.0050923391275,0
2015-08-31 08:22:00,228,0.00402955379721,0
2015-08-31 08:32:00,280,0.00610813174026,0
2015-08-31 08:53:00,253,0.00341204378756,0
2015-08-31 09:03:00,189,0.0165775842449,0
2015-08-31 09:13:00,195,0.0121963894516,0
2015-08-31 10:43:00,278,0.00545958841618,0
2015-08-31 11:03:00,329,0.00745003688362,0
2015-08-31 11:13:00,292,0.00563788026188,0
2015-08-31 11:22:00,309,0.00294297398731,0
2015-08-31 11:29:00,299,0.00472277724595,0
2015-08-31 11:43:00,268,0.0109483780069,0
2015-08-31 11:53:00,263,0.00857794378663,0
2015-08-31 12:03:00,259,0.00742367722853,0
2015-08-31 14:03:00,171,0.0232442348234,0
2015-08-31 14:12:00,165,0.0150480767221,0
2015-08-31 14:33:00,127,0.019719573037,0
2015-08-31 16:23:00,153,0.0097809678597,0
2015-08-31 17:43:00,178,0.00504149946774,0
2015-08-31 18:23:00,128,0.0180699769771,0
2015-08-31 19:11:00,177,0.00238278472926,0
2015-09-01 05:11:00,308,0.0199950150962,0
2015-09-01 05:23:00,686,0.0771006701929,0
2015-09-01 05:32:00,748,0.0446123539902,0
2015-09-01 08:05:00,164,0.0855318038745,0
2015-09-01 08:15:00,154,0.0290387741784,0
2015-09-01 08:25:00,165,0.0173132376925,0
2015-09-01 08:35:00,225,0.00727358711365,0
2015-09-01 08:44:00,243,0.000486691577965,0
2015-09-01 08:55:00,257,0.00082523150618,0
2015-09-01 09:15:00,194,0.0157827758023,0
2015-09-01 09:24:00,158,0.0197593957922,0
2015-09-01 10:35:00,124,0.020396046778,0
2015-09-01 10:45:00,134,0.0142921355765,0
2015-09-01 10:55:00,118,0.0128987523559,0
2015-09-01 11:04:00,465,0.0566609823948,0
2015-09-01 11:14:00,114,0.0492739518106,0
2015-09-01 11:45:00,174,0.0109347021853,0
2015-09-01 13:44:00,141,0.0129306438774,0
2015-09-01 13:54:00,114,0.0226118661413,0
2015-09-01 14:11:00,91,0.0175523299959,0
2015-09-01 14:25:00,116,0.00451376201292,0
2015-09-01 14:35:00,140,0.000436084245837,0
2015-09-01 14:45:00,126,0.0141904769057,0
2015-09-01 22:01:00,147,0.005210555287,0
2015-09-01 22:11:00,132,0.00794398829494,0
2015-09-01 23:21:00,176,0.00314738799744,0
2015-09-01 23:41:00,318,0.0163905813172,0
2015-09-01 23:59:00,460,0.0321893429046,0
2015-09-02 07:21:00,170,0.0414870533969,0
2015-09-02 07:41:00,170,0.0156972773183,0
2015-09-02 09:00:00,210,0.00604709536226,0
2015-09-02 09:11:00,175,0.0171711857877,0
2015-09-02 09:21:00,217,0.0028123489438,0
2015-09-02 09:41:00,156,0.0139927008914,0
2015-09-02 13:41:00,142,0.0151334994338,0
2015-09-02 14:11:00,66,0.0283955375837,0
2015-09-02 14:20:00,47,0.0200696040537,0
2015-09-02 17:10:00,151,0.00394509347786,0
2015-09-02 19:40:00,171,0.00493976371239,0
2015-09-02 19:49:00,174,0.00508055920572,0
2015-09-02 22:16:00,186,0.00417888735207,0
2015-09-02 22:36:00,605,0.0748203467649,0
2015-09-02 22:44:00,770,0.0592888356368,0
2015-09-02 22:56:00,991,0.0757318973511,0
2015-09-02 23:06:00,1190,0.0822556526642,0
2015-09-02 23:14:00,1150,0.0430711311603,0
2015-09-02 23:26:00,1033,0.0166563728416,0
2015-09-02 23:36:00,771,0.0291362539977,0
2015-09-02 23:46:00,723,0.00991110205078,0
2015-09-02 23:54:00,768,0.0142415398504,0
2015-09-03 00:06:00,639,0.013630228319,0
2015-09-03 00:16:00,683,0.00563704280588,0
2015-09-03 00:26:00,682,0.00668862108305,0
2015-09-03 00:36:00,940,0.0571017188591,0
2015-09-03 00:46:00,908,0.023886454106,0
2015-09-03 00:55:00,835,0.00388465569737,0
2015-09-03 01:06:00,653,0.0180730477299,0
2015-09-03 01:26:00,674,0.00483649711677,0
2015-09-03 01:36:00,954,0.0593972690999,0
2015-09-03 01:46:00,1028,0.0447064471422,0
2015-09-03 01:56:00,411,0.0824321308771,0
2015-09-03 02:05:00,204,0.0592461550023,0
2015-09-03 04:35:00,105,0.0454413344706,0
2015-09-03 04:46:00,116,0.0241291000859,0
2015-09-03 04:54:00,111,0.00923886572066,0
2015-09-03 05:05:00,110,0.00766381874283,0
2015-09-03 05:15:00,111,0.0075242099221,0
2015-09-03 05:25:00,110,0.0106105078802,0
2015-09-03 05:50:00,126,0.00646672866329,0
2015-09-03 06:06:00,118,0.0148681827625,0
2015-09-03 06:16:00,121,0.00978692793504,0
2015-09-03 06:46:00,127,0.00484303798816,0
2015-09-03 07:45:00,153,0.000493563001412,0
2015-09-03 08:16:00,176,0.000361924543459,0
2015-09-03 08:26:00,228,0.00693366419926,0
2015-09-03 08:35:00,296,0.0125138766534,0
2015-09-03 08:46:00,429,0.0287318928789,0
2015-09-03 08:56:00,404,0.00958791506158,0
2015-09-03 09:06:00,358,0.000455417883195,0
2015-09-03 09:15:00,351,0.00596482491161,0
2015-09-03 09:26:00,274,0.0190385067966,0
2015-09-03 09:46:00,247,0.0122625947582,0
2015-09-03 09:55:00,249,0.0103602999591,0
2015-09-03 10:06:00,298,0.00619640388061,0
2015-09-03 10:16:00,314,0.00365936550128,0
2015-09-03 10:26:00,352,0.00504902975736,0
2015-09-03 10:36:00,321,0.00616236982439,0
2015-09-03 10:55:00,211,0.0278972990321,0
2015-09-03 11:36:00,194,0.0152288660567,0
2015-09-03 11:46:00,158,0.018473208559,0
2015-09-03 11:55:00,190,0.0068696249913,0
2015-09-03 12:05:00,251,0.00442855467723,0
2015-09-03 12:16:00,197,0.0130104542705,0
2015-09-03 12:26:00,149,0.0185844249341,0
2015-09-03 12:36:00,161,0.00944336119053,0
2015-09-03 12:45:00,108,0.0186491089565,0
2015-09-03 13:36:00,147,0.00529481049997,0
2015-09-03 16:24:00,182,0.000304006329262,0
2015-09-03 16:46:00,162,0.00785466758146,0
2015-09-03 17:14:00,215,0.00326849755486,0
2015-09-03 17:24:00,218,0.00423438509825,0
2015-09-03 17:36:00,168,0.0161229176019,0
2015-09-03 17:44:00,185,0.00702990191624,0
2015-09-03 17:56:00,126,0.0189464417161,0
2015-09-03 18:06:00,42,0.0294146750119,0
2015-09-03 18:15:00,41,0.0178048037737,0
2015-09-03 18:24:00,110,0.00234726819266,0
2015-09-03 18:35:00,152,0.00140448283439,0
2015-09-03 18:45:00,164,0.00431423527742,0
2015-09-03 19:06:00,141,0.0115649125192,0
2015-09-03 19:36:00,162,0.00622368183096,0
2015-09-03 21:52:00,153,0.0103293797203,0
2015-09-03 22:12:00,306,0.0199836254988,0
2015-09-03 22:32:00,512,0.0448154295415,0
2015-09-03 22:42:00,464,0.00847732420224,0
2015-09-03 22:52:00,665,0.0462873675512,0
2015-09-03 23:02:00,203,0.0671892471062,0
2015-09-04 05:53:00,2222,0.364627045505,0
2015-09-04 07:43:00,151,0.233558599048,0
2015-09-04 07:52:00,151,0.0773228600298,0
2015-09-04 08:01:00,162,0.0156441927912,0
2015-09-04 08:23:00,190,0.0344357046812,0
2015-09-04 08:31:00,201,0.00796118134604,0
2015-09-04 08:43:00,236,0.00418919340675,0
2015-09-04 08:53:00,243,0.00166167838962,0
2015-09-04 09:03:00,218,0.0166420817736,0
2015-09-04 09:23:00,162,0.0163284614374,0
2015-09-04 09:43:00,173,0.0197783907063,0
2015-09-04 09:53:00,206,0.00166273897208,0
2015-09-04 10:03:00,224,0.00345872225809,0
2015-09-04 10:13:00,223,0.000174545741445,0
2015-09-04 10:23:00,230,0.0112090360648,0
2015-09-04 10:43:00,269,0.00806720418687,0
2015-09-04 10:53:00,255,0.000343825682447,0
2015-09-04 11:02:00,292,0.00267763456827,0
2015-09-04 11:13:00,245,0.0105318606744,0
2015-09-04 11:23:00,212,0.00833700797718,0
2015-09-04 11:53:00,252,0.00101443578981,0
2015-09-04 12:03:00,296,0.00920015996183,0
2015-09-04 12:41:00,165,0.018202970153,0
2015-09-04 13:39:00,335,0.0284469883805,0
2015-09-04 13:52:00,495,0.0186027061209,0
2015-09-04 14:02:00,626,0.0316730318379,0
2015-09-04 14:12:00,828,0.058894559771,0
2015-09-04 14:22:00,627,0.00542731992453,0
2015-09-04 14:33:00,374,0.0536331979694,0
2015-09-04 14:53:00,298,0.023828918473,0
2015-09-04 15:02:00,208,0.0321899353523,0
2015-09-04 15:23:00,200,0.0199228822429,0
2015-09-04 15:33:00,265,0.00056131318202,0
2015-09-04 15:43:00,276,0.00165433922229,0
2015-09-04 15:52:00,308,0.00148262578491,0
2015-09-04 16:03:00,255,0.0128287222684,0
2015-09-04 16:12:00,284,0.00242037274578,0
2015-09-04 16:23:00,289,0.00241496736208,0
2015-09-04 16:33:00,308,0.000694994479547,0
2015-09-04 16:42:00,347,0.00822131268095,0
2015-09-04 16:53:00,346,0.00183508631016,0
2015-09-04 16:58:00,360,0.00101217182204,0
2015-09-04 17:13:00,350,0.00164951597344,0
2015-09-04 17:30:00,255,0.0185626202482,0
2015-09-04 18:02:00,187,0.0212276464323,0
2015-09-04 18:12:00,166,0.0134383285917,0
2015-09-04 19:02:00,155,0.0107747697041,0
2015-09-05 08:39:00,163,0.00832646939782,0
2015-09-05 09:39:00,195,0.00101818918226,0
2015-09-05 09:59:00,517,0.0559123460313,0
2015-09-05 10:09:00,628,0.0396698290264,0
2015-09-05 10:28:00,391,0.0275978462853,0
2015-09-05 10:37:00,175,0.0468013765175,0
2015-09-05 10:49:00,172,0.0210851381063,0
2015-09-05 10:59:00,151,0.0204827623484,0
2015-09-05 13:27:00,198,0.0042195222371,0
2015-09-05 14:47:00,155,0.0127154731156,0
2015-09-05 19:07:00,145,0.0126679208321,0
2015-09-05 19:56:00,161,0.00754851983304,0
2015-09-05 20:17:00,189,0.00485999194505,0
2015-09-05 20:27:00,182,0.008788091537,0
2015-09-05 22:37:00,120,0.0179762618377,0
2015-09-06 04:47:00,107,0.0133827414804,0
2015-09-06 05:27:00,1572,0.27075193822,0
2015-09-06 05:37:00,1472,0.0966279223528,0
2015-09-06 05:47:00,1900,0.148291997549,0
2015-09-06 06:07:00,118,0.240193187803,0
2015-09-06 06:47:00,116,0.0878381127784,0
2015-09-06 06:57:00,115,0.0336733424599,0
2015-09-06 07:37:00,116,0.0365324752576,0
2015-09-06 09:37:00,160,0.0043682530419,0
2015-09-06 10:47:00,115,0.0189772398819,0
2015-09-06 10:57:00,112,0.0108582664374,0
2015-09-06 15:01:00,131,0.0187187032766,0
2015-09-06 15:51:00,137,0.0170947959242,0
2015-09-06 16:11:00,193,0.00517695773163,0
2015-09-06 19:01:00,135,0.00831232994095,0
2015-09-06 19:11:00,142,0.00874726715531,0
2015-09-06 19:21:00,167,0.00452184055747,0
2015-09-06 19:31:00,143,0.0141402839906,0
2015-09-06 19:39:00,149,0.00776794937081,0
2015-09-06 20:21:00,86,0.0229712157836,0
2015-09-06 20:30:00,339,0.0418284508407,0
2015-09-06 20:40:00,415,0.036110757597,0
2015-09-06 20:51:00,1634,0.248019646961,0
2015-09-06 21:01:00,1067,0.00420021296961,0
2015-09-06 21:20:00,521,0.0727670670571,0
2015-09-06 21:31:00,612,0.0179645255957,0
2015-09-06 21:41:00,101,0.104921457199,0
2015-09-06 22:01:00,95,0.0618634770399,0
2015-09-06 22:11:00,433,0.0431177931875,0
2015-09-07 05:21:00,749,0.0655623710893,0
2015-09-07 05:31:00,1248,0.125423820481,0
2015-09-07 05:41:00,1330,0.07317080696,0
2015-09-07 06:00:00,116,0.174608289097,0
2015-09-07 06:51:00,113,0.0577169315984,0
2015-09-07 07:01:00,118,0.0248011552421,0
2015-09-07 07:21:00,137,0.0233258292376,0
2015-09-07 07:31:00,131,0.0178061644422,0
2015-09-07 08:21:00,154,0.00808412305937,0
2015-09-07 08:41:00,165,0.00649613625164,0
2015-09-07 08:51:00,173,0.0149438771715,0
2015-09-07 09:01:00,147,0.0118890887151,0
2015-09-07 09:11:00,149,7.66351950208e-05,0
2015-09-07 11:00:00,113,0.00833148593447,0
2015-09-07 11:21:00,151,0.00616889575037,0
2015-09-07 11:39:00,151,0.00112510518854,0
2015-09-07 13:42:00,143,0.00249253854789,0
2015-09-07 14:03:00,164,0.0080058145862,0
2015-09-07 14:13:00,160,0.0100440643648,0
2015-09-07 15:54:00,71,0.0274571477453,0
2015-09-07 16:24:00,159,0.0058526765381,0
2015-09-07 17:24:00,136,0.0122004565128,0
2015-09-07 19:03:00,150,0.0104003222973,0
2015-09-07 19:13:00,141,0.00649315629346,0
2015-09-07 20:03:00,162,0.00194092424259,0
2015-09-07 20:13:00,158,0.00851717955446,0
2015-09-07 20:33:00,157,0.0199530241938,0
2015-09-07 21:33:00,156,0.0121697203394,0
2015-09-07 22:12:00,152,0.00992250210252,0
2015-09-08 04:23:00,120,0.0176743060343,0
2015-09-08 05:13:00,115,0.0178394709576,0
2015-09-08 05:23:00,1102,0.182511549592,0
2015-09-08 05:32:00,1238,0.10014756698,0
2015-09-08 05:41:00,1496,0.108916183779,0
2015-09-08 07:53:00,172,0.17857391154,0
2015-09-08 08:20:00,196,0.0530522270983,0
2015-09-08 08:32:00,293,0.00422726783395,0
2015-09-08 08:42:00,344,0.0113725268387,0
2015-09-08 08:53:00,344,0.00221371561901,0
2015-09-08 09:03:00,304,0.0116762538737,0
2015-09-08 09:12:00,254,0.016066975477,0
2015-09-08 09:23:00,180,0.0307327543798,0
2015-09-08 09:43:00,120,0.0275113454096,0
2015-09-08 10:03:00,163,0.00752059414491,0
2015-09-08 10:13:00,224,0.00723021383559,0
2015-09-08 10:32:00,233,0.0024913503456,0
2015-09-08 10:36:00,256,0.00178385459265,0
2015-09-08 10:47:00,195,0.0151808663607,0
2015-09-08 10:57:00,178,0.0107172170239,0
2015-09-08 11:07:00,153,0.0136523737233,0
2015-09-08 11:45:00,169,0.00431753577555,0
2015-09-08 12:25:00,164,0.000641424654471,0
2015-09-08 13:47:00,125,0.0132158591655,0
2015-09-08 14:07:00,87,0.0211436935049,0
2015-09-08 14:17:00,126,0.0025207433284,0
2015-09-08 14:26:00,118,0.00152279051758,0
2015-09-08 14:47:00,126,0.00985753512613,0
2015-09-08 14:57:00,119,0.0219235318742,0
2015-09-08 15:45:00,173,0.000399861079314,0
2015-09-08 16:27:00,72,0.02660694405,0
2015-09-08 16:37:00,819,0.127113992935,0
2015-09-08 16:46:00,872,0.0544780680903,0
2015-09-08 17:06:00,42,0.121928198199,0
2015-09-08 17:15:00,22,0.0399919019001,0
2015-09-08 17:27:00,164,5.50518172049e-06,0
2015-09-08 17:47:00,147,0.0208030698508,0
2015-09-08 19:57:00,165,0.00802825287426,0
2015-09-08 20:05:00,152,0.00849933472912,0
2015-09-08 20:47:00,153,0.011869319082,0
2015-09-09 05:04:00,532,0.0616964285283,0
2015-09-09 05:37:00,123,0.0567446532608,0
2015-09-09 07:27:00,174,0.0140161166309,0
2015-09-09 07:47:00,202,0.000187823103002,0
2015-09-09 07:57:00,325,0.0164219636686,0
2015-09-09 08:07:00,386,0.0125149414716,0
2015-09-09 08:17:00,362,0.00236235271098,0
2015-09-09 08:27:00,312,0.0038384053852,0
2015-09-09 08:37:00,215,0.0232096391471,0
2015-09-09 08:46:00,166,0.0242830654798,0
2015-09-09 09:17:00,149,0.0123861116848,0
2015-09-09 09:57:00,196,0.00291418843052,0
2015-09-09 10:17:00,275,0.00288182098108,0
2015-09-09 10:19:00,272,0.00362183633969,0
2015-09-09 10:27:00,303,0.0114962957557,0
2015-09-09 10:49:00,185,0.0225059534627,0
2015-09-09 10:58:00,128,0.0302673171901,0
2015-09-09 13:30:00,148,0.0126355388216,0
2015-09-09 14:50:00,150,0.0065674392267,0
2015-09-09 15:10:00,183,0.00426047217182,0
2015-09-09 15:40:00,213,0.0050302075123,0
2015-09-09 15:48:00,189,0.00959798599069,0
2015-09-09 16:10:00,185,0.00543256316237,0
2015-09-09 16:19:00,164,0.0089916910133,0
2015-09-09 16:30:00,214,0.00133259608075,0
2015-09-09 16:39:00,215,0.00431726986096,0
2015-09-09 16:48:00,193,0.00869363159441,0
2015-09-09 17:00:00,225,0.000743343472236,0
2015-09-09 17:10:00,285,0.00392413566053,0
2015-09-09 17:20:00,289,0.00139125648362,0
2015-09-09 17:30:00,300,0.000239145566013,0
2015-09-09 17:48:00,366,0.0114988313951,0
2015-09-09 18:00:00,398,0.00879007827195,0
2015-09-09 18:10:00,428,0.00948490454064,0
2015-09-09 18:20:00,458,0.0109994620031,0
2015-09-09 18:28:00,467,0.00749149569786,0
2015-09-09 18:39:00,535,0.0191131934151,0
2015-09-09 18:50:00,506,0.00501528238124,0
2015-09-09 19:00:00,531,0.00915388920305,0
2015-09-09 19:10:00,497,0.000791218639553,0
2015-09-09 19:20:00,533,0.0100270805429,0
2015-09-09 19:30:00,448,0.00950859300749,0
2015-09-09 19:40:00,375,0.0165114716253,0
2015-09-09 19:49:00,329,0.0132626425819,0
2015-09-09 21:10:00,140,0.043901798331,0
2015-09-09 22:20:00,133,0.0235871771949,0
2015-09-09 22:30:00,158,0.0111491281515,0
2015-09-09 22:40:00,143,0.0142634207992,0
2015-09-09 23:00:00,138,0.0125053453712,0
2015-09-09 23:40:00,134,0.0112415603308,0
2015-09-10 00:10:00,130,0.0103740223654,0
2015-09-10 00:20:00,125,0.00953296145723,0
2015-09-10 00:30:00,121,0.0095905760226,0
2015-09-10 04:20:00,135,0.00600506901348,0
2015-09-10 04:40:00,117,0.0101119504272,0
2015-09-10 04:50:00,132,0.00542598354743,0
2015-09-10 05:00:00,128,0.00818072974606,0
2015-09-10 05:10:00,115,0.0114169926141,0
2015-09-10 05:20:00,134,0.00484733615624,0
2015-09-10 05:26:00,127,0.00848744746266,0
2015-09-10 05:50:00,136,0.00801552379155,0
2015-09-10 06:00:00,137,0.00868713898498,0
2015-09-10 06:40:00,135,0.00947031235461,0
2015-09-10 06:50:00,146,0.00838227947193,0
2015-09-10 07:10:00,142,0.0116657378086,0
2015-09-10 07:30:00,227,0.00665578081232,0
2015-09-10 07:40:00,242,0.000799507856321,0
2015-09-10 08:10:00,287,0.003246331916,0
2015-09-10 08:20:00,326,0.00662659237129,0
2015-09-10 08:30:00,328,0.00141158625902,0
2015-09-10 08:39:00,354,0.00445311989204,0
2015-09-10 08:50:00,431,0.0155308021644,0
2015-09-10 09:00:00,409,0.00299040944478,0
2015-09-10 09:10:00,555,0.0304316859525,0
2015-09-10 09:20:00,451,0.00538933524201,0
2015-09-10 09:29:00,502,0.0104595540212,0
2015-09-10 09:39:00,325,0.0266704977314,0
2015-09-10 09:50:00,348,0.00660415054891,0
2015-09-10 10:00:00,204,0.0308279172422,0
2015-09-10 10:20:00,214,0.0155281456565,0
2015-09-10 10:30:00,170,0.0181515789522,0
2015-09-10 10:40:00,177,0.0131603952547,0
2015-09-10 10:53:00,171,0.0109315624835,0
2015-09-10 11:03:00,177,0.00961249186783,0
2015-09-10 11:54:00,101,0.0222106659816,0
2015-09-10 12:04:00,90,0.0165780054398,0
2015-09-10 12:14:00,93,0.0115206050318,0
2015-09-10 12:21:00,72,0.0158125269015,0
2015-09-10 12:34:00,86,0.00893723685143,0
2015-09-10 12:44:00,89,0.00938647090887,0
2015-09-10 12:54:00,144,0.00146160784713,0
2015-09-10 13:03:00,180,0.00205998980433,0
2015-09-10 13:13:00,153,0.0076791501451,0
2015-09-10 13:34:00,159,0.00515379781967,0
2015-09-10 13:40:00,149,0.00808143189139,0
2015-09-10 13:53:00,156,0.00679146017608,0
2015-09-10 14:40:00,183,0.00227342083471,0
2015-09-10 15:04:00,192,0.00468032542779,0
2015-09-10 15:14:00,222,0.000847937175611,0
2015-09-10 15:24:00,226,0.00479917475066,0
2015-09-10 15:43:00,232,0.00457636904655,0
2015-09-10 15:53:00,210,0.0112876254264,0
2015-09-10 16:04:00,216,0.00632231230782,0
2015-09-10 16:14:00,207,0.00984436832912,0
2015-09-10 16:23:00,284,0.00709651529954,0
2015-09-10 16:33:00,205,0.0164946230591,0
2015-09-10 16:43:00,210,0.00840684819931,0
2015-09-10 16:54:00,178,0.0140303032693,0
2015-09-10 17:14:00,199,0.00691413496574,0
2015-09-10 17:23:00,244,0.00191474286647,0
2015-09-10 17:34:00,234,0.00533741531423,0
2015-09-10 17:43:00,219,0.00814337268037,0
2015-09-10 17:52:00,169,0.015901496444,0
2015-09-10 18:04:00,68,0.0294852190809,0
2015-09-10 18:14:00,73,0.0169669962057,0
2015-09-10 18:23:00,185,0.0075117952403,0
2015-09-10 18:44:00,307,0.0196969093904,0
2015-09-10 18:54:00,342,0.0119180568624,0
2015-09-10 19:04:00,391,0.0141952542008,0
2015-09-10 19:14:00,338,0.00350099778517,0
2015-09-10 19:23:00,230,0.0216359009972,0
2015-09-10 19:32:00,179,0.0191739132658,0
2015-09-10 19:44:00,154,0.0162977064336,0
2015-09-10 20:04:00,166,0.00957446389483,0
2015-09-10 20:14:00,161,0.0109116665228,0
2015-09-11 04:58:00,371,0.0302576247457,0
2015-09-11 07:34:00,153,0.033801255582,0
2015-09-11 07:43:00,162,0.0132016692518,0
2015-09-11 07:54:00,204,4.36072301602e-05,0
2015-09-11 08:04:00,342,0.0189783262746,0
2015-09-11 08:14:00,333,0.00396087655899,0
2015-09-11 08:24:00,351,0.00561336479164,0
2015-09-11 08:34:00,389,0.00942314454418,0
2015-09-11 08:44:00,422,0.00854401539744,0
2015-09-11 08:54:00,382,0.00174346493891,0
2015-09-11 09:04:00,426,0.00916252230079,0
2015-09-11 09:10:00,339,0.0123654736006,0
2015-09-11 09:24:00,326,0.00665854775615,0
2015-09-11 09:34:00,191,0.0277247590457,0
2015-09-11 10:14:00,168,0.0205650030413,0
2015-09-11 10:24:00,169,0.0120384240091,0
2015-09-11 10:34:00,181,0.00779662247182,0
2015-09-11 10:44:00,234,0.00106267405848,0
2015-09-11 10:53:00,248,0.00271999009826,0
2015-09-11 11:04:00,280,0.00337992265176,0
2015-09-11 11:14:00,270,0.00360250396637,0
2015-09-11 11:23:00,238,0.0115394377202,0
2015-09-11 11:30:00,199,0.0121567050461,0
2015-09-11 11:40:00,155,0.0142630032381,0
2015-09-11 11:59:00,217,0.000140819332464,0
2015-09-11 12:13:00,241,0.000254851618758,0
2015-09-11 12:27:00,348,0.0187589720872,0
2015-09-11 12:40:00,399,0.0181351860208,0
2015-09-11 12:49:00,290,0.0155984144131,0
2015-09-11 12:58:00,306,0.000200373188627,0
2015-09-11 13:19:00,258,0.00992449598869,0
2015-09-11 13:30:00,251,0.00816827230275,0
2015-09-11 13:40:00,291,0.00103643050242,0
2015-09-11 13:50:00,342,0.00717651046508,0
2015-09-11 14:00:00,244,0.018351392684,0
2015-09-11 14:20:00,131,0.0315161942475,0
2015-09-11 14:50:00,147,0.014166263646,0
2015-09-11 15:20:00,187,0.00472462430944,0
2015-09-11 15:29:00,210,0.00357320716433,0
2015-09-11 15:40:00,305,0.0141874814144,0
2015-09-11 15:50:00,319,0.00532122090179,0
2015-09-11 16:00:00,362,0.00923377766948,0
2015-09-11 16:10:00,384,0.00876910700778,0
2015-09-11 16:30:00,423,0.0114112698416,0
2015-09-11 16:40:00,439,0.00938406086458,0
2015-09-11 16:50:00,442,0.00687311438799,0
2015-09-11 17:10:00,449,0.00701749626038,0
2015-09-11 17:20:00,450,0.00378299477314,0
2015-09-11 17:30:00,403,0.00498826951443,0
2015-09-11 17:40:00,425,0.005340721836,0
2015-09-11 17:50:00,417,0.00072473194908,0
2015-09-11 18:00:00,393,0.0039917078109,0
2015-09-11 18:10:00,378,0.00257077729368,0
2015-09-11 18:19:00,316,0.0138855237764,0
2015-09-11 18:30:00,283,0.0143640209226,0
2015-09-11 18:39:00,273,0.00926561029066,0
2015-09-11 18:50:00,265,0.00708555934084,0
2015-09-11 19:00:00,283,0.00393642063064,0
2015-09-11 19:10:00,305,0.000270812739023,0
2015-09-11 19:13:00,295,0.00274815220634,0
2015-09-11 19:23:00,250,0.0109951714553,0
2015-09-11 19:33:00,233,0.00916215958896,0
2015-09-11 19:43:00,232,0.00518179298465,0
2015-09-11 19:53:00,200,0.0106383771517,0
2015-09-11 20:02:00,189,0.00919139052178,0
2015-09-11 20:23:00,163,0.0118517607844,0
2015-09-11 21:43:00,169,0.00757817247044,0
2015-09-11 21:51:00,180,0.00599765223595,0
2015-09-11 22:03:00,170,0.00854396333157,0
2015-09-11 22:33:00,86,0.0236042386374,0
2015-09-12 03:03:00,119,0.00824751659859,0
2015-09-12 04:53:00,49,0.023560173599,0
2015-09-12 05:13:00,118,0.0036012683515,0
2015-09-12 05:22:00,467,0.0596698929337,0
2015-09-12 05:39:00,1960,0.309416045204,0
2015-09-12 06:43:00,123,0.213976239397,0
2015-09-12 08:32:00,143,0.0551584271265,0
2015-09-12 08:43:00,171,0.00687281925899,0
2015-09-12 08:53:00,196,0.0284829580837,0
2015-09-12 09:03:00,229,0.00351364333229,0
2015-09-12 09:13:00,253,0.00131367407386,0
2015-09-12 09:23:00,269,0.000953509268458,0
2015-09-12 09:32:00,233,0.0168479820389,0
2015-09-12 09:42:00,281,0.00301142116979,0
2015-09-12 09:53:00,268,0.00877983269985,0
2015-09-12 10:03:00,234,0.00854210346149,0
2015-09-12 10:13:00,199,0.00805479460248,0
2015-09-12 10:22:00,166,0.015429631949,0
2015-09-12 10:33:00,188,0.0151964426588,0
2015-09-12 10:43:00,206,0.000319759134144,0
2015-09-12 10:53:00,223,0.000858671035946,0
2015-09-12 11:03:00,267,0.00252463303287,0
2015-09-12 11:13:00,252,0.000905122816879,0
2015-09-12 11:14:00,254,0.0106371783833,0
2015-09-12 13:08:00,165,0.0243845688954,0
2015-09-12 13:47:00,137,0.0268403563312,0
2015-09-12 13:58:00,138,0.00249239269185,0
2015-09-12 15:07:00,138,0.00141989296491,0
2015-09-12 15:58:00,135,0.0238633161905,0
2015-09-12 17:48:00,231,0.00571967211536,0
2015-09-12 17:57:00,264,0.00814923070159,0
2015-09-12 18:08:00,280,0.00402307925625,0
2015-09-12 18:18:00,338,0.000724623770256,0
2015-09-12 18:28:00,303,0.00277251611828,0
2015-09-12 18:38:00,212,0.0191328191365,0
2015-09-12 18:48:00,174,0.0168716810795,0
2015-09-12 19:08:00,182,0.00943712259656,0
2015-09-12 19:18:00,154,0.0151812161991,0
2015-09-12 19:28:00,167,0.00870474233168,0
2015-09-12 19:38:00,161,0.0101911789232,0
2015-09-12 19:47:00,193,0.00327915684838,0
2015-09-12 19:58:00,181,0.00803204564773,0
2015-09-12 20:07:00,158,0.0116729768202,0
2015-09-12 20:18:00,211,0.00111194657958,0
2015-09-12 20:28:00,230,0.000399308983011,0
2015-09-12 20:38:00,178,0.0129922566062,0
2015-09-12 20:58:00,158,0.0129382239367,0
2015-09-12 21:28:00,152,0.0118206450356,0
2015-09-12 21:57:00,143,0.0113375371425,0
2015-09-12 22:38:00,115,0.0149735678572,0
2015-09-12 23:37:00,141,0.00682565637294,0
2015-09-13 00:58:00,157,0.00483896274974,0
2015-09-13 04:57:00,118,0.0135459981212,0
2015-09-13 05:08:00,119,0.010601920121,0
2015-09-13 05:47:00,112,0.0114594317951,0
2015-09-13 06:48:00,116,0.0091786977013,0
2015-09-13 06:57:00,115,0.00971439327694,0
2015-09-13 07:05:00,116,0.0111590837707,0
2015-09-13 07:18:00,125,0.00880414717528,0
2015-09-13 07:28:00,118,0.0101607229381,0
2015-09-13 08:08:00,119,0.0101913548134,0
2015-09-13 08:18:00,120,0.0102452676292,0
2015-09-13 08:58:00,132,0.00667810851756,0
2015-09-13 09:28:00,128,0.00808341584449,0
2015-09-13 10:18:00,131,0.00904129959212,0
2015-09-13 10:27:00,132,0.00901368550914,0
2015-09-13 10:57:00,110,0.0125498982612,0
2015-09-13 11:28:00,139,0.00497842104756,0
2015-09-13 11:38:00,131,0.0104234528524,0
2015-09-13 11:48:00,130,0.00983044163611,0
2015-09-13 11:58:00,133,0.00794095798515,0
2015-09-13 12:08:00,136,0.00905782564201,0
2015-09-13 12:16:00,141,0.00866035384188,0
2015-09-13 12:47:00,135,0.00931486585469,0
2015-09-13 13:06:00,132,0.00950206118372,0
2015-09-13 13:48:00,119,0.0121924773014,0
2015-09-13 14:29:00,135,0.00742788302604,0
2015-09-13 14:49:00,139,0.00758028774151,0
2015-09-13 14:59:00,148,0.00692602984775,0
2015-09-13 15:19:00,139,0.0097285271653,0
2015-09-13 15:40:00,134,0.00959664121062,0
2015-09-13 15:50:00,152,0.00559594016001,0
2015-09-13 15:59:00,151,0.00779413657672,0
2015-09-13 16:10:00,175,0.00324006270184,0
2015-09-13 16:19:00,164,0.00786413379813,0
2015-09-13 16:29:00,183,0.00397186220747,0
2015-09-13 16:39:00,173,0.007714065996,0
2015-09-13 16:49:00,192,0.00363273114524,0
2015-09-13 17:00:00,212,0.00172686734135,0
2015-09-13 17:07:00,178,0.0111218151333,0
2015-09-13 17:30:00,146,0.0139188561781,0
2015-09-13 17:40:00,142,0.010934320449,0
2015-09-13 18:10:00,149,0.00862048306833,0
2015-09-13 18:30:00,146,0.00955720489575,0
2015-09-13 18:40:00,154,0.00700528548915,0
2015-09-13 18:59:00,145,0.00970598845965,0
2015-09-13 19:20:00,160,0.00591243540948,0
2015-09-13 19:28:00,157,0.00784905107081,0
2015-09-13 19:39:00,173,0.00488735076005,0
2015-09-13 20:08:00,127,0.0150712111851,0
2015-09-13 20:19:00,66,0.022359181186,0
2015-09-13 20:29:00,69,0.0140542409057,0
2015-09-13 20:39:00,41,0.0188418924641,0
2015-09-13 20:49:00,42,0.0146554882379,0
2015-09-13 20:59:00,41,0.0132177918783,0
2015-09-13 21:08:00,38,0.0135974797198,0
2015-09-13 21:28:00,38,0.0128674414706,0
2015-09-13 21:39:00,74,0.00524540273925,0
2015-09-13 21:49:00,62,0.011419401203,0
2015-09-13 21:59:00,60,0.0118578584669,0
2015-09-13 22:09:00,62,0.0100946061651,0
2015-09-13 22:29:00,129,0.00193651841538,0
2015-09-14 00:40:00,124,0.00673048095451,0
2015-09-14 01:40:00,121,0.00869304511174,0
2015-09-14 02:29:00,134,0.00506977552841,0
2015-09-14 03:09:00,126,0.00935127974155,0
2015-09-14 03:19:00,125,0.00914723785247,0
2015-09-14 03:39:00,119,0.00976944887795,0
2015-09-14 03:49:00,124,0.00854947892528,0
2015-09-14 03:59:00,126,0.00903558850288,0
2015-09-14 04:09:00,122,0.0098143548134,0
2015-09-14 04:19:00,122,0.00966236959722,0
2015-09-14 04:29:00,128,0.00915125263912,0
2015-09-14 04:39:00,123,0.010271956603,0
2015-09-14 04:49:00,117,0.0109236497895,0
2015-09-14 05:09:00,114,0.0108832179356,0
2015-09-14 05:29:00,118,0.00932574618281,0
2015-09-14 07:19:00,162,0.000694067288782,0
2015-09-14 07:30:00,161,0.00584090573354,0
2015-09-14 07:49:00,139,0.0109110968912,0
2015-09-14 07:59:00,152,0.00509175023834,0
2015-09-14 08:09:00,156,0.00624831263736,0
2015-09-14 08:19:00,166,0.00565914807525,0
2015-09-14 08:29:00,229,0.00629172188395,0
2015-09-14 08:39:00,227,0.000755531864513,0
2015-09-14 08:47:00,274,0.00572355319223,0
2015-09-14 08:58:00,216,0.0106100995884,0
2015-09-14 09:09:00,161,0.0170904360969,0
2015-09-14 09:19:00,139,0.0140234183697,0
2015-09-14 09:49:00,136,0.0120249383696,0
2015-09-14 09:59:00,144,0.00865698800322,0
2015-09-14 10:09:00,160,0.00579605747645,0
2015-09-14 10:27:00,262,0.0125731423463,0
2015-09-14 10:39:00,347,0.0177127476821,0
2015-09-14 10:49:00,364,0.00925940634169,0
2015-09-14 10:59:00,384,0.00917568557567,0
2015-09-14 11:09:00,578,0.0432941727384,0
2015-09-14 11:19:00,626,0.0296079233745,0
2015-09-14 11:29:00,385,0.0284143513419,0
2015-09-14 11:39:00,289,0.0228593270458,0
2015-09-14 11:50:00,297,0.00750506193556,0
2015-09-14 11:59:00,337,0.000189487206332,0
2015-09-14 12:09:00,365,0.00381238840673,0
2015-09-14 12:19:00,326,0.00578736948429,0
2015-09-14 12:29:00,345,0.00148944863675,0
2015-09-14 12:39:00,271,0.0145828879985,0
2015-09-14 12:49:00,293,0.00345974011849,0
2015-09-14 12:59:00,300,0.00156611145431,0
2015-09-14 13:07:00,277,0.00609106119657,0
2015-09-14 13:29:00,159,0.0261078122594,0
2015-09-14 13:48:00,157,0.0151598652263,0
2015-09-14 13:58:00,174,0.00811576901677,0
2015-09-14 14:09:00,172,0.00756975475668,0
2015-09-14 14:16:00,175,0.0062809063105,0
2015-09-14 14:26:00,155,0.0103546151351,0
2015-09-14 14:46:00,175,0.00127301956656,0
2015-09-14 15:06:00,145,0.00849031206355,0
2015-09-14 15:56:00,67,0.0241737560414,0
2015-09-14 16:26:00,166,0.00434044458837,0
2015-09-14 16:36:00,150,0.003845445394,0
2015-09-14 16:45:00,150,0.00669294315264,0
2015-09-14 17:06:00,144,0.0100412030884,0
2015-09-14 17:15:00,146,0.00914872564689,0
2015-09-14 17:26:00,186,0.000844628762542,0
2015-09-14 17:35:00,146,0.0127506500041,0
2015-09-14 17:46:00,144,0.010585080982,0
2015-09-14 18:36:00,143,0.00765465071208,0
2015-09-14 18:45:00,145,0.0076754475269,0
2015-09-14 18:56:00,158,0.00674310431065,0
2015-09-14 19:16:00,160,0.00740225344536,0
2015-09-14 19:46:00,153,0.00831657450027,0
2015-09-14 22:26:00,136,0.0112461586233,0
2015-09-14 22:46:00,144,0.00954100719995,0
2015-09-15 00:16:00,134,0.0104740276467,0
2015-09-15 02:35:00,131,0.00931459776135,0
2015-09-15 03:36:00,127,0.00988632091076,0
2015-09-15 03:46:00,130,0.00979545567362,0
2015-09-15 04:16:00,121,0.0100232163802,0
2015-09-15 04:46:00,122,0.00846422823756,0
2015-09-15 04:54:00,114,0.0112067691395,0
2015-09-15 05:06:00,112,0.0106224880701,0
2015-09-15 05:36:00,116,0.00795709939369,0
2015-09-15 05:46:00,120,0.00769568829946,0
2015-09-15 06:06:00,129,0.00718179227194,0
2015-09-15 06:16:00,130,0.0080062513357,0
2015-09-15 07:36:00,179,0.00244747213552,0
2015-09-15 07:46:00,172,0.00532984035497,0
2015-09-15 07:55:00,152,0.00989202989102,0
2015-09-15 08:05:00,158,0.00627090171136,0
2015-09-15 08:15:00,169,0.00496761278136,0
2015-09-15 08:26:00,199,0.000552968818484,0
2015-09-15 08:36:00,101,0.0230589400578,0
2015-09-15 08:46:00,196,0.00533261331534,0
2015-09-15 08:56:00,124,0.016889005514,0
2015-09-15 09:04:00,151,0.00683552299682,0
2015-09-15 09:16:00,192,0.00158078771668,0
2015-09-15 09:26:00,160,0.0110901548997,0
2015-09-15 09:36:00,146,0.0103916665808,0
2015-09-15 10:06:00,149,0.00788231693378,0
2015-09-15 11:46:00,261,0.0136518069447,0
2015-09-15 11:55:00,286,0.00614794769675,0
2015-09-15 12:04:00,257,0.0038907184203,0
2015-09-15 12:15:00,254,0.00259245135921,0
2015-09-15 12:26:00,182,0.0171600242075,0
2015-09-15 12:31:00,159,0.0140209973478,0
2015-09-15 12:46:00,163,0.00825763911876,0
2015-09-15 13:14:00,141,0.0132162495011,0
2015-09-15 13:46:00,129,0.0119718277693,0
2015-09-15 13:56:00,122,0.0102359183797,0
2015-09-15 14:05:00,94,0.0157185295984,0
2015-09-15 14:15:00,93,0.0128483020406,0
2015-09-15 14:26:00,117,0.00556762026991,0
2015-09-15 14:36:00,122,0.00651199023407,0
2015-09-15 14:45:00,119,0.00940090698438,0
2015-09-15 14:55:00,123,0.00744254955591,0
2015-09-15 15:34:00,157,0.000743055101845,0
2015-09-15 15:42:00,159,0.00573093394173,0
2015-09-15 16:34:00,138,0.00978768729922,0
2015-09-15 16:38:00,179,0.00102540935149,0
2015-09-15 17:15:00,149,0.00901501669324,0
2015-09-15 17:35:00,131,0.0123305213903,0
2015-09-15 17:53:00,148,0.00454441272815,0
2015-09-15 18:04:00,137,0.00851328036454,0
2015-09-15 18:55:00,145,0.00704175106024,0
2015-09-15 19:34:00,142,0.00774232237241,0
2015-09-15 20:15:00,148,0.00700385027548,0
2015-09-15 21:54:00,146,0.00828898376815,0
2015-09-15 22:35:00,151,0.00735015860919,0
2015-09-15 23:04:00,137,0.0104816779118,0
2015-09-16 00:45:00,124,0.0118225711665,0
2015-09-16 01:15:00,123,0.00979892180507,0
2015-09-16 01:53:00,120,0.00948451667164,0
2015-09-16 02:05:00,127,0.00823212048264,0
2015-09-16 02:15:00,137,0.00640906755955,0
2015-09-16 02:25:00,127,0.00860476320256,0
2015-09-16 03:05:00,121,0.00943674982755,0
2015-09-16 03:14:00,125,0.0081232681784,0
2015-09-16 03:35:00,125,0.00768132808766,0
2015-09-16 03:45:00,124,0.00781385428636,0
2015-09-16 03:54:00,128,0.00767449136425,0
2015-09-16 04:05:00,123,0.00876081754062,0
2015-09-16 04:15:00,126,0.00753263033193,0
2015-09-16 04:25:00,127,0.00799391645849,0
2015-09-16 04:35:00,125,0.00869578211818,0
2015-09-16 04:45:00,126,0.00800859020556,0
2015-09-16 05:03:00,422,0.0495050510115,0
2015-09-16 05:15:00,113,0.042557999747,0
2015-09-16 05:25:00,117,0.016502419097,0
2015-09-16 05:45:00,121,0.00773776475527,0
2015-09-16 05:55:00,122,0.0124657538312,0
2015-09-16 06:05:00,116,0.0101177597247,0
2015-09-16 06:15:00,123,0.00811653571037,0
2015-09-16 06:24:00,139,0.00482171944653,0
2015-09-16 06:55:00,140,0.00808464717137,0
2015-09-16 07:03:00,129,0.00915634405899,0
2015-09-16 07:25:00,152,0.00446566767794,0
2015-09-16 07:35:00,151,0.00596689971685,0
2015-09-16 07:44:00,157,0.00493355564281,0
2015-09-16 08:05:00,173,0.00264519544442,0
2015-09-16 08:15:00,180,0.00515822412518,0
2015-09-16 08:25:00,207,0.000726901623857,0
2015-09-16 08:35:00,294,0.0145604428003,0
2015-09-16 08:44:00,309,0.0054033829582,0
2015-09-16 08:54:00,344,0.00914093062209,0
2015-09-16 09:04:00,294,0.002812536578,0
2015-09-16 09:15:00,302,0.000877819511457,0
2015-09-16 09:25:00,242,0.0144493668483,0
2015-09-16 09:35:00,175,0.0179828468471,0
2015-09-16 09:44:00,143,0.0148832417667,0
2015-09-16 09:54:00,140,0.0148097278435,0
2015-09-16 10:15:00,155,0.00836010882854,0
2015-09-16 10:25:00,202,0.00124457071514,0
2015-09-16 10:35:00,217,9.68986187618e-05,0
2015-09-16 10:45:00,186,0.0116672053802,0
2015-09-16 10:55:00,260,0.00938154236121,0
2015-09-16 11:03:00,394,0.0268847212836,0
2015-09-16 11:14:00,324,0.00335108959575,0
2015-09-16 11:25:00,168,0.0290762930105,0
2015-09-16 12:35:00,128,0.0190198312243,0
2015-09-16 12:45:00,138,0.0112017478403,0
2015-09-16 12:55:00,133,0.0112986945526,0
2015-09-16 13:03:00,132,0.0086356074013,0
2015-09-16 13:15:00,148,0.00472510457437,0
2015-09-16 13:42:00,139,0.00836954272437,0
2015-09-16 13:55:00,133,0.00827682402424,0
2015-09-16 14:05:00,142,0.00599260741955,0
2015-09-16 14:15:00,155,0.00492538333338,0
2015-09-16 14:25:00,128,0.0109155509947,0
2015-09-16 14:35:00,168,0.000609715208105,0
2015-09-16 14:43:00,156,0.00864061719045,0
2015-09-16 14:55:00,157,0.00765131769465,0
2015-09-16 15:30:00,146,0.0084710915476,0
2015-09-16 15:41:00,169,0.00378831960383,0
2015-09-16 15:51:00,147,0.00975646273123,0
2015-09-16 16:10:00,145,0.00624124514936,0
2015-09-16 16:20:00,161,0.00321522722468,0
2015-09-16 16:31:00,150,0.0096314580803,0
2015-09-16 16:41:00,156,0.00548692956919,0
2015-09-16 16:51:00,136,0.00863078561358,0
2015-09-16 17:11:00,170,0.00289442492902,0
2015-09-16 17:20:00,160,0.00905839525026,0
2015-09-16 17:50:00,159,0.00710473962986,0
2015-09-16 18:11:00,135,0.0111905066166,0
2015-09-16 18:20:00,160,0.00545550162088,0
2015-09-16 18:51:00,142,0.00987846843424,0
2015-09-16 19:00:00,144,0.00733305884089,0
2015-09-16 19:09:00,131,0.00968971135151,0
2015-09-16 19:21:00,138,0.00722400097595,0
2015-09-16 19:41:00,139,0.00667200819313,0
2015-09-16 19:51:00,154,0.0047745089198,0
2015-09-16 20:01:00,145,0.00784017395019,0
2015-09-16 20:10:00,135,0.00875654608931,0
2015-09-16 20:21:00,141,0.00641184899846,0
2015-09-16 20:29:00,153,0.00525322740451,0
2015-09-16 20:40:00,129,0.0109020455022,0
2015-09-16 20:49:00,133,0.00730039812756,0
2015-09-16 21:11:00,136,0.00726984701885,0
2015-09-16 21:21:00,129,0.00918297048936,0
2015-09-16 21:31:00,137,0.00628435500939,0
2015-09-16 21:41:00,140,0.00626050846839,0
2015-09-16 21:51:00,134,0.00855034392979,0
2015-09-16 22:01:00,144,0.00575215815514,0
2015-09-16 22:11:00,167,0.00178445647545,0
2015-09-16 22:20:00,315,0.0236429907517,0
2015-09-16 22:31:00,435,0.0303911466201,0
2015-09-16 22:50:00,809,0.0859912233988,0
2015-09-16 23:01:00,939,0.0676734947958,0
2015-09-16 23:11:00,779,0.00990352440241,0
2015-09-16 23:21:00,635,0.0060508188606,0
2015-09-16 23:31:00,581,0.00295379117687,0
2015-09-16 23:41:00,1107,0.105474088399,0
2015-09-16 23:51:00,865,0.00414260453284,0
2015-09-17 00:00:00,650,0.023402658522,0
2015-09-17 00:11:00,419,0.0394941184108,0
2015-09-17 00:21:00,291,0.0413854025251,0
2015-09-17 00:31:00,139,0.0483173395664,0
2015-09-17 00:41:00,122,0.0283462803091,0
2015-09-17 00:51:00,130,0.0153944645096,0
2015-09-17 01:11:00,122,0.0155907713482,0
2015-09-17 01:21:00,127,0.0110503435689,0
2015-09-17 01:31:00,123,0.0126414229056,0
2015-09-17 01:41:00,137,0.00606681383821,0
2015-09-17 02:01:00,126,0.00658690224095,0
2015-09-17 02:10:00,130,0.00396523398783,0
2015-09-17 06:01:00,117,0.00737458854674,0
2015-09-17 06:10:00,119,0.0030056349799,0
2015-09-17 06:21:00,132,0.00116972249043,0
2015-09-17 06:31:00,114,0.00845816872987,0
2015-09-17 06:41:00,133,7.10077854803e-05,0
2015-09-17 07:01:00,124,0.000796253966107,0
2015-09-17 07:11:00,134,0.00370239740374,0
2015-09-17 07:30:00,147,0.00806196232274,0
2015-09-17 07:41:00,148,0.0047743214901,0
2015-09-17 07:51:00,159,0.0024858000815,0
2015-09-17 08:00:00,156,0.0108996341975,0
2015-09-17 08:11:00,167,0.00936003929147,0
2015-09-17 08:21:00,186,0.00505808697279,0
2015-09-17 08:31:00,220,0.000443156303497,0
2015-09-17 08:40:00,251,0.00217319786054,0
2015-09-17 08:51:00,287,0.00412520375075,0
2015-09-17 09:00:00,304,0.00337355567198,0
2015-09-17 09:11:00,294,0.00105933308769,0
2015-09-17 09:20:00,244,0.0106576868041,0
2015-09-17 09:31:00,210,0.0114547746874,0
2015-09-17 09:41:00,195,0.00991813167595,0
2015-09-17 09:51:00,226,0.00165893664423,0
2015-09-17 10:01:00,196,0.00983384710693,0
2015-09-17 10:11:00,263,0.00592098143289,0
2015-09-17 10:21:00,342,0.0154455812808,0
2015-09-17 10:31:00,372,0.0104600280153,0
2015-09-17 10:41:00,432,0.0175054599874,0
2015-09-17 10:51:00,427,0.00855309472382,0
2015-09-17 11:01:00,429,0.00687538681053,0
2015-09-17 11:11:00,461,0.0121722872552,0
2015-09-17 11:21:00,349,0.0141639377564,0
2015-09-17 11:29:00,256,0.0212361489995,0
2015-09-17 11:41:00,201,0.0191181153367,0
2015-09-17 11:51:00,113,0.0282247363349,0
2015-09-17 11:59:00,102,0.0182700200229,0
2015-09-17 12:11:00,88,0.015695936186,0
2015-09-17 12:21:00,70,0.0157835735575,0
2015-09-17 12:41:00,84,0.00978552314715,0
2015-09-17 12:51:00,154,0.00342342553777,0
2015-09-17 13:01:00,155,0.00337525176328,0
2015-09-17 13:10:00,149,0.00607962311976,0
2015-09-17 13:20:00,163,0.00302120150812,0
2015-09-17 13:28:00,158,0.00608269013017,0
2015-09-17 13:41:00,156,0.00593636571602,0
2015-09-17 13:50:00,140,0.00847909094352,0
2015-09-17 14:10:00,177,0.000256878632116,0
2015-09-17 14:21:00,160,0.00625542307229,0
2015-09-17 14:31:00,150,0.00694253150564,0
2015-09-17 14:41:00,153,0.00459807450011,0
2015-09-17 14:51:00,143,0.00841884436926,0
2015-09-17 15:00:00,151,0.00606070491672,0
2015-09-17 15:11:00,150,0.00676174757507,0
2015-09-17 15:21:00,149,0.00815834683512,0
2015-09-17 15:31:00,200,0.000991000248725,0
2015-09-17 15:34:00,218,0.000939545523651,0
2015-09-17 15:44:00,213,0.00543033005652,0
2015-09-17 15:54:00,211,0.00553717444001,0
2015-09-17 16:04:00,229,0.00152740928075,0
2015-09-17 16:13:00,235,0.00200660444977,0
2015-09-17 16:23:00,255,0.000349436512108,0
2015-09-17 16:34:00,189,0.0138449390502,0
2015-09-17 16:44:00,193,0.00590158015916,0
2015-09-17 17:00:00,216,0.00128260563669,0
2015-09-17 17:09:00,209,0.00574153570286,0
