timestamp,value,anomaly_score,label,S(t)_standard
2011-07-01 00:15:01,0.405422534525,0.0,0,0.0
2011-07-01 01:15:01,0.433961278227,1.0,0,0.0
2011-07-01 02:15:01,0.389267501625,1.0,0,0.0
2011-07-01 03:15:01,0.368098502243,0.254355400697,0,0.0
2011-07-01 04:15:01,0.365234426765,0.418118466899,0,0.0
2011-07-01 05:15:01,0.3428794869,0.156794425087,0,0.0
2011-07-01 06:15:01,0.320650020989,0.0383275261324,0,0.0
2011-07-01 07:15:01,0.328999171839,0.229965156794,0,0.0
2011-07-01 08:15:01,0.330918820695,0.202090592334,0,0.0
2011-07-01 09:15:01,0.396968683829,0.98606271777,0,0.0
2011-07-01 10:15:01,0.44347161212,1.0,0,0.0
2011-07-01 11:15:01,0.662412074347,1.0,0,0.0
2011-07-01 12:15:01,0.707460331375,0.0216903507859,0,0.0
2011-07-01 13:15:01,0.597161557559,0.000194067141635,0,0.0
2011-07-01 14:15:01,0.600127175161,0.000199863173671,0,0.0
2011-07-01 15:15:01,0.534812246524,0.000243633208705,0,0.0
2011-07-01 16:15:01,0.46917505741,6.73538895272e-05,0,0.0
2011-07-01 17:15:01,0.505456517193,0.000283405980266,0,0.0
2011-07-01 18:15:01,0.4535763584,0.000327975467995,0,0.0
2011-07-01 19:15:01,0.579827163973,0.000275811179666,0,0.0
2011-07-01 20:15:01,0.929018598624,2.61820757509e-05,0,0.0
2011-07-01 21:15:01,0.481969218049,7.7846706145e-05,0,0.0
2011-07-01 22:15:01,1.59456911756,2.75811179666e-05,0,0.0
2011-07-01 23:15:01,3.02086765513,1.43901485043e-05,0,0.0
2011-07-02 00:15:01,2.82484901469,7.99452694685e-06,0,0.0
2011-07-02 01:15:01,1.01660459594,8.43422592893e-05,0,0.0
2011-07-02 02:15:01,0.550420623732,3.59753712608e-06,0,0.0
2011-07-02 03:15:01,0.689861668363,0.0,0,0.0
2011-07-02 04:15:01,0.643394562177,4.4969214076e-05,0,0.0
2011-07-02 05:15:01,0.603330401792,0.000152695464685,0,0.0
2011-07-02 06:15:01,0.60099737106,1.0,0,0.0
2011-07-02 07:15:01,0.644907856905,1.0,0,0.0
2011-07-02 08:15:01,0.619896282481,0.514495918697,0,0.0
2011-07-02 09:15:01,0.711410835499,1.0,0,0.0
2011-07-02 10:15:01,0.823032683736,0.613410315908,0,0.0
2011-07-02 11:15:01,0.982650117997,0.815849517998,0,0.0
2011-07-02 12:15:01,1.82198845938,0.88722559432,0,0.0
2011-07-02 13:15:01,1.4539117855,0.962845198348,0,0.0
2011-07-02 14:15:01,1.33707622155,0.301291856714,0,0.0
2011-07-02 15:15:01,1.08711717782,0.276006711653,0,0.0
2011-07-02 16:15:01,0.91170299956,0.973620141475,0,0.0
2011-07-02 17:15:01,0.803212193223,0.192965301607,0,0.0
2011-07-02 18:15:01,1.11925182413,1.0,0,0.0
2011-07-02 19:15:01,0.747777030865,0.109998907107,0,0.0
2011-07-02 20:15:01,0.79998925588,0.045532921174,0,0.0
2011-07-02 21:15:01,0.765987648091,0.882863606717,0,0.0
2011-07-02 22:15:01,0.705948517041,0.852084715365,0,0.0
2011-07-02 23:15:01,1.45388610672,0.923022260177,0,0.0
2011-07-03 00:15:01,1.38902113011,0.278955802864,0,0.0
2011-07-03 01:15:01,0.925834177713,0.333806408155,0,0.0
2011-07-03 02:15:01,0.831415320602,0.405704262779,0,0.0
2011-07-03 03:15:01,0.483019261215,0.791955435835,0,0.0
2011-07-03 04:15:01,0.693500280828,1.0,0,0.0
2011-07-03 05:15:01,0.680136615604,0.260438069993,0,0.0
2011-07-03 06:15:01,0.696506878058,1.0,0,0.0
2011-07-03 07:15:01,0.742017606353,0.249543498512,0,0.0
2011-07-03 08:15:01,0.713239099849,0.225274821284,0,0.0
2011-07-03 09:15:01,0.757453614431,0.275539726418,0,0.0
2011-07-03 10:15:01,0.963004377293,0.0145548862137,0,0.0
2011-07-03 11:15:01,1.6822211246,1.0,0,0.0
2011-07-03 12:15:01,2.07516028693,0.023225913176,0,0.0
2011-07-03 13:15:01,1.94973024968,0.0871220268228,0,0.0
2011-07-03 14:15:01,1.38908773657,0.376119433211,0,0.0
2011-07-03 15:15:01,1.11706077222,0.432650095232,0,0.0
2011-07-03 16:15:01,1.00365466979,0.612502571765,0,0.0
2011-07-03 17:15:01,0.959327269607,0.0912416098961,0,0.0
2011-07-03 18:15:01,0.835083924374,0.109860379242,0,0.0
2011-07-03 19:15:01,0.814624009308,0.342928221863,0,0.0
2011-07-03 20:15:01,0.827716419656,0.0986035010845,0,0.0
2011-07-03 21:15:01,0.882878070554,0.269380075993,0,0.0
2011-07-03 22:15:01,0.997623517817,0.108224605933,0,0.0
2011-07-03 23:15:01,1.74638339578,0.574326738887,0,0.0
2011-07-04 00:15:01,1.43257308234,0.620232689014,0,0.0
2011-07-04 01:15:01,0.943704898459,0.237816117374,0,0.0
2011-07-04 02:15:01,0.558643628895,0.176179026176,0,0.0
2011-07-04 03:15:01,0.715673181984,0.121106911665,0,0.0
2011-07-04 04:15:01,0.732596504133,0.135892499707,0,0.0
2011-07-04 05:15:01,0.640847995481,0.245952606482,0,0.0
2011-07-04 06:15:01,0.623399850096,0.208106374742,0,0.0
2011-07-04 07:15:01,0.674131851371,0.0975236106229,0,0.0
2011-07-04 08:15:01,0.781035713426,0.205321500159,0,0.0
2011-07-04 09:15:01,0.684518122173,0.117990273614,0,0.0
2011-07-04 10:15:01,0.899108227688,0.177868013389,0,0.0
2011-07-04 11:15:01,1.63733247215,0.442232869353,0,0.0
2011-07-04 12:15:01,1.74557145559,0.185500486279,0,0.0
2011-07-04 13:15:01,1.97659441357,0.72639910787,0,0.0
2011-07-04 14:15:01,1.58846906697,0.0508470538328,0,0.0
2011-07-04 15:15:01,1.04741587993,0.22573329281,0,0.0
2011-07-04 16:15:01,0.678772584881,0.090511687136,0,0.0
2011-07-04 17:15:01,0.602611129637,0.167003732975,0,0.0
2011-07-04 18:15:01,0.570830160915,0.0276304531802,0,0.0
2011-07-04 19:15:01,0.550038076316,0.0201566347389,0,0.0
2011-07-04 20:15:01,0.59489693004,0.0814452206915,0,0.0
2011-07-04 21:15:01,0.582188580506,0.0426819110529,0,0.0
2011-07-04 22:15:01,0.675870716328,0.257708104682,0,0.0
2011-07-04 23:15:01,1.05814892078,0.106760159208,0,0.0
2011-07-05 00:15:01,1.09302018155,0.32735962092,0,0.0
2011-07-05 01:15:01,0.619185328719,0.454606447662,0,0.0
2011-07-05 02:15:01,0.546216679365,0.128958897152,0,0.0
2011-07-05 03:15:01,0.43930623552,0.433137077256,0,0.0
2011-07-05 04:15:01,0.464924821965,0.243644572722,0,0.0
2011-07-05 05:15:01,0.457552001746,0.248429977039,0,0.0
2011-07-05 06:15:01,0.426136705088,0.0227539943042,0,0.0
2011-07-05 07:15:01,0.463126895367,0.0282825487462,0,0.0
2011-07-05 08:15:01,0.470788232029,0.222045747372,0,0.0
2011-07-05 09:15:01,0.438059738418,0.0161139054726,0,0.0
2011-07-05 10:15:01,0.750424972956,0.0384824424869,0,0.0
2011-07-05 11:15:01,0.787270610412,0.471421704565,0,0.0
2011-07-05 12:15:01,1.07755946225,0.0375066649566,0,0.0
2011-07-05 13:15:01,0.998522373197,0.256242887662,0,0.0
2011-07-05 14:15:01,0.952744270496,0.00772904607008,0,0.0
2011-07-05 15:15:01,0.707829298362,0.0603876464607,0,0.0
2011-07-05 16:15:01,0.612651923352,0.0437713875242,0,0.0
2011-07-05 17:15:01,0.582697780816,0.128284517801,0,0.0
2011-07-05 18:15:01,0.650834949828,0.0674643225794,0,0.0
2011-07-05 19:15:01,0.616827982495,0.0384373664419,0,0.0
2011-07-05 20:15:01,0.588550728092,0.205052431842,0,0.0
2011-07-05 21:15:01,0.525827739324,0.125792343708,0,0.0
2011-07-05 22:15:01,0.580492705313,0.154560093521,0,0.0
2011-07-05 23:15:01,0.850236788743,0.0332860191839,0,0.0
2011-07-06 00:15:01,0.989699069715,0.1079248118,0,0.0
2011-07-06 01:15:01,0.542059746448,0.438034887085,0,0.0
2011-07-06 02:15:01,0.417662676746,0.12260976521,0,0.0
2011-07-06 03:15:01,0.42774941839,0.0390170018843,0,0.0
2011-07-06 04:15:01,0.42921970945,0.179438848621,0,0.0
2011-07-06 05:15:01,0.407084105315,0.0580600025797,0,0.0
2011-07-06 06:15:01,0.419973474988,0.121758246379,0,0.0
2011-07-06 07:15:01,0.419987213504,0.145333866172,0,0.0
2011-07-06 08:15:01,0.419571904869,0.068272053387,0,0.0
2011-07-06 09:15:01,0.542099108317,0.0254724996469,0,0.0
2011-07-06 10:15:01,0.523028762708,0.213283077908,0,0.0
2011-07-06 11:15:01,0.860811277047,0.22868368972,0,0.0
2011-07-06 12:15:01,1.03834696676,0.00182768408982,0,0.0
2011-07-06 13:15:01,1.02756469696,0.0300077019886,0,0.0
2011-07-06 14:15:01,0.726965750121,0.186864684104,0,0.0
2011-07-06 15:15:01,0.697692029382,0.123760451959,0,0.0
2011-07-06 16:15:01,0.61312845603,0.106109833971,0,0.0
2011-07-06 17:15:01,0.589332440756,0.0104399635931,0,0.0
2011-07-06 18:15:01,0.70509726472,0.10750802659,0,0.0
2011-07-06 19:15:01,0.684018898444,0.109529769811,0,0.0
2011-07-06 20:15:01,0.453724582931,0.20351870959,0,0.0
2011-07-06 21:15:01,0.689319329302,0.250627480587,0,0.0
2011-07-06 22:15:01,0.56934558103,0.300450513237,0,0.0
2011-07-06 23:15:01,0.593638974059,0.211337394481,0,0.0
2011-07-07 00:15:01,0.495223004774,0.292726012557,0,0.0
2011-07-07 01:15:01,0.533024251743,0.0635055900386,0,0.0
2011-07-07 02:15:01,0.513768520467,0.112890347805,0,0.0
2011-07-07 05:15:01,0.484609943601,0.250243094423,0,0.0
2011-07-07 06:15:01,0.372865059711,0.0126936905113,0,0.0
2011-07-07 07:15:01,0.580024914694,0.134237436288,0,0.0
2011-07-07 08:15:01,0.448067683962,0.339164893907,0,0.0
2011-07-07 09:15:01,0.613364729387,0.266906785567,0,0.0
2011-07-07 10:15:01,0.618467559655,0.0872042073017,0,0.0
2011-07-07 11:15:01,0.838079048024,0.300440454449,0,0.0
2011-07-07 12:15:01,1.2565580859,0.528415451029,0,0.0
2011-07-07 13:15:01,1.14752664089,0.260622453313,0,0.0
2011-07-07 14:15:01,1.01583644619,0.0618428525592,0,0.0
2011-07-07 15:15:01,0.913571537965,0.194325912317,0,0.0
2011-07-07 16:15:01,0.618304360192,0.14130666695,0,0.0
2011-07-07 17:15:01,0.763646369801,0.235504554049,0,0.0
2011-07-07 18:15:01,0.764605470099,0.00742204689146,0,0.0
2011-07-07 19:15:01,1.21798800094,0.797956968734,0,0.0
2011-07-07 20:15:01,1.01495047186,0.383805252662,0,0.0
2011-07-07 21:15:01,1.03107344633,0.400808004473,0,0.0
2011-07-07 22:15:01,0.876598530712,0.147835034138,0,0.0
2011-07-07 23:15:01,0.552934085566,0.413955551997,0,0.0
2011-07-08 00:15:01,0.49550387185,0.153282119546,0,0.0
2011-07-08 01:15:01,0.847840103159,0.333030000975,0,0.0
2011-07-08 02:15:01,0.643240884261,0.429998295305,0,0.0
2011-07-08 06:15:01,0.706602697276,0.261043981707,0,0.0
2011-07-08 09:15:01,0.681349823745,0.101306949869,0,0.0
2011-07-08 10:15:01,0.590646181328,0.00335231423425,0,0.0
2011-07-08 14:15:01,1.24385033027,0.924926544056,0,0.0
2011-07-08 16:15:01,2.59258016906,1.0,0,0.0
2011-07-08 17:15:01,1.3542439637,0.748439579723,0,0.0
2011-07-08 18:15:01,0.700856342781,0.0241393087246,0,0.0
2011-07-08 19:15:01,0.970253925004,0.16001347912,0,0.0
2011-07-08 20:15:01,1.18064743289,0.0411888309381,0,0.0
2011-07-08 21:15:01,1.04666954508,0.0420176642394,0,0.0
2011-07-08 22:15:01,1.09588027648,0.0375525397265,0,0.0
2011-07-08 23:15:01,0.989867032787,0.111346442802,0,0.0
2011-07-09 09:15:01,0.722730241672,0.127115334284,0,0.0
2011-07-09 15:15:01,0.672810392706,0.0565005813993,0,0.0
2011-07-09 17:15:01,0.730694412571,0.00229178600892,0,0.0
2011-07-09 18:15:01,1.1065965848,0.286239868202,0,0.0
2011-07-09 19:15:01,0.951126681146,0.465758655338,0,0.0
2011-07-09 20:15:01,0.86612700358,0.0937219761488,0,0.0
2011-07-09 21:15:01,0.822021986321,0.0572819418069,0,0.0
2011-07-09 22:15:01,1.03145922094,0.224555235497,0,0.0
2011-07-09 23:15:01,1.16544612166,0.0942012433437,0,0.0
2011-07-10 00:15:01,1.05581045236,0.149057265248,0,0.0
2011-07-10 01:15:01,0.933769979761,0.0937098694676,0,0.0
2011-07-10 02:15:01,0.852321869447,0.0739086079598,0,0.0
2011-07-10 03:15:01,0.562376237624,0.000889553933718,0,0.0
2011-07-10 04:15:01,0.690265027243,0.0664018415835,0,0.0
2011-07-10 05:15:01,0.661577265667,0.0389593521082,0,0.0
2011-07-10 06:15:01,0.683708791707,0.318711008565,0,0.0
2011-07-10 07:15:01,0.585272294012,0.241940136666,0,0.0
2011-07-10 08:15:01,0.725823769416,0.0370506622141,0,0.0
2011-07-10 09:15:01,1.06548190842,0.438302411588,0,0.0
2011-07-10 10:15:01,0.812296171035,0.327339283212,0,0.0
2011-07-10 11:15:01,1.15012216089,0.437813075727,0,0.0
2011-07-10 12:15:01,1.91079022846,0.471064010586,0,0.0
2011-07-10 13:15:01,1.89823760173,0.148144645004,0,0.0
2011-07-10 14:15:01,1.60666972834,0.23699311414,0,0.0
2011-07-10 15:15:01,1.36903179016,0.0431115820436,0,0.0
2011-07-10 16:15:01,1.23539136879,0.133910295497,0,0.0
2011-07-10 17:15:01,1.30004968561,0.139028051121,0,0.0
2011-07-10 18:15:01,1.02969040624,0.16194078172,0,0.0
2011-07-10 19:15:01,0.932536450273,0.117537064496,0,0.0
2011-07-10 20:15:01,0.931886464036,0.00282436899597,0,0.0
2011-07-10 21:15:01,0.863524014067,0.00544355734867,0,0.0
2011-07-10 22:15:01,0.991745182096,0.143280093691,0,0.0
2011-07-10 23:15:01,0.862854251012,0.2744277978,0,0.0
2011-07-11 00:15:01,0.747998448544,0.0954667912389,0,0.0
2011-07-11 01:15:01,0.850183503168,0.0750408230628,0,0.0
2011-07-11 02:15:01,0.654526695899,0.099305097853,0,0.0
2011-07-11 03:15:01,0.728679424723,0.0529771198442,0,0.0
2011-07-11 04:15:01,0.690021862785,0.108685225477,0,0.0
2011-07-11 05:15:01,0.698213122487,0.060849148076,0,0.0
2011-07-11 06:15:01,0.638280829834,0.145521379772,0,0.0
2011-07-11 07:15:01,0.671747063098,0.0267057292112,0,0.0
2011-07-11 08:15:01,0.641360186156,0.0656307488495,0,0.0
2011-07-11 09:15:01,0.588559867574,0.137979589913,0,0.0
2011-07-11 10:15:01,0.97926990996,0.299802767697,0,0.0
2011-07-11 11:15:01,2.03972428805,0.707175584294,0,0.0
2011-07-11 12:15:01,1.43419613562,0.523081865254,0,0.0
2011-07-11 13:15:01,1.50993833205,0.397780067147,0,0.0
2011-07-11 14:15:01,1.39176641082,0.189033215036,0,0.0
2011-07-11 15:15:01,1.10735535393,0.016029337227,0,0.0
2011-07-11 16:15:01,0.997729716812,0.0455219484912,0,0.0
2011-07-11 17:15:01,0.838516364175,0.172393585499,0,0.0
2011-07-11 18:15:01,0.591521865594,0.00597185403347,0,0.0
2011-07-11 19:15:01,0.523210749244,0.177015622296,0,0.0
2011-07-11 20:15:01,0.50741379187,0.0872462941499,0,0.0
2011-07-11 21:15:01,0.538820681939,0.128421096831,0,0.0
2011-07-11 22:15:01,0.537126366514,0.0492316312478,0,0.0
2011-07-11 23:15:01,0.575014047574,0.196096155605,0,0.0
2011-07-12 00:15:01,0.434892834119,0.187732490356,0,0.0
2011-07-12 01:15:01,0.568473258729,0.0101564395644,0,0.0
2011-07-12 02:15:01,0.576361277601,0.114431189872,0,0.0
2011-07-12 03:15:01,0.561665799733,0.117888400321,0,0.0
2011-07-12 04:15:01,0.506676771373,0.000807138501564,0,0.0
2011-07-12 05:15:01,0.532992059663,0.175805544307,0,0.0
2011-07-12 06:15:01,0.533646651609,0.00452705107247,0,0.0
2011-07-12 07:15:01,0.543344592151,0.02454715474,0,0.0
2011-07-12 08:15:01,0.63393689344,0.05503196593,0,0.0
2011-07-12 09:15:01,0.673402868318,0.0321002548157,0,0.0
2011-07-12 10:15:01,0.670085200379,0.269644919504,0,0.0
2011-07-12 11:15:01,0.702719812998,0.103029945845,0,0.0
2011-07-12 12:15:01,0.995558682556,0.0459648741632,0,0.0
2011-07-12 13:15:01,1.16926536732,0.101864922723,0,0.0
2011-07-12 14:15:01,1.01409928115,0.00541223591703,0,0.0
2011-07-12 15:15:01,0.996637659048,0.0807134209844,0,0.0
2011-07-12 16:15:01,0.679225381434,0.19873046184,0,0.0
2011-07-12 17:15:01,0.75814025419,0.172276572149,0,0.0
2011-07-12 18:15:01,0.763981210671,0.0108077350271,0,0.0
2011-07-12 19:15:01,0.708667855921,0.0510381008463,0,0.0
2011-07-12 20:15:01,0.714510023353,0.0280689125204,0,0.0
2011-07-12 21:15:01,0.762345540039,0.0467716832569,0,0.0
2011-07-12 22:15:01,0.703105906489,0.0507873839507,0,0.0
2011-07-12 23:15:01,0.707826549505,0.0128999358889,0,0.0
2011-07-13 00:15:01,0.57670519965,0.188199027841,0,0.0
2011-07-13 01:15:01,0.679474448094,0.0391092911609,0,0.0
2011-07-13 02:15:01,0.557389600963,0.185897262034,0,0.0
2011-07-13 03:15:01,0.531382043611,0.0600258749826,0,0.0
2011-07-13 04:15:01,0.529654200621,0.028881762018,0,0.0
2011-07-13 05:15:01,0.519767135236,0.0865164018614,0,0.0
2011-07-13 06:15:01,0.512662431177,0.018719458827,0,0.0
2011-07-13 07:15:01,0.555591534137,0.109024339976,0,0.0
2011-07-13 08:15:01,0.656115012713,0.0920938041465,0,0.0
2011-07-13 09:15:01,0.78798286152,0.00490316267096,0,0.0
2011-07-13 10:15:01,0.692587249625,0.0753603981611,0,0.0
2011-07-13 11:15:01,0.935283109196,0.182970761927,0,0.0
2011-07-13 12:15:01,1.07905121568,0.01732398531,0,0.0
2011-07-13 13:15:01,1.26547389169,0.205396815673,0,0.0
2011-07-13 14:15:01,0.758122743682,0.422775043914,0,0.0
2011-07-13 15:15:01,0.861263139606,0.248715844741,0,0.0
2011-07-13 16:15:01,0.818969842122,0.0767953507633,0,0.0
2011-07-13 17:15:01,0.781863718801,0.0221137805748,0,0.0
2011-07-13 18:15:01,0.754097953198,0.0471679523494,0,0.0
2011-07-13 19:15:01,0.734934125478,0.0607143358687,0,0.0
2011-07-13 20:15:01,0.690540979909,3.32024948052e-05,0,0.0
2011-07-13 21:15:01,0.729830698994,0.0187809808362,0,0.0
2011-07-13 22:15:01,0.75001446262,0.0302756849206,0,0.0
2011-07-13 23:15:01,0.788613597882,0.0207160403208,0,0.0
2011-07-14 00:15:01,0.599371499577,0.157246446077,0,0.0
2011-07-14 01:15:01,0.618132010667,0.0512305691733,0,0.0
2011-07-14 02:15:01,0.492632136346,0.0953631203453,0,0.0
2011-07-14 03:15:01,0.433984949291,0.153711062174,0,0.0
2011-07-14 04:15:01,0.401924624437,0.0385422296612,0,0.0
2011-07-14 05:15:01,0.391060382405,0.142980529732,0,0.0
2011-07-14 06:15:01,0.394108266834,0.0314320255669,0,0.0
2011-07-14 07:15:01,0.414870889838,0.147001333334,0,0.0
2011-07-14 08:15:01,0.459231967846,0.0415289507425,0,0.0
2011-07-14 09:15:01,0.554594329429,0.0209649246432,0,0.0
2011-07-14 10:15:01,0.586447433981,0.142820966628,0,0.0
2011-07-14 11:15:01,0.774360121165,0.0903022105217,0,0.0
2011-07-14 12:15:01,1.09174200349,0.149754970409,0,0.0
2011-07-14 13:15:01,1.02217110037,0.037283531177,0,0.0
2011-07-14 14:15:01,0.927402784199,0.023880441757,0,0.0
2011-07-14 15:15:01,0.758385916177,0.0874565730412,0,0.0
2011-07-14 16:15:01,0.628370275811,0.0665297677691,0,0.0
2011-07-14 17:15:01,0.620875293673,0.0604662087295,0,0.0
2011-07-14 18:15:01,0.599521386669,0.0424975755851,0,0.0
2011-07-14 19:15:01,0.571684647103,0.0187024663786,0,0.0
2011-07-14 20:15:01,0.553937947494,0.0644385527691,0,0.0
2011-07-14 21:15:01,0.583300039952,0.00862775142095,0,0.0
2011-07-14 22:15:01,0.54794987059,0.132989304517,0,0.0
2011-07-14 23:15:01,0.584078029022,0.00203569839374,0,0.0
2011-07-15 00:15:01,0.470730436595,0.227674375508,0,0.0
2011-07-15 01:15:01,0.613684756703,0.121290985064,0,0.0
2011-07-15 02:15:01,0.500075260381,0.169778948453,0,0.0
2011-07-15 03:15:01,0.465845307932,0.000542197282375,0,0.0
2011-07-15 04:15:01,0.41024236317,0.0984967156857,0,0.0
2011-07-15 05:15:01,0.387587791441,0.0533684735689,0,0.0
2011-07-15 06:15:01,0.424290111819,0.0437999930647,0,0.0
2011-07-15 07:15:01,0.419710942605,0.0942130805519,0,0.0
2011-07-15 08:15:01,0.490660629494,0.0327955254355,0,0.0
2011-07-15 09:15:01,0.579498460973,0.0471659666771,0,0.0
2011-07-15 10:15:01,0.629326672567,0.00568758693558,0,0.0
2011-07-15 11:15:01,0.678068562505,0.10613807103,0,0.0
2011-07-15 12:15:01,0.92753386871,0.170142899284,0,0.0
2011-07-15 13:15:01,0.999694137996,0.0319763684626,0,0.0
2011-07-15 14:15:01,0.666268214936,0.196289340239,0,0.0
2011-07-15 15:15:01,0.697556091181,0.104776205759,0,0.0
2011-07-15 16:15:01,0.641203792909,0.0605191295889,0,0.0
2011-07-15 17:15:01,0.63342731861,0.0231143135591,0,0.0
2011-07-15 18:15:01,0.582036667388,0.0374719144525,0,0.0
2011-07-15 19:15:01,0.563113818597,0.0184739884052,0,0.0
2011-07-15 20:15:01,0.526980162514,0.0597325537093,0,0.0
2011-07-15 21:15:01,0.52827791804,0.015763555853,0,0.0
2011-07-15 22:15:01,0.475220574063,0.116869936468,0,0.0
2011-07-15 23:15:01,0.447709441696,0.0601663438958,0,0.0
2011-07-16 00:15:01,0.573151033543,0.00840751350958,0,0.0
2011-07-16 01:15:01,0.660520510001,0.00515062116272,0,0.0
2011-07-16 02:15:01,0.653658941313,0.0284473875917,0,0.0
2011-07-16 03:15:01,0.54005469609,0.10233321492,0,0.0
2011-07-16 04:15:01,0.515772970517,0.00410518331272,0,0.0
2011-07-16 05:15:01,0.429273997931,0.135255246754,0,0.0
2011-07-16 06:15:01,0.407590018152,0.025898921189,0,0.0
2011-07-16 07:15:01,0.421466054048,0.11041198419,0,0.0
2011-07-16 08:15:01,0.530038045387,0.0668001012492,0,0.0
2011-07-16 09:15:01,0.57930338213,0.0269379387029,0,0.0
2011-07-16 10:15:01,0.770295651048,0.124384331409,0,0.0
2011-07-16 11:15:01,0.808551183638,0.0108832719722,0,0.0
2011-07-16 12:15:01,0.841766168283,0.0174450513082,0,0.0
2011-07-16 13:15:01,1.14397851684,0.295378648066,0,0.0
2011-07-16 14:15:01,0.693110948221,0.411117766064,0,0.0
2011-07-16 15:15:01,0.765183723366,0.265387674803,0,0.0
2011-07-16 16:15:01,0.679417321464,0.158626918426,0,0.0
2011-07-16 17:15:01,0.599942000367,0.0124460674062,0,0.0
2011-07-16 18:15:01,0.577088263652,0.0215915821954,0,0.0
2011-07-16 19:15:01,0.61229276245,0.0266467497403,0,0.0
2011-07-16 22:15:01,0.554915456933,0.0331548977174,0,0.0
2011-07-16 23:15:01,0.558064606445,0.0104515495753,0,0.0
2011-07-17 00:15:01,0.551861184907,0.0138291433518,0,0.0
2011-07-17 01:15:01,0.61407608019,0.0240116825103,0,0.0
2011-07-17 02:15:01,0.614105010588,0.0278386259885,0,0.0
2011-07-17 03:15:01,0.547997259079,0.174418247718,0,0.0
2011-07-17 04:15:01,0.52247125088,0.0133927530799,0,0.0
2011-07-17 05:15:01,0.44803768545,0.144742191856,0,0.0
2011-07-17 06:15:01,0.422634977534,0.00731476283113,0,0.0
2011-07-17 07:15:01,0.449383287256,0.0712163849443,0,0.0
2011-07-17 08:15:01,0.48685191239,0.0805617478013,0,0.0
2011-07-17 09:15:01,0.55355034739,0.0577933672913,0,0.0
2011-07-17 10:15:01,0.751857084264,0.173751572399,0,0.0
2011-07-17 11:15:01,0.752667091441,0.0350915064586,0,0.0
2011-07-17 12:15:01,0.929141547083,0.119199324674,0,0.0
2011-07-17 13:15:01,1.20847661477,0.253450486109,0,0.0
2011-07-17 14:15:01,0.779651764165,0.397698018804,0,0.0
2011-07-17 15:15:01,0.842350417376,0.188967731998,0,0.0
2011-07-17 16:15:01,0.660812279132,0.240131575291,0,0.0
2011-07-17 17:15:01,0.604369143437,0.0431564505485,0,0.0
2011-07-17 18:15:01,0.545339087944,0.048203921132,0,0.0
2011-07-17 19:15:01,0.553533960498,0.0115282998875,0,0.0
2011-07-17 20:15:01,0.548774325402,0.00754338572565,0,0.0
2011-07-17 21:15:01,0.538358082874,0.0333478094569,0,0.0
2011-07-17 22:15:01,0.53644178623,0.0219375441727,0,0.0
2011-07-17 23:15:01,0.534592977484,0.0773170993658,0,0.0
2011-07-18 00:15:01,0.512258339014,0.0632748941772,0,0.0
2011-07-18 01:15:01,0.566221756929,0.0734321110992,0,0.0
2011-07-18 02:15:01,0.522523408729,0.0594959337471,0,0.0
2011-07-18 03:15:01,0.471140262255,0.0858906190496,0,0.0
2011-07-18 04:15:01,0.427749227361,0.042668406273,0,0.0
2011-07-18 05:15:01,0.389042222628,0.103443207744,0,0.0
2011-07-18 06:15:01,0.383151727687,0.0166646664382,0,0.0
2011-07-18 07:15:01,0.431656005927,0.0963817611081,0,0.0
2011-07-18 08:15:01,0.450789800048,0.0149916976567,0,0.0
2011-07-18 09:15:01,0.579229368551,0.0294490964669,0,0.0
2011-07-18 10:15:01,0.619556840077,0.0728353506814,0,0.0
2011-07-18 11:15:01,0.723378174503,0.0348629622078,0,0.0
2011-07-18 12:15:01,1.01502410409,0.159586922757,0,0.0
2011-07-18 13:15:01,0.846268382728,0.150956079859,0,0.0
2011-07-18 14:15:01,0.839328087923,0.0661788583374,0,0.0
2011-07-18 15:15:01,0.725356643836,0.0624341793614,0,0.0
2011-07-18 16:15:01,0.724121952079,0.0856500305839,0,0.0
2011-07-18 17:15:01,0.651006083675,0.0317604823387,0,0.0
2011-07-18 18:15:01,0.602683655851,0.00262638763204,0,0.0
2011-07-18 19:15:01,0.586257084968,0.00938396928502,0,0.0
2011-07-18 20:15:01,0.562953513723,0.0386021044394,0,0.0
2011-07-18 21:15:01,0.515027143549,0.0353370701505,0,0.0
2011-07-18 22:15:01,0.51568420058,0.0476090050635,0,0.0
2011-07-18 23:15:01,0.520976591741,0.0261955589262,0,0.0
2011-07-19 00:15:01,0.443980609863,0.157855445131,0,0.0
2011-07-19 01:15:01,0.616688653055,0.129771281585,0,0.0
2011-07-19 02:15:01,0.543115927044,0.128154285362,0,0.0
2011-07-19 03:15:01,0.453472535098,0.0346320180663,0,0.0
2011-07-19 04:15:01,0.42156878009,0.0832421918928,0,0.0
2011-07-19 05:15:01,0.354035310108,0.0630680678543,0,0.0
2011-07-19 06:15:01,0.338454738679,0.0969465553242,0,0.0
2011-07-19 07:15:01,0.410903748263,0.00647035162582,0,0.0
2011-07-19 08:15:01,0.447593728971,0.0372661138981,0,0.0
2011-07-19 09:15:01,0.55913499836,0.020821944409,0,0.0
2011-07-19 10:15:01,0.719621810927,0.0877234239038,0,0.0
2011-07-19 11:15:01,0.767196681645,0.0507483044631,0,0.0
2011-07-19 12:15:01,0.942294520548,0.167181888035,0,0.0
2011-07-19 13:15:01,1.0032383212,0.0200374378768,0,0.0
2011-07-19 14:15:01,0.862942524284,0.0321834720393,0,0.0
2011-07-19 15:15:01,0.733837310024,0.0342922775814,0,0.0
2011-07-19 16:15:01,0.625142679429,0.0483109266702,0,0.0
2011-07-19 17:15:01,0.509370235269,0.104121252251,0,0.0
2011-07-19 18:15:01,0.53930596467,0.0494503308916,0,0.0
2011-07-19 19:15:01,0.50644543215,0.0484202330828,0,0.0
2011-07-19 20:15:01,0.488141028621,0.0197115377657,0,0.0
2011-07-19 21:15:01,0.436814157173,0.0528865559922,0,0.0
2011-07-19 22:15:01,0.47635140278,0.0217472205934,0,0.0
2011-07-19 23:15:01,0.457919393325,0.0713503088572,0,0.0
2011-07-20 00:15:01,0.4295801077,0.108682985298,0,0.0
2011-07-20 01:15:01,0.564498167608,0.0481782227399,0,0.0
2011-07-20 02:15:01,0.509544562716,0.112704689202,0,0.0
2011-07-20 03:15:01,0.463203968782,0.00637660702021,0,0.0
2011-07-20 04:15:01,0.407072030767,0.0740626035942,0,0.0
2011-07-20 05:15:01,0.358862801122,0.0434733459655,0,0.0
2011-07-20 06:15:01,0.373697236561,0.0341954278793,0,0.0
2011-07-20 07:15:01,0.439205007516,0.0196916317702,0,0.0
2011-07-20 08:15:01,0.415318662475,0.086319086667,0,0.0
2011-07-20 09:15:01,0.542676839911,0.0431981138876,0,0.0
2011-07-20 10:15:01,0.575836639641,0.0804579632659,0,0.0
2011-07-20 11:15:01,0.693750209668,0.03389640503,0,0.0
2011-07-20 12:15:01,0.958649679038,0.16850362623,0,0.0
2011-07-20 13:15:01,0.978838236235,0.000273878810555,0,0.0
2011-07-20 14:15:01,0.847355615316,0.0130369403697,0,0.0
2011-07-20 15:15:01,0.662280939932,0.0859136881124,0,0.0
2011-07-20 16:15:01,0.583318113117,0.0115401322327,0,0.0
2011-07-20 17:15:01,0.533766852362,0.0487643241724,0,0.0
2011-07-20 18:15:01,0.534896914979,0.0377676969064,0,0.0
2011-07-20 19:15:01,0.49444521527,0.046671170497,0,0.0
2011-07-20 20:15:01,0.472729580661,0.00548033195004,0,0.0
2011-07-20 21:15:01,0.480673062305,0.00157066228591,0,0.0
2011-07-20 22:15:01,0.423097534834,0.0854540841362,0,0.0
2011-07-20 23:15:01,0.486307654948,0.0185676572731,0,0.0
2011-07-21 00:15:01,0.422066413938,0.158794599906,0,0.0
2011-07-21 01:15:01,0.519997336916,0.0283626902836,0,0.0
2011-07-21 02:15:01,0.503462395529,0.0672674272331,0,0.0
2011-07-21 03:15:01,0.443251378533,0.0392979440919,0,0.0
2011-07-21 04:15:01,0.384122851996,0.0638161702214,0,0.0
2011-07-21 05:15:01,0.362461723631,0.0319300584424,0,0.0
2011-07-21 06:15:01,0.362696176533,0.0600486752814,0,0.0
2011-07-21 07:15:01,0.382357225458,0.0501018266235,0,0.0
2011-07-21 08:15:01,0.409054677065,0.033864589152,0,0.0
2011-07-21 09:15:01,0.529625586473,0.0361945833169,0,0.0
2011-07-21 10:15:01,0.575244382969,0.0243488935867,0,0.0
2011-07-21 11:15:01,0.5888,0.0841578959513,0,0.0
2011-07-21 12:15:01,0.847774407738,0.163399703761,0,0.0
2011-07-21 13:15:01,0.791340636411,0.124522565209,0,0.0
2011-07-21 14:15:01,0.896465706439,0.192005785848,0,0.0
2011-07-21 15:15:01,0.665230969614,0.159555556271,0,0.0
2011-07-21 16:15:01,0.593758564712,0.0658266290721,0,0.0
2011-07-21 17:15:01,0.569387656299,0.0220383050328,0,0.0
2011-07-21 18:15:01,0.634304010683,0.0708346978463,0,0.0
2011-07-21 22:15:01,0.486431017698,0.0931746288442,0,0.0
2011-07-22 00:15:01,0.422591891003,0.0569012843217,0,0.0
2011-07-22 01:15:01,0.486913311221,0.060583088698,0,0.0
2011-07-22 02:15:01,0.46735676419,0.0787510917846,0,0.0
2011-07-22 03:15:01,0.434363028666,0.0172187539318,0,0.0
2011-07-22 04:15:01,0.386714049044,0.136767484907,0,0.0
2011-07-22 05:15:01,0.369504587288,0.0651043155775,0,0.0
2011-07-22 06:15:01,0.397595454874,0.0644086809969,0,0.0
2011-07-22 07:15:01,0.410352632737,0.0011421766205,0,0.0
2011-07-22 08:15:01,0.423393177227,0.0278762408789,0,0.0
2011-07-22 09:15:01,0.491140774627,0.0888804417043,0,0.0
2011-07-22 10:15:01,0.468621217473,0.0783763987333,0,0.0
2011-07-22 11:15:01,0.580554113678,0.118250510457,0,0.0
2011-07-22 12:15:01,0.833853226071,0.200778672535,0,0.0
2011-07-22 13:15:01,0.896172284725,0.0648572955122,0,0.0
2011-07-22 14:15:01,0.767720788852,0.0384480262393,0,0.0
2011-07-22 15:15:01,0.56208989333,0.189612787262,0,0.0
2011-07-22 16:15:01,0.605598263972,0.00244208889321,0,0.0
2011-07-22 17:15:01,0.474154728687,0.224518821101,0,0.0
2011-07-22 18:15:01,0.527754990429,0.0509920176883,0,0.0
2011-07-22 19:15:01,0.570643559125,0.0117826470003,0,0.0
2011-07-22 20:15:01,0.487113274889,0.0450307878306,0,0.0
2011-07-22 21:15:01,0.446442694765,0.0154781705714,0,0.0
2011-07-22 22:15:01,0.493629595145,0.00452314575203,0,0.0
2011-07-22 23:15:01,0.416509432515,0.0950817367703,0,0.0
2011-07-23 03:15:01,0.471425611142,0.00179328550042,0,0.0
2011-07-23 05:15:01,0.429440714477,0.0919347976331,0,0.0
2011-07-23 06:15:01,0.432265331459,0.01722680813,0,0.0
2011-07-23 07:15:01,0.454228292268,0.00559457945039,0,0.0
2011-07-23 08:15:01,0.394017939728,0.0825334682922,0,0.0
2011-07-23 11:15:01,0.524489350397,0.141765425589,0,0.0
2011-07-23 12:15:01,0.634432981899,0.045341340229,0,0.0
2011-07-23 13:15:01,1.04193118459,0.411659666199,0,0.0
2011-07-23 14:15:01,0.90026207413,0.0825621992548,0,0.0
2011-07-23 15:15:01,0.801925327328,0.0898191335207,0,0.0
2011-07-23 16:15:01,0.664488563101,0.119919948614,0,0.0
2011-07-23 17:15:01,0.746938916439,0.0408001456549,0,0.0
2011-07-23 18:15:01,0.58430610608,0.185269698678,0,0.0
2011-07-23 19:15:01,0.551052096356,0.0707739075992,0,0.0
2011-07-23 20:15:01,0.539589028335,0.00246789031904,0,0.0
2011-07-23 21:15:01,0.458878228066,0.0559557358587,0,0.0
2011-07-23 22:15:01,0.508391976452,0.0985355651545,0,0.0
2011-07-23 23:15:01,0.455166495807,0.0944774377755,0,0.0
2011-07-24 00:15:01,0.354592054203,0.110033460271,0,0.0
2011-07-24 01:15:01,0.847647604173,0.338659016276,0,0.0
2011-07-24 02:15:01,0.623232870952,0.208946780311,0,0.0
2011-07-24 03:15:01,0.454925500145,0.0729652240674,0,0.0
2011-07-24 04:15:01,0.388240283175,0.0550406083979,0,0.0
2011-07-24 05:15:01,0.362204837798,0.1303810272,0,0.0
2011-07-24 06:15:01,0.38663181282,0.01817912154,0,0.0
2011-07-24 07:15:01,0.432720462465,0.047780814675,0,0.0
2011-07-24 08:15:01,0.463825888665,0.0250137264274,0,0.0
2011-07-24 09:15:01,0.5587072312,0.0674348734528,0,0.0
2011-07-24 10:15:01,0.537009158919,0.0209770792636,0,0.0
2011-07-24 11:15:01,0.668545698278,0.0669464895833,0,0.0
2011-07-24 12:15:01,1.00081699346,0.222616088244,0,0.0
2011-07-24 13:15:01,0.875236467932,0.178712021091,0,0.0
2011-07-24 14:15:01,0.940858277968,0.122554706496,0,0.0
2011-07-24 15:15:01,0.528411701639,0.326771069336,0,0.0
2011-07-24 16:15:01,0.65468678144,0.213825509164,0,0.0
2011-07-24 17:15:01,0.581666157293,0.128645695961,0,0.0
2011-07-24 18:15:01,0.514303731701,0.0279156755223,0,0.0
2011-07-24 19:15:01,0.461928980193,0.0457050987387,0,0.0
2011-07-24 20:15:01,0.422771996885,0.0788419573634,0,0.0
2011-07-24 21:15:01,0.411778295097,0.0362190795624,0,0.0
2011-07-24 22:15:01,0.422908418695,0.0756985605792,0,0.0
2011-07-24 23:15:01,0.373979374279,0.0518199972196,0,0.0
2011-07-25 00:15:01,0.392288088245,0.144713907657,0,0.0
2011-07-25 01:15:01,0.624979173708,0.129451582455,0,0.0
2011-07-25 02:15:01,0.467264498355,0.208803274534,0,0.0
2011-07-25 03:15:01,0.491341991342,0.093134819386,0,0.0
2011-07-25 04:15:01,0.380918382013,0.123659087513,0,0.0
2011-07-25 05:15:01,0.335816771323,0.0106596310394,0,0.0
2011-07-25 06:15:01,0.39575696898,0.0530779217519,0,0.0
2011-07-25 07:15:01,0.389068499632,0.0508400434908,0,0.0
2011-07-25 08:15:01,0.401918936275,0.0527220707511,0,0.0
2011-07-25 09:15:01,0.560098031871,0.0819746884693,0,0.0
2011-07-25 10:15:01,0.632278380734,0.0332595955825,0,0.0
2011-07-25 11:15:01,0.754956701996,0.0196156849134,0,0.0
2011-07-25 12:15:01,0.956091142046,0.16803505932,0,0.0
2011-07-25 13:15:01,0.993110160026,0.00504071549994,0,0.0
2011-07-25 14:15:01,0.89732544683,0.0386361592824,0,0.0
2011-07-25 15:15:01,0.677849823197,0.0841691731285,0,0.0
2011-07-25 16:15:01,0.61280505222,0.0286502126587,0,0.0
2011-07-25 17:15:01,0.554349758464,0.0366606937733,0,0.0
2011-07-25 18:15:01,0.455914446791,0.0370680001989,0,0.0
2011-07-25 19:15:01,0.464386331397,0.0118447453832,0,0.0
2011-07-25 20:15:01,0.401464711746,0.0399910054768,0,0.0
2011-07-25 21:15:01,0.359988588258,0.0332332945212,0,0.0
2011-07-25 22:15:01,0.403315849798,0.0207475139341,0,0.0
2011-07-25 23:15:01,0.396394253289,0.0510896763242,0,0.0
2011-07-26 00:15:01,0.345829294262,0.146112319158,0,0.0
2011-07-26 01:15:01,0.458796101136,0.00540034871165,0,0.0
2011-07-26 02:15:01,0.478773805802,0.0394521627542,0,0.0
2011-07-26 03:15:01,0.398860697414,0.0738502098335,0,0.0
2011-07-26 04:15:01,0.44840088318,0.0491273568846,0,0.0
2011-07-26 05:15:01,0.323450423714,0.13471770339,0,0.0
2011-07-26 06:15:01,0.365505482974,0.00765710891346,0,0.0
2011-07-26 07:15:01,0.394108235626,0.049904598271,0,0.0
2011-07-26 08:15:01,0.441997940672,0.0220175316614,0,0.0
2011-07-26 09:15:01,0.524900355719,0.0178772431199,0,0.0
2011-07-26 10:15:01,0.691827625706,0.0767126610251,0,0.0
2011-07-26 11:15:01,0.796475686699,0.0202920941888,0,0.0
2011-07-26 12:15:01,0.843537414966,0.0175838799132,0,0.0
2011-07-26 13:15:01,0.861174539371,0.0201508350949,0,0.0
2011-07-26 14:15:01,0.86726415966,0.0435336799317,0,0.0
2011-07-26 15:15:01,0.541147669817,0.190033249474,0,0.0
2011-07-26 16:15:01,0.620446859419,0.152469242603,0,0.0
2011-07-26 17:15:01,0.525748138561,0.0736341611291,0,0.0
2011-07-26 19:15:01,0.484852616211,0.0246492562597,0,0.0
2011-07-26 20:15:01,0.484225645719,0.0344109659091,0,0.0
2011-07-26 21:15:01,0.396638624414,0.0908284844264,0,0.0
2011-07-26 22:15:01,0.422340743999,0.0579563552587,0,0.0
2011-07-26 23:15:01,0.347862423243,0.146682305867,0,0.0
2011-07-27 00:15:01,0.355651253272,0.0181256923617,0,0.0
2011-07-27 01:15:01,0.472819637318,0.0252714064264,0,0.0
2011-07-27 02:15:01,0.42465090411,0.100886956602,0,0.0
2011-07-27 05:15:01,0.369590666017,0.0762459520129,0,0.0
2011-07-27 06:15:01,0.341975423207,0.0532531141248,0,0.0
2011-07-27 07:15:01,0.385071903859,0.000124247869822,0,0.0
2011-07-27 08:15:01,0.449638417028,0.0273433895662,0,0.0
2011-07-27 09:15:01,0.485024107731,0.00861623256787,0,0.0
2011-07-27 10:15:01,0.503880485702,0.0199475431678,0,0.0
2011-07-27 11:15:01,0.649875468026,0.0746101344536,0,0.0
2011-07-27 12:15:01,0.900444803882,0.21617243404,0,0.0
2011-07-27 13:15:01,0.921812066603,0.0287273697592,0,0.0
2011-07-27 14:15:01,0.799267434936,0.0888131533613,0,0.0
2011-07-27 15:15:01,0.5669058795,0.199376752187,0,0.0
2011-07-27 16:15:01,0.592411494104,0.0197629758216,0,0.0
2011-07-27 17:15:01,0.476107270232,0.106947074539,0,0.0
2011-07-27 18:15:01,0.491887576287,0.0460593628691,0,0.0
2011-07-27 19:15:01,0.475071540278,0.00323470681802,0,0.0
2011-07-27 20:15:01,0.447284149613,0.00668600194966,0,0.0
2011-07-27 21:15:01,0.478995312103,0.0244384742534,0,0.0
2011-07-27 22:15:01,0.44316906746,0.0523043635357,0,0.0
2011-07-27 23:15:01,0.362373551562,0.0739451650488,0,0.0
2011-07-28 00:15:01,0.353371351895,0.0780437064883,0,0.0
2011-07-28 01:15:01,0.500298235797,0.0869149346473,0,0.0
2011-07-28 02:15:01,0.453735304062,0.0845124722003,0,0.0
2011-07-28 03:15:01,0.444910788743,0.010457397307,0,0.0
2011-07-28 04:15:01,0.388427934987,0.0783724254436,0,0.0
2011-07-28 05:15:01,0.336372101252,0.0540356475336,0,0.0
2011-07-28 06:15:01,0.356857600543,0.0270871696562,0,0.0
2011-07-28 07:15:01,0.50117066916,0.0736571809386,0,0.0
2011-07-28 08:15:01,0.419210640281,0.124529693365,0,0.0
2011-07-28 09:15:01,0.606202190542,0.156160911996,0,0.0
2011-07-28 10:15:01,0.612685287889,0.0571497168593,0,0.0
2011-07-28 11:15:01,0.849234393404,0.180009790679,0,0.0
2011-07-28 12:15:01,1.19378143801,0.304047997632,0,0.0
2011-07-28 13:15:01,0.693728857663,0.424030219517,0,0.0
2011-07-28 14:15:01,0.830594474462,0.283133951499,0,0.0
2011-07-28 15:15:01,0.642496762959,0.162757769963,0,0.0
2011-07-28 16:15:01,0.549461019164,0.0344971242443,0,0.0
2011-07-28 17:15:01,0.471706205502,0.0413057605961,0,0.0
2011-07-28 18:15:01,0.523558103174,0.066566943829,0,0.0
2011-07-28 19:15:01,0.460153344327,0.0421669851741,0,0.0
2011-07-28 20:15:01,0.484955907773,0.0163940148238,0,0.0
2011-07-28 21:15:01,0.515769796423,0.0512489576122,0,0.0
2011-07-28 22:15:01,0.448284108066,0.0860159061313,0,0.0
2011-07-28 23:15:01,0.430648577052,0.0227185866417,0,0.0
2011-07-29 00:15:01,0.428464730929,0.0821019349042,0,0.0
2011-07-29 01:15:01,0.50383463487,0.0346319406617,0,0.0
2011-07-29 02:15:01,0.48908390281,0.039128885717,0,0.0
2011-07-29 03:15:01,0.430424920234,0.0410193698164,0,0.0
2011-07-29 04:15:01,0.421459720562,0.0224669674592,0,0.0
2011-07-29 05:15:01,0.38182361723,0.00380039632658,0,0.0
2011-07-29 06:15:01,0.414216287201,0.0835477797609,0,0.0
2011-07-29 07:15:01,0.429408844655,0.0117207480164,0,0.0
2011-07-29 08:15:01,0.536157500477,0.0450502419392,0,0.0
2011-07-29 09:15:01,0.72305326685,0.0817110811896,0,0.0
2011-07-29 10:15:01,0.796266588887,0.0419908597391,0,0.0
2011-07-29 11:15:01,1.03498390948,0.182106677402,0,0.0
2011-07-29 12:15:01,1.10071677602,0.0834957941395,0,0.0
2011-07-29 13:15:01,0.980824921978,0.000970882698587,0,0.0
2011-07-29 14:15:01,1.00210466131,0.163758448261,0,0.0
2011-07-29 15:15:01,0.734911682259,0.108037926821,0,0.0
2011-07-29 16:15:01,0.756412897909,0.146950283003,0,0.0
2011-07-29 17:15:01,0.59817101608,0.0849457817986,0,0.0
2011-07-29 18:15:01,0.673976028606,0.155365632672,0,0.0
2011-07-29 19:15:01,0.649754020916,0.0235896963998,0,0.0
2011-07-29 20:15:01,0.592631426905,0.0159533595843,0,0.0
2011-07-29 21:15:01,0.65991491423,0.109700131104,0,0.0
2011-07-29 22:15:01,0.626581379568,0.0359698217713,0,0.0
2011-07-29 23:15:01,0.578915126635,0.0134200756199,0,0.0
2011-07-30 00:15:01,0.608687044547,0.000672947262626,0,0.0
2011-07-30 01:15:01,0.670799943403,0.0568471493052,0,0.0
2011-07-30 02:15:01,0.640060585538,0.00560304805558,0,0.0
2011-07-30 03:15:01,0.659653508315,0.0633052448687,0,0.0
2011-07-30 04:15:01,0.475267844485,0.125171921049,0,0.0
2011-07-30 05:15:01,0.512949516523,0.0662212663811,0,0.0
2011-07-30 06:15:01,0.524415858356,0.0558067023805,0,0.0
2011-07-30 07:15:01,0.574065799941,0.0352007355907,0,0.0
2011-07-30 08:15:01,0.568731977426,0.0782152300198,0,0.0
2011-07-30 09:15:01,0.644472679623,0.00771931226799,0,0.0
2011-07-30 10:15:01,0.559871884315,0.183309483178,0,0.0
2011-07-30 11:15:01,0.969953850686,0.261551228591,0,0.0
2011-07-30 12:15:01,1.07140826653,0.0614389375755,0,0.0
2011-07-30 13:15:01,1.03096993273,0.0129381627404,0,0.0
2011-07-30 14:15:01,0.937015144758,0.0468455168697,0,0.0
2011-07-30 15:15:01,0.819120085845,0.027202102753,0,0.0
2011-07-30 16:15:01,0.683689190651,0.0349378592221,0,0.0
2011-07-30 17:15:01,0.535112398674,0.105030621859,0,0.0
2011-07-30 20:15:01,0.576377992756,0.0480898584741,0,0.0
2011-07-30 21:15:01,0.553529713893,0.0557256854148,0,0.0
2011-07-30 22:15:01,0.523731134272,0.00706547777536,0,0.0
2011-07-30 23:15:01,0.51688836525,0.0361443688828,0,0.0
2011-07-31 00:15:01,0.439294307061,0.0866536310824,0,0.0
2011-07-31 01:15:01,0.648390249655,0.122868212274,0,0.0
2011-07-31 02:15:01,0.581880306629,0.14622143672,0,0.0
2011-07-31 04:15:01,0.529118257924,0.0674326207036,0,0.0
2011-07-31 05:15:01,0.485536149182,0.0760341151178,0,0.0
2011-07-31 06:15:01,0.500015487422,0.0405723713848,0,0.0
2011-07-31 07:15:01,0.51460008046,0.0335920057377,0,0.0
2011-07-31 08:15:01,0.533621281078,0.0048908381866,0,0.0
2011-07-31 09:15:01,0.682004403246,0.109361331085,0,0.0
2011-07-31 10:15:01,0.630815315617,0.058529998131,0,0.0
2011-07-31 11:15:01,0.851473399697,0.21788494938,0,0.0
2011-07-31 12:15:01,1.02661392802,0.171834613169,0,0.0
2011-07-31 13:15:01,1.29937784256,0.299593166457,0,0.0
2011-07-31 14:15:01,0.901679325483,0.321735286115,0,0.0
2011-07-31 15:15:01,0.832724097616,0.0225377776658,0,0.0
2011-07-31 16:15:01,0.677929487521,0.187834159287,0,0.0
2011-07-31 17:15:01,0.635344512686,0.0173067788687,0,0.0
2011-07-31 18:15:01,0.541728069495,0.0430803309387,0,0.0
2011-07-31 19:15:01,0.557364618123,0.0621036033175,0,0.0
2011-07-31 20:15:01,0.611843812083,0.10069643537,0,0.0
2011-07-31 21:15:01,0.523288282779,0.0935042358904,0,0.0
2011-07-31 23:15:01,0.518364312775,0.0375097148205,0,0.0
2011-08-01 00:15:01,0.498728225752,0.0862898813134,0,0.0
2011-08-01 03:15:01,0.576555937381,0.0337721426574,0,0.0
2011-08-01 05:15:01,0.554290565277,0.103461362157,0,0.0
2011-08-01 06:15:01,0.476010861023,0.0723615681898,0,0.0
2011-08-01 07:15:01,0.449696671034,0.0627554128618,0,0.0
2011-08-01 08:15:01,0.551743210305,0.0649178610604,0,0.0
2011-08-01 09:15:01,0.756095103768,0.181707516333,0,0.0
2011-08-01 10:15:01,0.734396138798,0.0300976555591,0,0.0
2011-08-01 11:15:01,0.846458555842,0.124192860825,0,0.0
2011-08-01 12:15:01,1.1775573547,0.329529794768,0,0.0
2011-08-01 13:15:01,0.780463324214,0.277376781001,0,0.0
2011-08-01 14:15:01,1.00941909107,0.26261064254,0,0.0
2011-08-01 15:15:01,0.819694770134,0.226697859992,0,0.0
2011-08-01 16:15:01,0.764223282266,0.0901786422687,0,0.0
2011-08-01 17:15:01,0.663092200538,0.112533859206,0,0.0
2011-08-01 18:15:01,0.653564393467,0.0208391833995,0,0.0
2011-08-01 20:15:01,0.577674184768,0.0131935890034,0,0.0
2011-08-01 21:15:01,0.54488363266,0.000758620968679,0,0.0
2011-08-01 23:15:01,0.531751330342,0.0113552289847,0,0.0
2011-08-02 00:15:01,0.574685145904,0.0054053746377,0,0.0
2011-08-02 01:15:01,0.635687697157,0.0397035325054,0,0.0
2011-08-02 02:15:01,0.58853026189,0.0803245575165,0,0.0
2011-08-02 03:15:01,0.466300750966,0.0912002901157,0,0.0
2011-08-02 05:15:01,0.426776142971,0.0728982394808,0,0.0
2011-08-02 06:15:01,0.431905267695,0.0553497484412,0,0.0
2011-08-02 07:15:01,0.486788508189,0.0278032121866,0,0.0
2011-08-02 08:15:01,0.520916021747,0.051635147933,0,0.0
2011-08-02 09:15:01,0.631112923168,0.0315208690205,0,0.0
2011-08-02 10:15:01,0.787905664181,0.170429726368,0,0.0
2011-08-02 11:15:01,1.15101155113,0.351735061465,0,0.0
2011-08-02 12:15:01,1.40471250275,0.257497705597,0,0.0
2011-08-02 13:15:01,0.919172005914,0.307694471513,0,0.0
2011-08-02 14:15:01,0.930289680113,0.0464314437384,0,0.0
2011-08-02 15:15:01,0.911233169005,0.0354587417817,0,0.0
2011-08-02 16:15:01,0.562151951525,0.286221341062,0,0.0
2011-08-02 18:15:01,0.645033038997,0.112182179723,0,0.0
2011-08-02 19:15:01,0.648685752389,0.00615914948357,0,0.0
2011-08-02 20:15:01,0.541655156634,0.0402915135518,0,0.0
2011-08-02 21:15:01,0.629047798928,0.100128515748,0,0.0
2011-08-02 22:15:01,0.70048738269,0.069255763542,0,0.0
2011-08-02 23:15:01,0.53379122543,0.131592178145,0,0.0
2011-08-03 00:15:01,0.440444722304,0.125016576302,0,0.0
2011-08-03 01:15:01,0.719683930527,0.168641423209,0,0.0
2011-08-03 02:15:01,0.710997940534,0.0217206699448,0,0.0
2011-08-03 03:15:01,0.594979361314,0.0552396031111,0,0.0
2011-08-03 04:15:01,0.449055478674,0.12280038151,0,0.0
2011-08-03 05:15:01,0.477755007181,0.0275853162987,0,0.0
2011-08-03 06:15:01,0.503697983752,0.0242697780331,0,0.0
2011-08-03 07:15:01,0.600102091293,0.00763695063165,0,0.0
2011-08-03 08:15:01,0.561552932585,0.0391941221145,0,0.0
2011-08-03 09:15:01,0.79419877957,0.205473842183,0,0.0
2011-08-03 10:15:01,0.785667933624,0.122162344238,0,0.0
2011-08-03 11:15:01,1.13982041415,0.303239224723,0,0.0
2011-08-03 12:15:01,1.19103416667,0.0128267986802,0,0.0
2011-08-03 13:15:01,1.17852075751,0.0051522629013,0,0.0
2011-08-03 14:15:01,0.75004468933,0.262939720752,0,0.0
2011-08-03 15:15:01,0.817874388891,0.133046465177,0,0.0
2011-08-03 17:15:01,0.722743200455,0.00228331809302,0,0.0
2011-08-03 18:15:01,0.584243911365,0.0676539687996,0,0.0
2011-08-03 19:15:01,0.62690718902,0.117397880497,0,0.0
2011-08-03 20:15:01,0.583636953993,0.0504705754895,0,0.0
2011-08-03 21:15:01,0.638105501939,0.0767250706706,0,0.0
2011-08-03 22:15:01,0.553943354236,0.119865869037,0,0.0
2011-08-03 23:15:01,0.698302566298,0.142580334528,0,0.0
2011-08-04 00:15:01,0.585952461824,0.13721049348,0,0.0
2011-08-04 01:15:01,0.680807542384,0.0683864095925,0,0.0
2011-08-04 02:15:01,0.633855601382,0.0926553362002,0,0.0
2011-08-04 03:15:01,0.820624317284,0.204364928495,0,0.0
2011-08-04 04:15:01,0.557292109026,0.204161133535,0,0.0
2011-08-04 05:15:01,0.41470422161,0.0849686862286,0,0.0
2011-08-04 06:15:01,0.525180710389,0.0898352320191,0,0.0
2011-08-04 07:15:01,0.548682741313,0.075367346375,0,0.0
2011-08-04 08:15:01,0.556389097274,0.0249531775063,0,0.0
2011-08-04 09:15:01,0.671852412749,0.0276802958272,0,0.0
2011-08-04 10:15:01,0.815993714002,0.0935320709392,0,0.0
2011-08-04 11:15:01,0.893970122675,0.0347981970589,0,0.0
2011-08-04 12:15:01,1.08664281817,0.144990865917,0,0.0
2011-08-04 13:15:01,1.12298696319,0.0183456760803,0,0.0
2011-08-04 14:15:01,0.95005399809,0.0582880086917,0,0.0
2011-08-04 16:15:01,0.715950660979,0.110268702362,0,0.0
2011-08-04 17:15:01,0.795825740766,0.147454567721,0,0.0
2011-08-04 18:15:01,0.647634508959,0.0585464680337,0,0.0
2011-08-04 19:15:01,0.555697769319,0.0348889035608,0,0.0
2011-08-04 20:15:01,1.42072295982,0.8248426171,0,-0.11
2011-08-04 21:15:01,0.592265160479,0.619211196865,0,0.0
2011-08-04 22:15:01,0.568243786567,0.115809945678,0,0.0
2011-08-04 23:15:01,0.604767739087,0.0807513055889,0,0.0
2011-08-05 00:15:01,0.555048814747,0.0831165441142,0,0.0
2011-08-05 01:15:01,0.686409550046,0.105321911406,0,0.0
2011-08-05 02:15:01,0.664502043993,0.0990835784514,0,0.0
2011-08-05 03:15:01,0.751783059049,0.138109415568,0,0.0
2011-08-05 04:15:01,0.536707916534,0.168284761446,0,0.0
2011-08-05 05:15:01,0.584625706011,0.0723678022054,0,0.0
2011-08-05 06:15:01,0.543533656374,0.0478725996046,0,0.0
2011-08-05 07:15:01,0.541778547457,0.00823596956181,0,0.0
2011-08-05 08:15:01,0.611421644746,0.0366571616778,0,0.0
2011-08-05 09:15:01,0.726964468474,0.042877244666,0,0.0
2011-08-05 10:15:01,0.802952723852,0.085293323763,0,0.0
2011-08-05 11:15:01,1.0420973625,0.19692243115,0,0.0
2011-08-05 12:15:01,1.05794478293,0.0464357240185,0,0.0
2011-08-05 13:15:01,1.14759081927,0.183760181675,0,0.0
2011-08-05 14:15:01,0.995947810883,0.143576781445,0,0.0
2011-08-05 15:15:01,0.837924146178,0.0596351843811,0,0.0
2011-08-05 17:15:01,0.639849442198,0.0278604073672,0,0.0
2011-08-05 19:15:01,0.676064732772,0.0111162836612,0,0.0
2011-08-05 20:15:01,0.543911542172,0.0690261121511,0,0.0
2011-08-05 21:15:01,0.577292345427,0.0628685993697,0,0.0
2011-08-05 22:15:01,0.543720793978,0.102401334682,0,0.0
2011-08-05 23:15:01,0.574428235604,0.033317426213,0,0.0
2011-08-06 00:15:01,0.536694938229,0.0471971897973,0,0.0
2011-08-06 01:15:01,0.721242372337,0.160687200054,0,0.0
2011-08-06 02:15:01,0.719180486143,0.0104896675516,0,0.0
2011-08-06 03:15:01,0.664986357941,0.0995536105014,0,0.0
2011-08-06 04:15:01,0.675107829796,0.00244119375062,0,0.0
2011-08-06 05:15:01,0.568417908432,0.113230799444,0,0.0
2011-08-06 06:15:01,0.560745261334,0.0280932675423,0,0.0
2011-08-06 07:15:01,0.589784142503,0.00170601818415,0,0.0
2011-08-06 08:15:01,0.675166106392,0.0833473921514,0,0.0
2011-08-06 09:15:01,0.713929339861,0.0355724207128,0,0.0
2011-08-06 10:15:01,0.720525247971,0.0180385648705,0,0.0
2011-08-06 11:15:01,0.973101693998,0.200950587094,0,0.0
2011-08-06 12:15:01,1.04109900091,0.0459218124928,0,0.0
2011-08-06 13:15:01,1.10076528064,0.0503548478347,0,0.0
2011-08-06 15:15:01,0.858281143262,0.207651798525,0,0.0
2011-08-06 16:15:01,0.718258734174,0.10868683102,0,0.0
2011-08-06 17:15:01,0.652482726953,0.0479257197366,0,0.0
2011-08-06 18:15:01,0.603126873225,0.0106052658704,0,0.0
2011-08-06 19:15:01,0.615980506115,0.073175262486,0,0.0
2011-08-06 20:15:01,0.518617271676,0.057184256794,0,0.0
2011-08-06 21:15:01,0.612084186098,0.0883810433172,0,0.0
2011-08-06 22:15:01,0.6041011793,0.011080299678,0,0.0
2011-08-06 23:15:01,0.519409820872,0.0914733011722,0,0.0
2011-08-07 00:15:01,0.635188073777,0.0577150623678,0,0.0
2011-08-07 01:15:01,0.68608152933,0.0208823641754,0,0.0
2011-08-07 02:15:01,0.609118718996,0.110747780141,0,0.0
2011-08-07 03:15:01,0.582622271093,0.0402061096388,0,0.0
2011-08-07 04:15:01,0.598422475252,0.015461425288,0,0.0
2011-08-07 05:15:01,0.561157963103,0.0263493046145,0,0.0
2011-08-07 06:15:01,0.593355289604,0.0247330721258,0,0.0
2011-08-07 07:15:01,0.623050235785,0.00384504216337,0,0.0
2011-08-07 08:15:01,0.687373850639,0.037020269841,0,0.0
2011-08-07 09:15:01,0.665167658556,0.0548530377016,0,0.0
2011-08-07 10:15:01,0.849833024706,0.141031427775,0,0.0
2011-08-07 11:15:01,0.946772757303,0.0562689288129,0,0.0
2011-08-07 12:15:01,1.05214350573,0.0952161157879,0,0.0
2011-08-07 13:15:01,1.49678514312,0.436437717389,0,0.0
2011-08-07 14:15:01,0.867744078979,0.426798199765,0,0.0
2011-08-07 15:15:01,0.819632696943,0.131108645968,0,0.0
2011-08-07 16:15:01,0.74004421129,0.0305893267356,0,0.0
2011-08-07 17:15:01,0.705276178788,0.0516305837966,0,0.0
2011-08-07 18:15:01,0.648443555101,0.0257047916651,0,0.0
2011-08-07 19:15:01,0.55609604234,0.0728410085406,0,0.0
2011-08-07 20:15:01,0.624781661692,0.096757341342,0,0.0
2011-08-07 21:15:01,0.605392560095,0.0175476086625,0,0.0
2011-08-07 22:15:01,0.568348885355,0.0381739143127,0,0.0
2011-08-07 23:15:01,0.548749163255,0.0662663411903,0,0.0
2011-08-08 00:15:01,0.606434621799,0.00950681871213,0,0.0
2011-08-08 01:15:01,0.646378233592,0.0376979005777,0,0.0
2011-08-08 02:15:01,0.580301698869,0.0566336984103,0,0.0
2011-08-08 03:15:01,0.565836250493,0.00554301827919,0,0.0
2011-08-08 04:15:01,0.569189356342,0.00985065759966,0,0.0
2011-08-08 05:15:01,0.538710969129,0.0833689365577,0,0.0
2011-08-08 06:15:01,0.513768455929,0.0269105159203,0,0.0
2011-08-08 07:15:01,0.559171613811,0.0716980130695,0,0.0
2011-08-08 08:15:01,0.575195729644,0.0488350304879,0,0.0
2011-08-08 09:15:01,0.652947245764,0.0143865671875,0,0.0
2011-08-08 10:15:01,0.74503888758,0.031947840219,0,0.0
2011-08-08 11:15:01,0.857579554687,0.0313531445076,0,0.0
2011-08-08 12:15:01,0.875553118504,0.0870546410322,0,0.0
2011-08-08 13:15:01,0.854941413658,0.0415977876005,0,0.0
2011-08-08 14:15:01,0.790767678673,0.00275457525719,0,0.0
2011-08-08 16:15:01,0.712741698358,0.0101850874528,0,0.0
2011-08-08 17:15:01,0.615699781863,0.0304834708928,0,0.0
2011-08-08 18:15:01,0.595200849764,0.0115642448141,0,0.0
2011-08-08 19:15:01,0.634719459996,0.0339275997939,0,0.0
2011-08-08 20:15:01,0.547550792253,0.0678439585319,0,0.0
2011-08-08 21:15:01,0.590809094235,0.0434712388192,0,0.0
2011-08-08 22:15:01,0.570679942692,0.0297890702665,0,0.0
2011-08-08 23:15:01,0.54153421526,0.0463425928173,0,0.0
2011-08-09 00:15:01,0.536134186043,0.0465438355769,0,0.0
2011-08-09 01:15:01,0.58694728119,0.00304928373421,0,0.0
2011-08-09 02:15:01,0.599060021738,0.0165755541851,0,0.0
2011-08-09 03:15:01,0.578157413533,0.023554299816,0,0.0
2011-08-09 04:15:01,0.50181775834,0.0717074593406,0,0.0
2011-08-09 05:15:01,0.518201067593,0.00147083439558,0,0.0
2011-08-09 06:15:01,0.511505673511,0.0326954554119,0,0.0
2011-08-09 07:15:01,0.597075586726,0.0399067808223,0,0.0
2011-08-09 08:15:01,0.598728666922,0.019411681845,0,0.0
2011-08-09 09:15:01,0.783646778861,0.147130254093,0,0.0
2011-08-09 10:15:01,0.788622722111,0.0126708435928,0,0.0
2011-08-09 11:15:01,0.86311824481,0.0624839209362,0,0.0
2011-08-09 12:15:01,1.27301519137,0.398933347184,0,0.0
2011-08-09 14:15:01,0.88404025791,0.282803319352,0,0.0
2011-08-09 15:15:01,0.802570074162,0.037430389961,0,0.0
2011-08-09 16:15:01,0.723815454876,0.0380675252564,0,0.0
2011-08-09 17:15:01,0.661586612293,0.00354605810443,0,0.0
2011-08-09 18:15:01,0.617642290617,0.0205158370248,0,0.0
2011-08-09 19:15:01,0.629898957434,0.0354754185056,0,0.0
2011-08-09 20:15:01,0.601685026205,0.00591042206913,0,0.0
2011-08-09 21:15:01,0.645256582208,0.0585669028787,0,0.0
2011-08-09 22:15:01,0.590185964475,0.0506030467199,0,0.0
2011-08-09 23:15:01,0.620264322455,0.024725817651,0,0.0
2011-08-10 00:15:01,0.559184359065,0.061754419151,0,0.0
2011-08-10 01:15:01,0.590161480456,0.0276098372922,0,0.0
2011-08-10 02:15:01,0.591462623116,0.019446636479,0,0.0
2011-08-10 03:15:01,0.642369010583,0.0588835219195,0,0.0
2011-08-10 04:15:01,0.520049263822,0.0958571308148,0,0.0
2011-08-10 05:15:01,0.502427012098,0.0386115194781,0,0.0
2011-08-10 06:15:01,0.504466919255,0.0105686648767,0,0.0
2011-08-10 07:15:01,0.50623672691,0.0871821102639,0,0.0
2011-08-10 08:15:01,0.547044702758,0.0228613577512,0,0.0
2011-08-10 09:15:01,0.624164877273,0.00525511483226,0,0.0
2011-08-10 10:15:01,0.821473591903,0.101451735475,0,0.0
2011-08-10 11:15:01,0.962219823481,0.098618417838,0,0.0
2011-08-10 12:15:01,1.13254543144,0.149047726721,0,0.0
2011-08-10 13:15:01,0.946045959158,0.131440237331,0,0.0
2011-08-10 15:15:01,0.983489745003,0.132313897805,0,0.0
2011-08-10 17:15:01,0.82094562393,0.0702757033293,0,0.0
2011-08-10 18:15:01,0.730903856743,0.0240275192927,0,0.0
2011-08-10 19:15:01,0.625206071634,0.0203389361988,0,0.0
2011-08-10 20:15:01,0.731170579564,0.113369753515,0,0.0
2011-08-10 21:15:01,0.676400974391,0.00174366423071,0,0.0
2011-08-10 23:15:01,0.660492954703,0.0256703835115,0,0.0
2011-08-11 00:15:01,0.554590237895,0.0836430543958,0,0.0
2011-08-11 01:15:01,0.715748968801,0.122689959105,0,0.0
2011-08-11 02:15:01,0.552449342809,0.149745860847,0,0.0
2011-08-11 03:15:01,0.608818563823,0.0207472908983,0,0.0
2011-08-11 04:15:01,0.56535245238,0.0497622244934,0,0.0
2011-08-11 05:15:01,0.545612490685,0.047763551583,0,0.0
2011-08-11 06:15:01,0.521651179882,0.0201032145856,0,0.0
2011-08-11 07:15:01,0.577066436906,0.0300519096975,0,0.0
2011-08-11 08:15:01,0.649319201432,0.0908969638736,0,0.0
2011-08-11 09:15:01,0.761580436424,0.0906473169084,0,0.0
2011-08-11 10:15:01,0.958909403592,0.223311905609,0,0.0
2011-08-11 11:15:01,0.879025593085,0.0310494357218,0,0.0
2011-08-11 12:15:01,1.02881514616,0.167041382742,0,0.0
2011-08-11 14:15:01,1.12794638303,0.0802686707177,0,0.0
2011-08-11 15:15:01,0.806395267298,0.270590868742,0,0.0
2011-08-11 16:15:01,0.998546127412,0.181516304506,0,0.0
2011-08-11 17:15:01,0.797586425481,0.162570014138,0,0.0
2011-08-11 18:15:01,0.653892646469,0.0603666519957,0,0.0
2011-08-11 19:15:01,0.668489407469,0.0693565141266,0,0.0
2011-08-11 20:15:01,0.704774059598,0.0530849031244,0,0.0
2011-08-11 21:15:01,0.618160741346,0.0451333003495,0,0.0
2011-08-11 22:15:01,0.703522679277,0.0814290740734,0,0.0
2011-08-11 23:15:01,0.645565581113,0.0754960462312,0,0.0
2011-08-12 00:15:01,0.641368766824,0.00636886906943,0,0.0
2011-08-12 01:15:01,0.705282913257,0.0480119815166,0,0.0
2011-08-12 02:15:01,0.612891663325,0.0969079398344,0,0.0
2011-08-12 03:15:01,0.59561723886,0.00310412939037,0,0.0
2011-08-12 04:15:01,0.397505242902,0.201461066094,0,0.0
2011-08-12 05:15:01,0.4334602526,0.0257197657978,0,0.0
2011-08-12 06:15:01,0.452638011815,0.0308954289886,0,0.0
2011-08-12 07:15:01,0.554466657955,0.0525753377069,0,0.0
2011-08-12 08:15:01,0.762423745569,0.0996718786498,0,0.0
2011-08-12 09:15:01,0.743389683572,0.029002702731,0,0.0
2011-08-12 10:15:01,1.2398054085,0.416887098796,0,0.0
2011-08-12 11:15:01,1.24785288471,0.0192477034098,0,0.0
2011-08-12 13:15:01,1.56976504958,0.427174943666,0,0.0
2011-08-12 14:15:01,1.30445869153,0.104438199081,0,0.0
2011-08-12 15:15:01,0.913389056971,0.204293995182,0,0.0
2011-08-12 16:15:01,0.797229088648,0.0146366358165,0,0.0
2011-08-12 17:15:01,0.588670630441,0.157387681955,0,0.0
2011-08-12 18:15:01,0.621693121693,0.0898264498409,0,0.0
2011-08-12 19:15:01,0.561822051743,0.0102604050683,0,0.0
2011-08-12 21:15:01,0.586936754634,0.0329710533895,0,0.0
2011-08-12 22:15:01,0.510457600443,0.067134085358,0,0.0
2011-08-12 23:15:01,0.411906443438,0.145431361293,0,0.0
2011-08-13 00:15:01,0.481140662888,0.0525086151659,0,0.0
2011-08-13 01:15:01,0.727249846188,0.13336700392,0,0.0
2011-08-13 02:15:01,0.692740174194,0.0881175780888,0,0.0
2011-08-13 03:15:01,0.606669069316,0.0532307307105,0,0.0
2011-08-13 04:15:01,0.481597592012,0.110933440262,0,0.0
2011-08-13 05:15:01,0.452214871573,0.000790253401721,0,0.0
2011-08-13 06:15:01,0.503423930085,0.0124962131766,0,0.0
2011-08-13 07:15:01,0.592080023871,0.0536293860846,0,0.0
2011-08-13 08:15:01,0.670440067671,0.0345989553446,0,0.0
2011-08-13 09:15:01,0.781322734271,0.0189621593153,0,0.0
2011-08-13 10:15:01,1.12155162029,0.286097985473,0,0.0
2011-08-13 11:15:01,1.14461358314,0.0156720182155,0,0.0
2011-08-13 12:15:01,2.3458511804,1.0,0,-0.11
2011-08-13 13:15:01,1.78017877028,0.287129742204,0,0.0
2011-08-13 15:15:01,1.16344626108,0.26693381698,0,0.0
2011-08-13 17:15:01,0.80366590851,0.145791037286,0,0.0
2011-08-13 18:15:01,0.835319293809,0.113921557,0,0.0
2011-08-13 19:15:01,0.61608130586,0.0344564254892,0,0.0
2011-08-13 20:15:01,0.551187458629,0.0522074817448,0,0.0
2011-08-13 21:15:01,0.496627535469,0.00607362325126,0,0.0
2011-08-13 22:15:01,0.471666183154,0.00446034402683,0,0.0
2011-08-13 23:15:01,0.646252600178,0.14910005422,0,0.0
2011-08-14 00:15:01,0.610524145889,0.0515034113915,0,0.0
2011-08-14 01:15:01,0.740457772665,0.0973214291247,0,0.0
2011-08-14 02:15:01,0.67648312914,0.151520847276,0,0.0
2011-08-14 03:15:01,0.6999543225,0.0267640806758,0,0.0
2011-08-14 04:15:01,0.581878572182,0.0624793498164,0,0.0
2011-08-14 05:15:01,0.574517129817,0.0397460319065,0,0.0
2011-08-14 06:15:01,0.588103546132,0.0121494166832,0,0.0
2011-08-14 07:15:01,0.682825589466,0.130376689731,0,0.0
2011-08-14 08:15:01,0.702503350973,0.0178940746111,0,0.0
2011-08-14 09:15:01,0.811665071193,0.013818866732,0,0.0
2011-08-14 10:15:01,0.959159638626,0.100525826381,0,0.0
2011-08-14 11:15:01,1.13891248326,0.0740119931863,0,0.0
2011-08-14 12:15:01,1.31995254103,0.0496695116582,0,0.0
2011-08-14 13:15:01,1.14913574749,0.238420227434,0,0.0
2011-08-14 14:15:01,1.17398097723,0.0795670690327,0,0.0
2011-08-14 15:15:01,0.910558605102,0.161958654598,0,0.0
2011-08-14 16:15:01,0.786068674769,0.0345605728263,0,0.0
2011-08-14 17:15:01,0.809601949747,0.154432114717,0,0.0
2011-08-14 18:15:01,0.755417840119,0.0900573150771,0,0.0
2011-08-14 19:15:01,0.749192553692,0.0741960542031,0,0.0
2011-08-14 20:15:01,0.665563624108,0.0180004681338,0,0.0
2011-08-14 21:15:01,0.721558658688,0.084128317618,0,0.0
2011-08-14 22:15:01,0.685192621577,0.0214991635709,0,0.0
2011-08-14 23:15:01,0.557077450057,0.145686024484,0,0.0
2011-08-15 01:15:01,0.636081308305,0.0092673573636,0,0.0
2011-08-15 02:15:01,0.667131109384,0.0220658135353,0,0.0
2011-08-15 03:15:01,0.735076057078,0.0611669561146,0,0.0
2011-08-15 04:15:01,0.580668384959,0.0961226148172,0,0.0
2011-08-15 05:15:01,0.579281629473,0.00608814429956,0,0.0
2011-08-15 06:15:01,0.602451454238,0.00445453042955,0,0.0
2011-08-15 07:15:01,0.644382914486,0.0326939106477,0,0.0
2011-08-15 08:15:01,0.714276606054,0.011739645278,0,0.0
2011-08-15 09:15:01,0.848933518167,0.0518191797638,0,0.0
2011-08-15 10:15:01,0.966559247715,0.0412607436276,0,0.0
2011-08-15 11:15:01,1.05050887436,0.0383574392241,0,0.0
2011-08-15 12:15:01,1.04251488078,0.036531571343,0,0.0
2011-08-15 14:15:01,0.932878270762,0.107123214965,0,0.0
2011-08-15 15:15:01,0.826720919972,0.0854683353357,0,0.0
2011-08-15 16:15:01,0.776904573404,0.0266205735587,0,0.0
2011-08-15 17:15:01,0.716201992703,0.00601812320929,0,0.0
2011-08-15 18:15:01,0.711605913562,0.0302663404623,0,0.0
2011-08-15 19:15:01,0.708530490055,0.0224822648861,0,0.0
2011-08-15 20:15:01,0.663736975075,0.0203801303451,0,0.0
2011-08-15 21:15:01,0.622400018566,0.0410483508524,0,0.0
2011-08-15 22:15:01,0.607611681058,0.0395956934407,0,0.0
2011-08-15 23:15:01,0.611072281173,0.0268614340108,0,0.0
2011-08-16 00:15:01,0.563604798437,0.0584142854537,0,0.0
2011-08-16 01:15:01,0.686922142397,0.079913831617,0,0.0
2011-08-16 02:15:01,0.675897036319,0.0189010544034,0,0.0
2011-08-16 03:15:01,0.667313844917,0.00118272731345,0,0.0
2011-08-16 04:15:01,0.628226199954,0.0375028744086,0,0.0
2011-08-16 05:15:01,0.595912441675,0.0342048978567,0,0.0
2011-08-16 06:15:01,0.634416844861,0.015220356674,0,0.0
2011-08-16 07:15:01,0.685898336104,0.00831334192098,0,0.0
2011-08-16 08:15:01,0.826101318279,0.0872183509908,0,0.0
2011-08-16 09:15:01,0.892529350396,0.0338623071996,0,0.0
2011-08-16 10:15:01,1.12081818742,0.179358633931,1,0.862098587352
2011-08-16 11:15:01,1.12547861639,0.030578350992,1,0.0
2011-08-16 12:15:01,1.12175474239,0.0583019201494,1,0.0
2011-08-16 13:15:01,1.05128934078,0.017116583244,1,0.0
2011-08-16 14:15:01,0.966681309319,0.0215992679586,1,0.0
2011-08-16 15:15:01,0.990511125266,0.126836153696,1,0.0
2011-08-16 16:15:01,0.879749252927,0.0159677697603,1,0.0
2011-08-16 17:15:01,0.714478939876,0.0481747259118,1,0.0
2011-08-16 18:15:01,0.877238546553,0.191580132342,1,0.0
2011-08-16 19:15:01,0.725744019401,0.0733696382807,1,0.0
2011-08-16 20:15:01,0.761700055415,0.0786296964725,1,0.0
2011-08-16 21:15:01,0.714732926186,0.00402270450107,1,0.0
2011-08-16 22:15:01,0.676804863428,0.019660415143,1,0.0
2011-08-16 23:15:01,0.711416021227,0.0413416011256,1,0.0
2011-08-17 00:15:01,0.607743520633,0.0930802102483,1,0.0
2011-08-17 01:15:01,0.736028088655,0.0957246977695,1,0.0
2011-08-17 02:15:01,0.66488033209,0.0635883167431,1,0.0
2011-08-17 03:15:01,0.619237027662,0.0335690414087,1,0.0
2011-08-17 04:15:01,0.550742015432,0.0707689850357,1,0.0
2011-08-17 05:15:01,0.555550082264,0.0335935479774,1,0.0
2011-08-17 06:15:01,0.616679440644,0.0179791862193,1,0.0
2011-08-17 07:15:01,0.693236714976,0.0243638909961,1,0.0
2011-08-17 08:15:01,0.810488810541,0.0202954697369,1,0.0
2011-08-17 09:15:01,0.932629669333,0.0290009708458,1,0.0
2011-08-17 10:15:01,1.10551712253,0.0891104678293,1,0.0
2011-08-17 11:15:01,1.24432225675,0.148142810348,1,0.0
2011-08-17 12:15:01,1.07751682008,0.0718421294358,1,0.0
2011-08-17 13:15:01,0.993365801281,0.000225539298477,1,0.0
2011-08-17 14:15:01,1.03636422863,0.102459687887,1,0.0
2011-08-17 15:15:01,0.927039239851,0.0213840491914,1,0.0
2011-08-17 16:15:01,0.821436448207,0.0104841948687,1,0.0
2011-08-17 18:15:01,0.762617399275,0.00169862004778,1,0.0
2011-08-17 19:15:01,0.714061062878,0.00689382329873,1,0.0
2011-08-17 20:15:01,0.735661201354,0.0443998178213,1,0.0
2011-08-17 21:15:01,0.666658952973,0.0597112934964,1,0.0
2011-08-17 22:15:01,0.621769977351,0.0358671173295,1,0.0
2011-08-17 23:15:01,0.548446739751,0.0826698165767,1,0.0
2011-08-18 00:15:01,0.544978141492,0.0539963127655,1,0.0
2011-08-18 01:15:01,0.758639317537,0.150215493792,1,0.0
2011-08-18 02:15:01,0.732381898533,0.0173881870629,1,0.0
2011-08-18 03:15:01,0.570647047727,0.110418461825,1,0.0
2011-08-18 04:15:01,0.534028307408,0.0386388350588,1,0.0
2011-08-18 05:15:01,0.542765533075,0.0230883035564,1,0.0
2011-08-18 06:15:01,0.567515064457,0.0343627867433,1,0.0
2011-08-18 07:15:01,0.683516370065,0.0229191380004,1,0.0
2011-08-18 08:15:01,0.718008272579,0.0342039519824,1,0.0
2011-08-18 09:15:01,0.936216066342,0.106069293031,1,0.0
2011-08-18 10:15:01,0.977670956737,0.0193723237624,1,0.0
2011-08-18 11:15:01,0.953869233654,0.0479825592061,1,0.0
2011-08-18 12:15:01,0.958412841486,0.0166484426202,1,0.0
2011-08-18 13:15:01,0.982262310647,0.0217664689764,1,0.0
2011-08-18 14:15:01,0.944170398835,0.00440828938513,1,0.0
2011-08-18 15:15:01,0.712214878216,0.131131130042,1,0.0
2011-08-18 16:15:01,0.779245317679,0.0969348329786,1,0.0
2011-08-18 18:15:01,0.770476887313,0.0148271321825,1,0.0
2011-08-18 20:15:01,0.772785581145,0.0574733574968,1,0.0
2011-08-18 21:15:01,0.792569185776,0.0582644758203,1,0.0
2011-08-18 22:15:01,0.892232194744,0.111870129997,1,0.0
2011-08-18 23:15:01,0.928590112477,0.103298553035,1,0.0
2011-08-19 00:15:01,0.809001110711,0.019274865368,1,0.0
2011-08-19 01:15:01,0.773142351037,0.0282434639324,1,0.0
2011-08-19 02:15:01,0.68364500895,0.0507437739605,1,0.0
2011-08-19 03:15:01,0.666356498685,0.0305304481671,1,0.0
2011-08-19 04:15:01,0.602663491936,0.0398784796123,1,0.0
2011-08-19 05:15:01,0.615586216743,0.0403328531142,1,0.0
2011-08-19 06:15:01,0.680106983428,0.0702922702682,1,0.0
2011-08-19 07:15:01,0.715438473764,0.0425896595034,1,0.0
2011-08-19 08:15:01,0.778365849468,0.0420064175976,1,0.0
2011-08-19 09:15:01,0.940738025415,0.105598204201,1,0.0
2011-08-19 10:15:01,1.06431149513,0.0776487959076,1,0.0
2011-08-19 11:15:01,1.03322345475,0.0109444495254,1,0.0
2011-08-19 12:15:01,1.06920531499,0.0692470481113,1,0.0
2011-08-19 13:15:01,0.90248188841,0.098380521721,1,0.0
2011-08-19 14:15:01,0.948048756512,0.0763148509174,1,0.0
2011-08-19 15:15:01,0.940754216038,0.0450509339759,1,0.0
2011-08-19 16:15:01,0.934222809879,0.0694222362954,1,0.0
2011-08-19 18:15:01,5.49754000266,1.0,1,0.0
2011-08-19 19:15:01,0.863326087315,0.430592275692,1,0.0
2011-08-19 20:15:01,0.703298738091,0.0675851431069,1,0.0
2011-08-19 21:15:01,0.713623326394,0.0232292210928,1,0.0
2011-08-19 22:15:01,0.654695043258,0.0195845712277,1,0.0
2011-08-19 23:15:01,0.674132038136,0.0181351716857,1,0.0
2011-08-20 00:15:01,0.662703093534,0.00101537476564,1,0.0
2011-08-20 01:15:01,0.794094232044,0.0237438117586,1,0.0
2011-08-20 02:15:01,0.682984438197,0.0168344942417,1,0.0
2011-08-20 03:15:01,0.668096114705,0.0141795061613,1,0.0
2011-08-20 04:15:01,0.644444815845,0.00444224528773,1,0.0
2011-08-20 05:15:01,0.631821336803,0.02114835155,1,0.0
2011-08-20 06:15:01,0.664079704752,0.0445988597599,1,0.0
2011-08-20 07:15:01,0.691809112522,0.0116752024487,1,0.0
2011-08-20 08:15:01,0.731047520971,0.0144164897669,1,0.0
2011-08-20 09:15:01,0.916183652659,0.028601198333,1,0.0
2011-08-20 10:15:01,1.12615701063,0.00250720322578,1,0.0
2011-08-20 11:15:01,1.37892666256,0.070115475136,1,0.0
2011-08-20 12:15:01,1.48058619127,0.013371814688,1,0.0
2011-08-20 13:15:01,1.11576620573,0.0235234937583,1,0.0
2011-08-20 14:15:01,1.10130283386,0.0220745295533,1,0.0
2011-08-20 15:15:01,0.917978202373,0.0232042351849,1,0.0
2011-08-20 16:15:01,0.868671626148,0.0521034623934,1,0.0
2011-08-20 17:15:01,0.804527172255,0.0891549622152,1,0.0
2011-08-20 18:15:01,0.745593099694,0.0787546722173,1,0.0
2011-08-20 19:15:01,0.693628880174,0.0421151661759,1,0.0
2011-08-20 20:15:01,0.713280266363,0.0165909668122,1,0.0
2011-08-20 21:15:01,0.69452314481,0.03279012037,1,0.0
2011-08-20 22:15:01,0.676418731136,0.0229637531689,1,0.0
2011-08-20 23:15:01,0.705210678675,0.019330009172,1,0.0
2011-08-21 00:15:01,0.693664559433,0.0085497535139,1,0.0
2011-08-21 01:15:01,0.741737529738,0.00857185627128,1,0.0
2011-08-21 02:15:01,0.740867235598,0.00640773866601,1,0.0
2011-08-21 03:15:01,0.755155629406,0.00781138629067,1,0.0
2011-08-21 04:15:01,0.663611083149,0.0160464300685,1,0.0
2011-08-21 05:15:01,0.645370135798,0.0143824607061,1,0.0
2011-08-21 06:15:01,0.649619761544,0.0169823610447,1,0.0
2011-08-21 07:15:01,0.70872257412,0.0054123899645,1,0.0
2011-08-21 08:15:01,0.692568813021,0.0267418809197,1,0.0
2011-08-21 09:15:01,0.739975603038,0.0261093242867,1,0.0
2011-08-21 10:15:01,1.07428499644,0.0307754511501,1,0.0
2011-08-21 11:15:01,1.29783044803,0.0426382988411,1,0.0
2011-08-21 12:15:01,1.18176109093,0.000959102242104,1,0.0
2011-08-21 13:15:01,1.29187384737,0.0452756688011,1,0.0
2011-08-21 15:15:01,0.937208385358,0.0292716109244,1,0.0
2011-08-21 16:15:01,0.91911195455,0.0120503571832,1,0.0
2011-08-21 17:15:01,0.755583102096,0.0123732501218,1,0.0
2011-08-21 18:15:01,0.745270462145,0.0064515127848,1,0.0
2011-08-21 19:15:01,0.710554099813,0.00479583726155,1,0.0
2011-08-21 20:15:01,0.658328261736,0.001926915873,1,0.0
2011-08-21 21:15:01,0.724803116745,0.0153133615624,1,0.0
2011-08-21 22:15:01,0.705354280218,0.000841326975438,1,0.0
2011-08-21 23:15:01,0.689806462107,0.00801648285683,1,0.0
2011-08-22 00:15:01,0.60689583826,0.0277985050558,1,0.0
2011-08-22 01:15:01,0.651337689557,0.00743902311321,1,0.0
2011-08-22 02:15:01,0.62934487776,0.014344056002,1,0.0
2011-08-22 03:15:01,0.62372916466,0.00908083229847,1,0.0
2011-08-22 04:15:01,0.577398944823,0.0159963980702,1,0.0
2011-08-22 05:15:01,0.572886854195,0.0141072980214,1,0.0
2011-08-22 06:15:01,0.594058752156,0.0127513116273,1,0.0
2011-08-22 07:15:01,0.582907570831,0.0175731731882,1,0.0
2011-08-22 08:15:01,0.734216695443,0.0081597542252,1,0.0
2011-08-22 09:15:01,0.806454982244,0.00304381801895,1,0.0
2011-08-22 10:15:01,0.969068717606,0.016650765713,1,0.0
2011-08-22 11:15:01,0.849613756806,0.0342898049463,1,0.0
2011-08-22 12:15:01,0.890577507599,0.0173956491039,1,0.0
2011-08-22 13:15:01,0.972369871643,0.00229400077498,1,0.0
2011-08-22 15:15:01,0.830408286317,0.0222039182109,1,0.0
2011-08-22 16:15:01,0.790874543276,0.00442546817824,1,0.0
2011-08-22 17:15:01,0.868033239748,0.0275088143377,1,0.0
2011-08-22 18:15:01,0.753268013611,0.00118576328322,1,0.0
2011-08-22 19:15:01,0.75341096872,0.0120876624618,1,0.0
2011-08-22 20:15:01,0.723666685969,0.00282661418343,1,0.0
2011-08-22 21:15:01,0.641627543036,0.0136099850979,1,0.0
2011-08-22 22:15:01,0.793713273077,0.0260879364926,1,0.0
2011-08-22 23:15:01,0.778934874729,0.00969045935301,1,0.0
2011-08-23 00:15:01,0.710999652634,0.00256869319864,1,0.0
2011-08-23 01:15:01,0.703201657157,0.00409801960889,0,0.0
2011-08-23 02:15:01,0.669306023229,0.00104852854873,0,0.0
2011-08-23 03:15:01,0.623246944026,0.008431974794,0,0.0
2011-08-23 04:15:01,0.59842770237,0.00696783424469,0,0.0
2011-08-23 05:15:01,0.618625761565,0.002577325267,0,0.0
2011-08-23 06:15:01,0.673907341691,0.0092592383513,0,0.0
2011-08-23 07:15:01,0.776481358143,0.0219995412232,0,0.0
2011-08-23 08:15:01,0.904231856983,0.0299088164504,0,0.0
2011-08-23 09:15:01,1.29383792352,0.0927804444677,0,0.0
2011-08-23 10:15:01,1.13551430877,0.0105860390095,0,0.0
2011-08-23 11:15:01,1.0251356609,0.00383720909403,0,0.0
2011-08-23 12:15:01,1.18905411994,0.0479639765621,0,0.0
2011-08-23 13:15:01,1.27127243107,0.0555820251274,0,0.0
2011-08-23 14:15:01,1.15911742747,0.0253397030974,0,0.0
2011-08-23 16:15:01,1.05845536275,0.0201816660387,0,0.0
2011-08-23 17:15:01,0.926634493627,0.00384424690689,0,0.0
2011-08-23 18:15:01,0.776918970136,0.00905499747278,0,0.0
2011-08-23 19:15:01,0.928010146312,0.0414934382551,0,0.0
2011-08-23 20:15:01,0.838158380029,0.00634782650707,0,0.0
2011-08-23 21:15:01,0.819862464009,0.00907115658751,0,0.0
2011-08-23 22:15:01,0.69970306261,0.0172669434893,0,0.0
2011-08-23 23:15:01,0.842383353699,0.0270390296333,0,0.0
2011-08-24 00:15:01,0.792468794781,0.00425981977331,0,0.0
2011-08-24 01:15:01,0.713359095889,0.00972945342489,0,0.0
2011-08-24 02:15:01,0.704135949192,0.00499738736882,0,0.0
2011-08-24 03:15:01,0.641155335986,0.010947252215,0,0.0
2011-08-24 04:15:01,0.634568795601,0.00825286072306,0,0.0
2011-08-24 05:15:01,0.645873833534,0.00365108068154,0,0.0
2011-08-24 06:15:01,0.6590434368,0.0068209254041,0,0.0
2011-08-24 07:15:01,0.812906195196,0.0121645899468,0,0.0
2011-08-24 08:15:01,0.881111571307,0.00244991688892,0,0.0
2011-08-24 09:15:01,1.24918386562,0.060309418148,0,0.0
2011-08-24 10:15:01,1.36501420903,0.0438479492758,0,0.0
2011-08-24 11:15:01,1.95241011285,0.153543243168,0,0.0
2011-08-24 12:15:01,1.54697912263,0.00590544649977,0,0.0
2011-08-24 13:15:01,1.5651661815,0.0477585136352,0,0.0
2011-08-24 15:15:01,1.22446525543,0.0178501484965,0,0.0
2011-08-24 16:15:01,1.1562087199,0.0125187153791,0,0.0
2011-08-24 17:15:01,1.33774834437,0.0749288637778,0,0.0
2011-08-24 18:15:01,1.03148188994,0.00134284550982,0,0.0
2011-08-24 19:15:01,0.935049971832,0.0104401800139,0,0.0
2011-08-24 20:15:01,0.711196895617,0.0231181857024,0,0.0
2011-08-24 21:15:01,0.767570958313,0.00849777391527,0,0.0
2011-08-24 22:15:01,0.735954907513,0.00603618087148,0,0.0
2011-08-24 23:15:01,0.77345193875,0.00206284495035,0,0.0
2011-08-25 00:15:01,0.692628331902,0.0205268786141,0,0.0
2011-08-25 01:15:01,0.824416895061,0.0233082092064,0,0.0
2011-08-25 02:15:01,0.730707604827,0.00664295594972,0,0.0
2011-08-25 03:15:01,0.715088082545,0.00148534157875,0,0.0
2011-08-25 04:15:01,0.744875421318,0.00202618922404,0,0.0
2011-08-25 05:15:01,0.737488743085,0.00569169654754,0,0.0
2011-08-25 06:15:01,0.717183548371,0.0207860411653,0,0.0
2011-08-25 07:15:01,0.833624102622,0.00784706760102,0,0.0
2011-08-25 08:15:01,0.953373503323,0.00696283778661,0,0.0
2011-08-25 09:15:01,1.31115307189,0.0543725715356,0,0.0
2011-08-25 10:15:01,1.16843727867,0.0321122691814,0,0.0
2011-08-25 11:15:01,1.0374018924,0.0627046872104,0,0.0
2011-08-25 12:15:01,1.07353824758,0.0321642560656,0,0.0
2011-08-25 13:15:01,1.18426544594,0.00282385945683,0,0.0
2011-08-25 15:15:01,0.81995711885,0.0651518916676,0,0.0
2011-08-25 16:15:01,1.08679580518,0.0403827712805,0,0.0
2011-08-25 17:15:01,1.2173424085,0.0512808266517,0,0.0
2011-08-25 18:15:01,1.00456228294,0.0076692889449,0,0.0
2011-08-25 19:15:01,1.03477665107,0.0269505866967,0,0.0
2011-08-25 20:15:01,0.948686262348,0.0100761674338,0,0.0
2011-08-25 21:15:01,0.993665532552,0.0305936060663,0,0.0
2011-08-25 22:15:01,0.903960473484,0.0075718183187,0,0.0
2011-08-25 23:15:01,0.788313159199,0.0102779549953,0,0.0
2011-08-26 00:15:01,0.798556558757,0.00754126618203,0,0.0
2011-08-26 01:15:01,0.734166131373,0.0055042076844,0,0.0
2011-08-26 02:15:01,0.742638615815,0.000330896359337,0,0.0
2011-08-26 03:15:01,0.675874389581,0.0138013512853,0,0.0
2011-08-26 04:15:01,0.705817989883,0.00702248595461,0,0.0
2011-08-26 05:15:01,0.727232396299,0.00676700739949,0,0.0
2011-08-26 06:15:01,0.753356912152,0.00332471022707,0,0.0
2011-08-26 07:15:01,0.875354972671,0.0132985162232,0,0.0
2011-08-26 08:15:01,0.925335068588,0.00175868209873,0,0.0
2011-08-26 10:15:01,1.19420541076,0.0441228651393,0,0.0
2011-08-26 11:15:01,0.851330505206,0.0617130233272,0,0.0
2011-08-26 12:15:01,1.31130509932,0.0715227237598,0,0.0
2011-08-26 13:15:01,1.18812702098,0.00943478811133,0,0.0
2011-08-26 14:15:01,1.10183903133,0.00392792178379,0,0.0
2011-08-26 15:15:01,1.05379013513,0.00549444051692,0,0.0
2011-08-26 16:15:01,1.07217664514,0.0137727210615,0,0.0
2011-08-26 17:15:01,0.789734929311,0.0485373574209,0,0.0
2011-08-26 18:15:01,0.890166131849,0.0069846787816,0,0.0
2011-08-26 19:15:01,0.920508307487,0.00529847772376,0,0.0
2011-08-26 20:15:01,0.950929806345,0.0132215633755,0,0.0
2011-08-26 21:15:01,0.822102406411,0.0151050766316,0,0.0
2011-08-26 22:15:01,0.826540433576,0.000838968713665,0,0.0
2011-08-26 23:15:01,0.791927711761,0.00361752928471,0,0.0
2011-08-27 00:15:01,0.702807204893,0.0167096257127,0,0.0
2011-08-27 01:15:01,0.864523887721,0.0288674300424,0,0.0
2011-08-27 02:15:01,0.809851903585,0.00316415338304,0,0.0
2011-08-27 03:15:01,0.758690430787,0.00158794574708,0,0.0
2011-08-27 04:15:01,0.80677831628,0.00812904258442,0,0.0
2011-08-27 05:15:01,0.688049770453,0.0177883346814,0,0.0
2011-08-27 06:15:01,0.81968980524,0.0102026012469,0,0.0
2011-08-27 07:15:01,0.821442694794,0.00847855648274,0,0.0
2011-08-27 08:15:01,1.06152614064,0.0355704717793,0,0.0
2011-08-27 09:15:01,1.44317491332,0.0906678900097,0,0.0
2011-08-27 10:15:01,1.22704597643,0.00220624945043,0,0.0
2011-08-27 11:15:01,1.58093752585,0.0889856839122,0,0.0
2011-08-27 12:15:01,1.51858142365,0.0419127472717,0,0.0
2011-08-27 13:15:01,1.06284454245,0.0524152943296,0,0.0
2011-08-27 14:15:01,1.29828215868,0.052477263963,0,0.0
2011-08-27 15:15:01,1.17357031987,0.0189189379858,0,0.0
2011-08-27 16:15:01,0.938417521965,0.0102325667881,0,0.0
2011-08-27 17:15:01,0.719759087413,0.030754652991,0,0.0
2011-08-27 18:15:01,0.793253640139,0.0114508983015,0,0.0
2011-08-27 19:15:01,0.821043529075,0.00695285242189,0,0.0
2011-08-27 20:15:01,0.77728705129,0.00754556182963,0,0.0
2011-08-27 21:15:01,0.761011905195,0.0105596732057,0,0.0
2011-08-27 22:15:01,0.794456554147,0.00309799751323,0,0.0
2011-08-27 23:15:01,0.71510777014,0.0152120349988,0,0.0
2011-08-28 00:15:01,0.670100640381,0.0203625969347,0,0.0
2011-08-28 01:15:01,0.54761579658,0.0398247828983,0,0.0
2011-08-28 17:15:01,0.849284090378,0.0369298556593,0,0.0
2011-08-28 18:15:01,0.852476609926,0.00241805046416,0,0.0
2011-08-28 19:15:01,0.805305280552,0.00474437389133,0,0.0
2011-08-28 20:15:01,0.889728282553,0.0107130612594,0,0.0
2011-08-28 21:15:01,0.778613508361,0.0331815530264,0,0.0
2011-08-28 22:15:01,0.685767835952,0.0522141504742,0,0.0
2011-08-28 23:15:01,0.726981575893,0.0458312977658,0,0.0
2011-08-29 00:15:01,0.645975352581,0.0708626244719,0,0.0
2011-08-29 01:15:01,0.777534142894,0.033150560704,0,0.0
2011-08-29 02:15:01,0.723113114405,0.0454923638677,0,0.0
2011-08-29 03:15:01,0.831905214884,0.00859607144529,0,0.0
2011-08-29 04:15:01,0.674230251552,0.0478849919176,0,0.0
2011-08-29 05:15:01,0.71415081987,0.0179170408395,0,0.0
2011-08-29 06:15:01,0.795823883546,0.00455384809263,0,0.0
2011-08-29 07:15:01,0.853323981424,0.0154846836641,0,0.0
2011-08-29 08:15:01,1.03638510945,0.0517143364247,0,0.0
2011-08-29 09:15:01,1.16972027756,0.0633542182366,0,0.0
2011-08-29 10:15:01,1.37015829137,0.0873380328849,0,0.0
2011-08-29 11:15:01,1.19479416172,0.020808665261,0,0.0
2011-08-29 12:15:01,1.50872750294,0.104865651815,0,0.0
2011-08-29 13:15:01,1.25480461243,0.0225362325949,0,0.0
2011-08-29 14:15:01,1.18351258787,0.0334265419515,0,0.0
2011-08-29 15:15:01,0.838183770344,0.0285841538178,0,0.0
2011-08-29 16:15:01,1.05843861494,0.0580352835449,0,0.0
2011-08-29 17:15:01,1.1154608336,0.0464135021059,0,0.0
2011-08-29 18:15:01,0.87860810131,0.0145244112106,0,0.0
2011-08-29 19:15:01,1.09936880724,0.0513310068787,0,0.0
2011-08-29 20:15:01,0.87085318709,0.0126838442608,0,0.0
2011-08-29 21:15:01,0.843596628444,0.00310978162908,0,0.0
2011-08-29 22:15:01,0.777040471902,0.00423328033935,0,0.0
2011-08-29 23:15:01,0.688557936796,0.0152135268184,0,0.0
2011-08-30 00:15:01,0.697836804319,0.0065406331763,0,0.0
2011-08-30 01:15:01,0.771217121712,0.0110913057628,0,0.0
2011-08-30 02:15:01,0.694660626848,0.0154453157358,0,0.0
2011-08-30 03:15:01,0.786323057256,0.0135580713795,0,0.0
2011-08-30 04:15:01,0.654660190687,0.0333726416318,0,0.0
2011-08-30 05:15:01,0.72306000212,0.00801082508913,0,0.0
2011-08-30 06:15:01,0.774674210709,0.0136270701593,0,0.0
2011-08-30 07:15:01,0.884858627959,0.00135185671,0,0.0
2011-08-30 08:15:01,1.08493710832,0.0185669702408,0,0.0
2011-08-30 09:15:01,1.14704937346,0.0100548639644,0,0.0
2011-08-30 10:15:01,1.40645395214,0.051357328699,0,0.0
2011-08-30 11:15:01,0.967981387104,0.0719544356148,0,0.0
2011-08-30 12:15:01,1.75374564605,0.149817804056,0,0.0
2011-08-30 13:15:01,1.22262717456,0.0351567847713,0,0.0
2011-08-30 15:15:01,1.2477794358,0.0286175888261,0,0.0
2011-08-30 16:15:01,1.04428573933,0.00861259121838,0,0.0
2011-08-30 17:15:01,0.924926251082,0.00588233081309,0,0.0
2011-08-30 18:15:01,1.20389636883,0.0633147134697,0,0.0
2011-08-30 19:15:01,0.936448977169,0.015222921313,0,0.0
2011-08-30 21:15:01,0.869768173712,0.00965301822596,0,0.0
2011-08-30 22:15:01,0.820539262738,0.00110492546233,0,0.0
2011-08-30 23:15:01,0.855369516046,0.0139348956796,0,0.0
2011-08-31 00:15:01,0.961147001986,0.0364288217673,0,0.0
2011-08-31 01:15:01,0.958316270557,0.0250059006788,0,0.0
2011-08-31 02:15:01,0.814787274063,0.0151936862566,0,0.0
2011-08-31 03:15:01,0.771593377122,0.00751912593075,0,0.0
2011-08-31 04:15:01,0.766299657727,0.00119676940951,0,0.0
2011-08-31 05:15:01,0.724229465703,0.00793836424645,0,0.0
2011-08-31 06:15:01,0.792862195384,0.00331990136294,0,0.0
2011-08-31 07:15:01,0.942622099425,0.0286580595385,0,0.0
2011-08-31 08:15:01,1.14142180366,0.0379482057751,0,0.0
2011-08-31 09:15:01,1.50385784428,0.0905275386582,0,0.0
2011-08-31 10:15:01,1.32986869524,0.000178203935451,0,0.0
2011-08-31 11:15:01,1.35511366926,0.0127844330055,0,0.0
2011-08-31 12:15:01,1.30690884147,0.000113185170863,0,0.0
2011-08-31 13:15:01,1.36129882778,0.015636918243,0,0.0
2011-08-31 14:15:01,1.26118176226,0.00115873954503,0,0.0
2011-08-31 15:15:01,1.29325090898,0.0292309669527,0,0.0
2011-08-31 16:15:01,1.13162826786,0.00330488666739,0,0.0
2011-08-31 17:15:01,0.878180273521,0.0279932831327,0,0.0
2011-08-31 19:15:01,1.00724076188,0.0273537055833,0,0.0
2011-08-31 20:15:01,0.82977849928,0.0253640782417,0,0.0
2011-08-31 21:15:01,0.791770492231,0.0145530750649,0,0.0
2011-08-31 22:15:01,0.776412218566,0.00878626496799,0,0.0
2011-08-31 23:15:01,1.01967346467,0.0485659787296,0,0.0
2011-09-01 00:15:01,0.672524767707,0.0527317159114,0,0.0
2011-09-01 01:15:01,0.805459791968,0.00458486608813,0,0.0
2011-09-01 02:15:01,0.697760708058,0.0292891307684,0,0.0
2011-09-01 03:15:01,0.671198221878,0.020353648206,0,0.0
2011-09-01 04:15:01,0.686612619056,0.0142043618288,0,0.0
2011-09-01 05:15:01,0.730138629699,0.00231344469134,0,0.0
2011-09-01 06:15:01,0.773151750973,0.00616910358732,0,0.0
2011-09-01 07:15:01,0.920818621438,0.0111729665909,0,0.0
2011-09-01 08:15:01,1.05974998234,0.00733246308154,0,0.0
2011-09-01 09:15:01,1.25720738674,0.0238025691033,0,0.0
2011-09-01 10:15:01,1.69107806691,0.0883973441529,0,0.0
2011-09-01 13:15:01,1.38872596255,0.0219640365829,0,0.0
2011-09-01 18:15:01,1.18474325929,0.0296475941411,0,0.0
2011-09-01 19:15:01,1.00755614801,0.0361891950174,0,0.0
2011-09-01 20:15:01,0.889925459781,0.0325116351925,0,0.0
2011-09-01 21:15:01,0.879357863581,0.0142016318229,0,0.0
2011-09-01 22:15:01,0.813560856853,0.0125576061482,0,0.0
2011-09-01 23:15:01,0.668334950547,0.033095756388,0,0.0
2011-09-02 00:15:01,0.634700519233,0.014253674034,0,0.0
2011-09-02 01:15:01,0.710229977153,0.0047924352134,0,0.0
2011-09-02 02:15:01,0.697412833033,0.00919807234605,0,0.0
2011-09-02 03:15:01,0.725219217625,0.010108576265,0,0.0
2011-09-02 04:15:01,0.60871199833,0.039348698303,0,0.0
2011-09-02 05:15:01,0.636974122101,0.014315316782,0,0.0
2011-09-02 06:15:01,0.841129477074,0.0344201887729,0,0.0
2011-09-02 07:15:01,0.771209479568,0.000873979890873,0,0.0
2011-09-02 08:15:01,1.02627235945,0.0564271499713,0,0.0
2011-09-02 09:15:01,1.38391615999,0.102148490959,0,0.0
2011-09-02 10:15:01,1.70182048664,0.117719599325,0,0.0
2011-09-02 11:15:01,1.30911498665,0.00763419135789,0,0.0
2011-09-02 12:15:01,1.44916720916,0.0506065206894,0,0.0
2011-09-02 13:15:01,1.10994932226,0.0405620456349,0,0.0
2011-09-02 14:15:01,1.20104749435,0.00665589558574,0,0.0
2011-09-02 15:15:01,1.00461581227,0.0432573575759,0,0.0
2011-09-02 16:15:01,1.24974971635,0.0400063372104,0,0.0
2011-09-02 17:15:01,0.930537334322,0.0370583098289,0,0.0
2011-09-02 18:15:01,0.696674235341,0.0390769806971,0,0.0
2011-09-02 19:15:01,1.90695503664,0.250700077923,0,0.0
2011-09-02 20:15:01,1.14246709184,0.0337132343753,0,0.0
2011-09-02 21:15:01,1.11277858928,0.0106315191978,0,0.0
2011-09-02 22:15:01,0.694990722636,0.0574683628537,0,0.0
2011-09-02 23:15:01,1.1243682849,0.0846079296051,0,0.0
2011-09-03 00:15:01,1.63223166525,0.155129503486,0,0.0
2011-09-03 01:15:01,1.12621421132,0.00648906917012,0,0.0
2011-09-03 02:15:01,1.22375614029,0.0422723747782,0,0.0
2011-09-03 03:15:01,0.836308743265,0.0347501936484,0,0.0
2011-09-03 04:15:01,0.764508533837,0.026194000972,0,0.0
2011-09-03 05:15:01,0.824846108339,0.00373971839888,0,0.0
2011-09-03 06:15:01,0.858898956181,0.00732773909286,0,0.0
2011-09-03 07:15:01,1.06302492473,0.0153565082867,0,0.0
2011-09-03 08:15:01,1.40538621285,0.0578534560664,0,0.0
2011-09-03 09:15:01,1.74459064633,0.0859120880355,0,0.0
2011-09-03 10:15:01,2.03489870008,0.104380160006,0,0.0
2011-09-03 11:15:01,1.93540664402,0.047778499448,0,0.0
2011-09-03 12:15:01,2.27425030493,0.135251905663,0,0.0
2011-09-03 13:15:01,2.14033402306,0.072227168313,0,0.0
2011-09-03 14:15:01,1.77426028471,0.024695971849,0,0.0
2011-09-03 15:15:01,1.25941144301,0.0396686412538,0,0.0
2011-09-03 16:15:01,1.02897679946,0.0150044224938,0,0.0
2011-09-03 17:15:01,0.924615076404,0.0205988434043,0,0.0
2011-09-03 18:15:01,0.909732905845,0.0180594873836,0,0.0
2011-09-03 19:15:01,0.869216123697,0.0245820348906,0,0.0
2011-09-03 20:15:01,0.541295740253,0.0834764623764,0,0.0
2011-09-03 21:15:01,1.1777566405,0.0848819777138,0,0.0
2011-09-03 22:15:01,1.13735222856,0.00832659502654,0,0.0
2011-09-03 23:15:01,0.890667031052,0.0586408530975,0,0.0
2011-09-04 00:15:01,0.610490083267,0.101515698358,0,0.0
2011-09-04 01:15:01,0.909803400811,0.00940984263058,0,0.0
2011-09-04 02:15:01,0.997966281743,0.0121189468595,0,0.0
2011-09-04 03:15:01,0.760097226529,0.0304263146852,0,0.0
2011-09-04 04:15:01,0.695617328423,0.0304764899809,0,0.0
2011-09-04 05:15:01,0.756014604219,0.0184996991345,0,0.0
2011-09-04 06:15:01,0.79008464589,0.0403056604934,0,0.0
2011-09-04 07:15:01,0.917348874571,0.0368275409027,0,0.0
2011-09-04 08:15:01,1.13719366386,0.019230844523,0,0.0
2011-09-04 09:15:01,1.42018674399,0.00500024603575,0,0.0
2011-09-04 10:15:01,1.62974773646,0.0092999226198,0,0.0
2011-09-04 11:15:01,2.39951967225,0.151149844619,0,0.0
2011-09-04 12:15:01,1.90579824839,0.0244786445696,0,0.0
2011-09-04 13:15:01,1.41094529283,0.0658480883659,0,0.0
2011-09-04 14:15:01,1.51420659222,0.0410958447281,0,0.0
2011-09-04 15:15:01,0.907680196378,0.0684088027213,0,0.0
2011-09-04 16:15:01,0.949640701076,0.023034094314,0,0.0
2011-09-04 17:15:01,0.853479545072,0.0185355002808,0,0.0
2011-09-04 19:15:01,0.734071967028,0.00383730700597,0,0.0
2011-09-04 21:15:01,0.664832645575,0.0168055671473,0,0.0
2011-09-04 22:15:01,0.751175591232,0.00306606292028,0,0.0
2011-09-04 23:15:01,0.699932102092,0.0343111450613,0,0.0
2011-09-05 00:15:01,0.512007082519,0.0632691384944,0,0.0
2011-09-05 01:15:01,0.768525925193,0.00621579669039,0,0.0
2011-09-05 02:15:01,0.720969190212,0.0184724745626,0,0.0
2011-09-05 03:15:01,0.834640838517,0.0184690988778,0,0.0
2011-09-05 04:15:01,0.627736806898,0.0394320443002,0,0.0
2011-09-05 05:15:01,0.651203112053,0.0202800750702,0,0.0
2011-09-05 06:15:01,0.830826437039,0.0137817764594,0,0.0
2011-09-05 07:15:01,0.708797528226,0.0383456965556,0,0.0
2011-09-05 08:15:01,0.914809516084,0.00445425095601,0,0.0
2011-09-05 09:15:01,1.19163674636,0.0358923385133,0,0.0
2011-09-05 10:15:01,1.64855351909,0.0766939807565,0,0.0
2011-09-05 11:15:01,1.75118246316,0.0295711949469,0,0.0
2011-09-05 12:15:01,2.23766160764,0.104976028878,0,0.0
2011-09-05 13:15:01,1.66328470303,0.0622750905581,0,0.0
2011-09-05 15:15:01,0.832920669506,0.156759796086,0,0.0
2011-09-05 17:15:01,0.933893576278,0.0126417860528,0,0.0
2011-09-05 18:15:01,0.689506085719,0.0277235450532,0,0.0
2011-09-05 19:15:01,0.768903526829,0.0266368074586,0,0.0
2011-09-05 20:15:01,0.698904886719,0.00913147889252,0,0.0
2011-09-05 21:15:01,0.681318152131,0.00727567834544,0,0.0
2011-09-05 22:15:01,0.570423466165,0.0181460765368,0,0.0
2011-09-05 23:15:01,0.63045223235,0.00363870422603,0,0.0
2011-09-06 01:15:01,0.614224788781,0.0203922296572,0,0.0
2011-09-06 02:15:01,0.655868229912,0.00849863956813,0,0.0
2011-09-06 03:15:01,0.693436352057,0.0114164684645,0,0.0
2011-09-06 04:15:01,0.611312925873,0.0230975527728,0,0.0
2011-09-06 05:15:01,0.807827692044,0.0314779274909,0,0.0
2011-09-06 06:15:01,0.653708482915,0.0234763325321,0,0.0
2011-09-06 07:15:01,0.937306761036,0.0377572379772,0,0.0
2011-09-06 08:15:01,1.34108358121,0.0875606670029,0,0.0
2011-09-06 09:15:01,1.47226847333,0.0592791882926,0,0.0
2011-09-06 10:15:01,1.72638563622,0.0839943186568,0,0.0
2011-09-06 11:15:01,1.3196855493,0.0410339789405,0,0.0
2011-09-06 12:15:01,1.262905036,0.0341365598821,0,0.0
2011-09-06 14:15:01,1.2017614271,0.0415531367315,0,0.0
2011-09-06 15:15:01,1.10625236699,0.049996318866,0,0.0
2011-09-06 16:15:01,1.45940072715,0.0645731039869,0,0.0
2011-09-06 17:15:01,1.09848556824,0.0110488070363,0,0.0
2011-09-06 18:15:01,0.953394382083,0.00718238512424,0,0.0
2011-09-06 19:15:01,0.878863784275,0.0234671604377,0,0.0
2011-09-06 20:15:01,1.12067995176,0.0788944655566,0,0.0
2011-09-06 21:15:01,0.991837847317,0.0109329025206,0,0.0
2011-09-06 22:15:01,0.831665933419,0.0112006753833,0,0.0
2011-09-06 23:15:01,0.60047251793,0.0386960928024,0,0.0
2011-09-07 00:15:01,0.555876363857,0.0124254621815,0,0.0
2011-09-07 01:15:01,0.823805154231,0.0503539725508,0,0.0
2011-09-07 02:15:01,0.678606401328,0.014070623998,0,0.0
2011-09-07 03:15:01,0.687514096173,0.014814686154,0,0.0
2011-09-07 04:15:01,0.657496548202,0.0228063727036,0,0.0
2011-09-07 05:15:01,0.75337310206,0.0048594449925,0,0.0
2011-09-07 06:15:01,0.8787691939,0.00983464891315,0,0.0
2011-09-07 07:15:01,1.14312883039,0.0404866246828,0,0.0
2011-09-07 08:15:01,1.15805690626,0.0113412550763,0,0.0
2011-09-07 09:15:01,1.63436764871,0.078095575307,0,0.0
2011-09-07 10:15:01,1.74975517548,0.0457050001746,0,0.0
2011-09-07 11:15:01,2.01440045625,0.099280863869,0,0.0
2011-09-07 12:15:01,1.49396356503,0.0302301898432,0,0.0
2011-09-07 13:15:01,0.908472003661,0.0935411703497,0,0.0
2011-09-07 14:15:01,1.34644468314,0.0707071855386,0,0.0
